[2026-03-18 10:43:01] Lead stored successfully (both tables) {"lead_id":"TeSter-123-ABCDEFGHIJKLMNOPQRSTUVWXYZ-abcdefghijklmnopqrstuvwxyz-0123456789-AaBbCcDdEeFfGgHhIiJjKkLl"}
[2026-03-18 10:43:33] Lead stored successfully (both tables) {"lead_id":"TeSter-123-ABCDEFGHIJKLMNOPQRSTUVWXYZ-abcdefghijklmnopqrstuvwxyz-0123456789-AaBbCcDdEeFfGgHhIiJjKkLl"}
[2026-03-18 10:44:50] Lead stored successfully (both tables) {"lead_id":"012de882c916af757623ed057693851d0646b09db2786faa8dd51267791a566d9eb3a465806068f95a2397709b611b0ab43a898951d8ae1aee73e7d48609187863c19d4e21a1d1b71ee7c5a79d10881836aa57b722c74c21f77728216f03e8a307835dda6b049537bd6ebc7bc561688836"}
[2026-03-18 10:52:29] Duplicate lead ignored {"lead_id":"TeSter-123-ABCDEFGHIJKLMNOPQRSTUVWXYZ-abcdefghijklmnopqrstuvwxyz-0123456789-AaBbCcDdEeFfGgHhIiJjKkLl"}
[2026-03-18 10:52:38] Lead stored successfully (both tables) {"lead_id":"TeSter-123-ABCDEFGHIJKLMNOPQRSTUVWXYZ-abcdefghijklmnopqrstuvwxyz-0123456789-AaBbCcDdEeFfGgHhIiJjKkLl"}
[2026-03-18 11:19:21] Lead stored successfully (both tables) {"lead_id":"012de882c997a9ba5d3d20882b406752f7d5386bb818ec94fcbfe97786bdeecfe8f0753b9f7f5a50f7b7c9c4e3ed9526a7b2e5d88766beb1a1366c277578f08b74df0fa0e052416823aa6382033b4ff26a7d05793d323daf3e688b1cd83b07d76becd33d50996b2dcdd7e3bee4f71f1ba1"}
[2026-03-18 11:21:28] Lead stored successfully (both tables) {"lead_id":"012de882c95f97d3242ac019013e22bdc5fd3aa7cc1a350e30cf03507623bd9944c6e81e571700f67453bdf88a5e7ca3bcdcd60691e1c4d357324c11a5784dbf305bd3e8826f6f8a2dd59dc92e1313235e866bdf78e2a2a2de14335f1251ec2ae10bb5325791d09daec97ab7f26cb7dad1"}
[2026-03-18 11:52:07] Lead stored successfully (both tables) {"lead_id":"012de882c9c2114820bc7f5253c1ddd7bbc9c742aad835f64f25ecfadce05429df60d255ec18d9688cdc63481276eddb77866253d2db02c1b0c2616e2ef5baa281ad049c68c61579c1860c9de3a602ab46adc9dabd822a7ef94e51c7383e513957f549ada70865bb8daed0fde1a783fad7"}
[2026-03-18 12:49:50] Lead stored successfully (both tables) {"lead_id":"012de882c9f4aced73414d0facf08b7079c145541fa6bcf9a485d6935c8094c6e6cb8102c6006dad206eff453ef833b9849e8d1947312adbba50728b68989711cebfcb11825aedc441c0e9ef875b86dd5ec467040a5dcd075094f152de9a95decb257b7437feafcb6f0f350a1cecb4d547"}
[2026-03-18 12:55:19] Lead stored successfully (both tables) {"lead_id":"012de882c9a3a632616aa0da49b39db2e2b8b59a07278356cb720117a8b28c5da414850c581b93c76dbf1512b1cfab3f1b96d18017005cf63ed855c12af3d9e510022d786b36b03a83df16b54231c5cba2c71fe4eb29d17a5d14282ed98c9ecc3612810a5508c625cc9e17b06d30509b8a"}
[2026-03-18 13:05:43] Lead stored successfully (both tables) {"lead_id":"012de882c9cad3a11701cb065eb20ed8ce8f5e85815421ff0d5ab7ecd4feb4bd285ad68c780fa45648d79d18c5d6054b7007d9291353411a6d5dff829a12dc369f5cf7a77c91be9f070e3a9701cac717970bcc6c0be95d7e10f8a0cc06f40cdc40bac8871ba56213c27f587179df9641fd"}
[2026-03-18 13:11:15] Lead stored successfully (both tables) {"lead_id":"012de882c9ee2930cae1e54a8e62e39fb4976e0ff43d502b0e6a4054c202acef6a0a2d51118b30ca792979a8f27a0aaa5fab7127dfce71249675ad498a752311250f350c6969535173b59edb2ba4bef33aa9ce0b87c056fb164b8ee944ca8052b4fd94edcb3008039f8af013c6ad5b9275"}
[2026-03-18 13:39:44] Lead stored successfully (both tables) {"lead_id":"012de882c9dec27d11696efd7ff8028e24d8176b9f78dd83836c1d846aa51d2fa53707b2cb22ae8143bfeaa241c340554c41a2efc73ad77d1ca01960f4158889bc7693eb97afc60221f35dd0615cbcd44d7720e306a6d36d722a689bad8ec1210790a017f7c996c5ba900e104668733914"}
[2026-03-19 05:18:11] Lead stored successfully (both tables) {"lead_id":"012de882c9b40c594aac5897754927ba531fa1ba46dc16cba657bbab926ca088faaf8e28b38a9bc84e0626049013d0fadc4415c053f549da232d3ca41ee61ae8d6cfdb8d602268714fb2f1df2f413cdf0671806a3230cc4f0a5c76cd5744b79ee390ca0752ec0d6459ca7e35a6c0866bc8"}
[2026-03-19 05:19:07] Lead stored successfully (both tables) {"lead_id":"012de882c9b79da98e79f422dc2ad533e2e1bfbefeb636bc5a76290e6299f7e2be0c224bc7155be6d4b220c6c49a97704529b685ce6c0e0e1a3694703a7a7a41a4b78032aeba1d91076c1a779d04c6fa04354961b590b26edd8cf6f6c99f9513c1d91266b7d8ab84c466c294f5cc52111b"}
[2026-03-19 05:19:55] Lead stored successfully (both tables) {"lead_id":"012de882c90c6cf5447f7345a8bfc80bf5a61d9b0ed7e1853255d1e03b3577996ce7be9aaa895fffa97fcfc85b14ad4b0886664a3c86375c77756c266759fe145f7da3bb7b2a61e3d712e7b8980304b1d3ae2335f22ea82d698f8dbc5ec2a38e023af5c88c2013bab941665be4106a23dd"}
[2026-03-19 06:09:58] Lead stored successfully (both tables) {"lead_id":"012de882c9ef44b11f3acf54f0d4cb1349b63002acb47219e38b791178534ee2ac35785fcac2630a4fd29bb6495155717a9d3123fb4c8752f252756ad9aaf3ef85c4cd4f6a76d35b087542148c10cd0b659abb5bae6fdd96c24a46a0b82d66d8a521c443c4134a1a54708bc63623efdcf9"}
[2026-03-19 06:11:51] Lead stored successfully (both tables) {"lead_id":"012de882c99684b4a29bfce26831c6ff5dcc5aa08363c7034b868d8e23ec3887b6d20ab2b6310db0a8eda1f9c30120c9c0cc66b5dd71f79098519d68c9484a4923cb206c532d91d569518a598445023324f9c0b0322fc4c2420862b45f2bd35fff306503f265fc45114f928cdc165520c3"}
[2026-03-19 06:12:21] Lead stored successfully (both tables) {"lead_id":"012de882c99069720ac5f4dcfd1a72fa9d3be329e3743b632bb6bb8e29eef51209f9a35cfdb0907f75526cfcb0a9c46f46f6e8b7d68ac05e5a53387b9ac168a83958e26cf560399e2807d46d8dc1b1ad2849e32bbc81d1e00cdc88dd537d6a7c3c43b40ab75b7dd5cec7c2547039b0050e"}
[2026-03-19 06:12:35] Duplicate lead ignored {"lead_id":"012de882c99069720ac5f4dcfd1a72fa9d3be329e3743b632bb6bb8e29eef51209f9a35cfdb0907f75526cfcb0a9c46f46f6e8b7d68ac05e5a53387b9ac168a83958e26cf560399e2807d46d8dc1b1ad2849e32bbc81d1e00cdc88dd537d6a7c3c43b40ab75b7dd5cec7c2547039b0050e"}
[2026-03-19 06:14:07] Lead stored successfully (both tables) {"lead_id":"012de882c9ef1c3737d4f8e08ae1903f56b5233e84e45fdcefa6c27a03d6ebf48041ce30f7d3fda7ff32ecc2a8d15286f11e445cd6d9c57ff054593e8a8cedf6df30b2b3a7a5517e9adac1505dd24a92395737d14e1776f2fabab9b5fed0fd04e7811395f6dbb026e970e3744e54a302b8"}
[2026-03-19 06:20:37] Lead stored successfully (both tables) {"lead_id":"012de882c992c242929ab517f9be265b329607f2a4aea138dd6ca910a5a98372ed4b98c2e7c7b468ebbb5a83f4867fa97dabc7f2798fbed99c7bf1fb63155d6669f71129d5150daa59d5d0e6c4bb21bddf9bdace238ca368398a7aeb1c870e4898dd9773404414e23762b605b867807580"}
[2026-03-19 06:38:21] Lead stored successfully (both tables) {"lead_id":"012de882c93ca4e7dc09905bf08d296c5bf77517c25836c45d546c9802271a9df70093a781b4113af1bc34936b6a7513ce6be089d1dcaf61c89e6da9973510157dee36981a0416085c5d39997ece3d591291f5d5123eb1ad98faf67075ee98e0ab0dbf0aeb0a43c2e20953c5300273d655"}
[2026-03-19 06:41:24] Lead stored successfully (both tables) {"lead_id":"012de882c9494bf4876882fb602fa358f3017d1bd6c5e42a2a01968423d09a87570f8635a28aa30a6e9de7fcf6db671b009845093cb7f96504e9aabb8589aa2a753db4d7653b919a6ad49f2263ebfd705c987a84c6c6940dbf0f4ebb3ccf3fe5a6d3d09ad147ed414669363f7b85b70353"}
[2026-03-19 07:17:50] Lead stored successfully (both tables) {"lead_id":"012de882c97de7c9b686945ef988d55ac50ba71dc6c67d70e19bcf2a7da12574cccbc5a31aeaa61cd672b1306d22015ae19c863b1bbda04a5a092991c95a1072214193124ce4807386ab37e80df0c0b93ac3320ace219efef16f56dee0408ba1bea399bf3e37dbf53dd75f68a3ce64330e"}
[2026-03-19 07:21:04] Lead stored successfully (both tables) {"lead_id":"012de882c91faf31aec4f14c58c54494b26f5de4ff4e837bb8e4bd71498ff26b3eed15eb9f565410f44c5e599cfa2d019c6b04e281937ad743baaf1783cf3b0b02e658d4e82082e031497d0d06e66d58ce772b6995069493ed2d62087d315ad1ab9608f4bfaaa2df83d49edc31b1427a9c"}
[2026-03-19 07:25:06] Lead stored successfully (both tables) {"lead_id":"012de882c914adc3fdcc7a53731b83d1f6a6b6215ec6fd4c639292e73b3eee6637e3feb1fcbf7108690508887aaa058a378b66d5b03313901958cc0ef512b87d1fdad560441b81a4c734aaf58db7475915b3184381eb1a14da4805462b3c3e5b862376702fe519d346273702297ef628e9"}
[2026-03-19 07:26:29] Lead stored successfully (both tables) {"lead_id":"012de882c9c8ff328b82098cf0e216d5fb117f584dc6902f66aba271844bd8319e43d07ffd748c37092cb2701edb0eb2297a6c089855cbd98fa2e9423288c0e2a262644167706970758d293de12bbd7425f24427e5de9b524d0d0b71ac71ef7033d0fd05927dfa8d860cd64219ace0ca45"}
[2026-03-19 07:36:46] Lead stored successfully (both tables) {"lead_id":"012de882c92da5ff9480d9a7f64a0c51532f632a5ad06446d63412409932b9e38a44e2d7cc0037d028dba92d6ecb5aa03dbdd7c21338264b01340348d469fd50ab29931276e8e6e84d87ea20c8a0271cace30e1243f8766e917c63920f307e59a17dda8eac7de683d48cbd8e0fb9351d37"}
[2026-03-19 07:46:38] Lead stored successfully (both tables) {"lead_id":"012de882c91eefc76e5e12a71750092a0bd34d3bd998b790cfc924f3259c2daf1007d98547764cbf2613616a0a8864d43201b525f3f0e7b97b9ca5168ba19f27440f01faa08726508cf91b2e0ae973278295f0dc5394534b2e8898a5e58f74ad08dc3a9a6fe8fe0559098b14b305d4ec70"}
[2026-03-19 07:46:48] Lead stored successfully (both tables) {"lead_id":"012de882c93e9105a84549c048f6b801f08ebe48cbc09578e0b2fa058f772bd8b59ae93bee5944e66f0a926a9744dc1ac2dcee9c281e68fff4f0e3ee2e2828005288ca1a63113670bf97e1afcd73eeb08124accafdba2571e384fb13fd9b01a266caae9f5ddb843382fe8a0914d55b9dd4"}
[2026-03-19 08:10:36] Lead stored successfully (both tables) {"lead_id":"012de882c955f970422421a77c31f2523d8acbd7467177c77125e6c206b4b7bca7b868b53944c46122cfb1edfa1dfdf23cad00f45175721fc41cc0af761029d8ba5c5033ec789e1ed2bcf1f8d9286ee937835c06955a5a06a4c3eb8adb822274675a422dc2876af8ea13bbeedc62ccaae9"}
[2026-03-19 08:12:19] Lead stored successfully (both tables) {"lead_id":"012de882c91d5f07a8b48e89c409182b01839bc9eded9e80808d13d45cc1a5a1150c7899e0b946fa30d40fc253ebf41d7fb4c1b6c2966b62ce78a714a7bcfab638ad186bde2e3128e1c4e01722fbaa9e5ae3f25be390510c757f1d186d62580ee9cb050c276c79fb2e1adf89e1534a0cce"}
[2026-03-19 08:23:29] Lead stored successfully (both tables) {"lead_id":"012de882c9460d677a3995258666d6492c20ca8b7d8d8a9b31b2c807391cbee905da7559cf4fe35da51f0be3abdce028fcc33c4876b72b8efcfc57e3da648f03e95cf0ff4a053f62d6f116e78254793b0ee3a4395e9400b68c8cf28e40598a9e68561cb848b0aae03bdb52a5d3cfd97948"}
[2026-03-19 08:40:53] Lead stored successfully (both tables) {"lead_id":"012de882c917d11f18fcf54f6d65b77f366a7e03736f7533aaaeb73724d23fd86254a3ce8b4fa19b5aa0cef638dbeea71010a6040b32af3716b25ed6e82bb2ac11ba730ce3f4b4ed08ee30f019061db0dff0b9e8b9d0c91d321e5b62063557940cfbe3c7e1eda3b7230cfb88cde458e9e7"}
[2026-03-19 08:41:24] Lead stored successfully (both tables) {"lead_id":"012de882c9d35bb88cd4a1e91a4e5c9a8e1547d0f007b722044adee38c4c08b8046efa1b2679f594353cecf2ae6d6906a3f64862bca2d728ed1ef47024e2d0e7415b5bee5539f30f655c1e8cbbd7106c8ad3e8c349080fd28ec6984cc5b4512a1a0fa979257577778d7348834cea893d78"}
[2026-03-19 08:53:52] Lead stored successfully (both tables) {"lead_id":"012de882c91ca13a53d513b9f7377adbc6e2708e1edda73c14dfac89047afcd92379848089551e7cfe048c096cf799443afc229cdf53f274167f8b1110d2d40ee70ba94942de752f65832a4c2d4b5b76468affeb51584cc656d8b5bc18bd4f8776f53c4542f288c37f1950919d17e16463"}
[2026-03-19 09:14:11] Lead stored successfully (both tables) {"lead_id":"012de882c9d1f95a9578f7e5761335139ebb38a677e2c7bacd970c4d680654a64f03231806d9b911e2b637138925caf5d77af3a5a42f424f78456625343f83659ef01ac0de19414904f6046231813a4405e6fd54b9e8b386efc9717240edef385fa86ddc4cec78a64f9a9f75923369112f"}
[2026-03-19 09:35:33] Lead stored successfully (both tables) {"lead_id":"012de882c9d2525813730104b0c83f5d80026f68fd9b72ed6db76f30e26ad62bafac2fdd503da548a2a762c462bbbc6016dcc778f7521576859247ea429acb8b5533894aa3e37008d0a9635ab18392c04c28f8b7ce60e7a302408354e9c0a8781323098c34f4b84db2392d4bbcf2668581"}
[2026-03-19 09:36:22] Lead stored successfully (both tables) {"lead_id":"012de882c973f7aa95c2e5a0577c65be672b2fb9a597e59b53cb00d2bad5f270b954f48671e3af054282cbcf66e3047d2955a17f4728e0f42dc8e86f83d236a06cc1b0e92b6d85fcc8ca7e9a271371bd0bfd8708241894a606105c0d0236cfe482b57188ab9a71a779a5110fd0246feb4a"}
[2026-03-19 10:06:31] Lead stored successfully (both tables) {"lead_id":"012de882c9344e987806732915e01ff1bc17e9a31fb2ff7295e06147afa10707713acd367eb506c0641be3714e674bf6f7180a571f2feb060c71015d074a796a6c40f9a11c8265d7a88673bc8beb980685b1884171cd284076d7b06811f2746caf2d99e11f25c8e502f87f218c9e4e1b42"}
[2026-03-19 10:13:46] Lead stored successfully (both tables) {"lead_id":"012de882c990adef528cf14044f851d633714ba0ebecafe8ae77816a8c4a68217d8dbc1524046a00ea3f45c3758da406fa25724e18694dba04b45b0d5d72d253b7d2b5824572d3c51a6782c712a1cdd486ab7b9886b5063e847904037ee730e19fac7904f71f17dfa0300e0eecfd955cdc"}
[2026-03-19 10:19:28] Lead stored successfully (both tables) {"lead_id":"012de882c9fd6f801ca1333064fe24953942f28cea8bfe6a43cef50dbc90ab2309c68658a1ca2ba3b796812eda81cf21a25c08e094956cdb6701224f68ce231f258106ccf3e8ad616d2774d2e721642f6dcff2f7e6820b85161bdc81b78a06ce4f97f478815366657a21fa45d66e93496d"}
[2026-03-19 10:21:21] Lead stored successfully (both tables) {"lead_id":"012de882c9d7ebea05a2723aad28e65cb697cf3fcea1fc870b027cf1fa7c04a7b5da5d9fd22f3fb0b1a3c6ec100c9e14b850d78554778059f58baa196ab807734ef29dd184b4216c02d55d35a9feb12648d6dd539edd4e833213474ee767d871fef5ff9667de7d9f4afa5faf080fcce4f1"}
[2026-03-19 10:23:12] Lead stored successfully (both tables) {"lead_id":"012de882c9e0658faba1e043892a413132ec9321902f8e1eec460504e8dc8b32e2336e5ce9d594c3f92f029ba1592e4d4d6529df52960a7bc8f5ff824d29b45d001c41eedb6d0d440af9bab2b2495a234577f6cbff7cc44281e7db939caa3e49d4a187528e094a5a65613f4b4d889bd4de"}
[2026-03-19 10:27:11] Lead stored successfully (both tables) {"lead_id":"012de882c97ae5864462849f51feb30feb763ed3181e8f9cb986231df705861d9f0dd9a138ad39d38e58fc83c6955d26fb320b739b3b94c59a4a8f18b5ec37b6ecd88b367af31098387a21be977b20543bcfe92b12ada29d7034b624fdef01c5fa822cf35161d7a45d5ee8702267e9a90e"}
[2026-03-19 10:34:47] Lead stored successfully (both tables) {"lead_id":"012de882c9e0895d0fd59df83f94532a5598228bd55de728520ce7ea8de29231b43aa0519e7f930b1c8af619ba3430fb6e0315a82a2eb5e208423b5e063c71ed9c37b10b84b283c7c2575b7b4414e1fd5c25ad9362a4629b2d33f42bea237b0ee7229537ee526cdb0a94a39382a98b110f"}
[2026-03-19 10:35:04] Lead stored successfully (both tables) {"lead_id":"012de882c95888a31f82b619e1253103dd29fd34c0ede121bcbcb1b19f0ce8a3b36dc58caf15172a370865daca5399fa90367a9c0859e009ca33ca484f5ca9845be344447db9e952588b44ac19360d81e81e9d5b48d0752954766ff61e2b4e663440bc6a45892c04c0a3ddf4386059a817"}
[2026-03-19 10:36:53] Lead stored successfully (both tables) {"lead_id":"012de882c942e8bd5b71070793e2b819d1c6b57c890a561d9aa9b142467ec7939049b7c007d93163857543357526a7302c28e568f39159a956f23037b030201cabfb38d25ab48dc747fe39ab5120c0ac5ec3f5b1bc179c92868509a8e222689ef19a93bc24e796f4ed84b04ed3aaec3f50"}
[2026-03-19 10:41:22] Lead stored successfully (both tables) {"lead_id":"012de882c97c8da519b7d8afd1146af42c5366f4d158131b92532a208a6592960cbcbe65e1ddce9a66002f04fef3735b1d734d0bccf060183ff53e671a4d11a4247cebfa38871fcea48a36c5959c835e9ed7571135e2b4b166dd31b30f7b79475bd0f77d943d19bfc54da6904d97323cb7"}
[2026-03-19 10:49:51] Lead stored successfully (both tables) {"lead_id":"012de882c99b16bc66b545981466fca6d5c832862837ee31cdf989b9d76b680608557305da3edf319ac11e6ed9962eb0cc6a17dcdf550eced5052e657f9feb0f59405ff5c3db8c1415ff419cf6753c1aeacdad107aa67d34b3e4020a9cb547680255d5d6ad63817cb8e4ccf3f5071afc3a"}
[2026-03-19 10:53:34] Lead stored successfully (both tables) {"lead_id":"012de882c98b10be573ba19b457251ee9e981f6a1bd233853771ccbff0f13cbfebd4079df2319fa35a0ef9bc196bdc831887680ddd43cf04093c4c33e0f16fa61245a75d799312fd109534b0753ec8fdd6a5d70c72e6d0bffe7705d57735c166c23b308287f4102a4869414e23ec4253a5"}
[2026-03-19 11:01:12] Lead stored successfully (both tables) {"lead_id":"012de882c92b1e663e1e45850e33cc99fd14731960ced4ddf84ef6ca274afc66a319d6640d17f99d360a9c1d98f9facac8203f118722b4521f8489202ac9ed9513d204deaaba0314d5dbf40a69394841ed633f411f323aae1904837d445718e637c198424be89d49ff7d7fb5dcc13a0ee2"}
[2026-03-19 11:03:40] Lead stored successfully (both tables) {"lead_id":"012de882c9118809e0800de2137fd941f206e8978dc47aa34b4262cf320574bdc4ad011a8fe2e54a5c5f7ebaa7ab32a85d30e6f18c3dd499b45f1a4f5584e3b4e01c6c79a528a18db4d64fdd0c6ae30bec153b372f7ac66269454b1ebc3eb95477298ac7e715ff10015c866650c711d0bd"}
[2026-03-19 11:23:18] Lead stored successfully (both tables) {"lead_id":"012de882c9645fdff16120861ceb2a7bb6be40cee0b2a9cf4b87a31f8cb741c414989dd3adc22e75d5590721d78ecf005cfc52286dfccc1aca83c15165f2e88e8a63e23f7311ec41741277c64649f6d02c95242fd17ec075ab1ec0f3fb427e4231e0ea0bda101c263c42c638028b6ef1a6"}
[2026-03-19 11:49:24] Lead stored successfully (both tables) {"lead_id":"012de882c9094e2ea26459957d77205aabef2b95238aa52bb224f9369d91b37f758bacc41d573317af877bcbbfc648695f4590f23ac71fc5c42ac7d72f1733f021a65eedbf23790ee9607e9f6a0e254d48af23b147f2330343282d7b824d04e2ab8e88df2f852974af16f701696307c2de"}
[2026-03-19 12:07:32] Lead stored successfully (both tables) {"lead_id":"012de882c904baa2d26549c5e5789561ac51f7e5784fb73add8b2128f346825414f572b924811a95f29a67f995aee6926e2c81518fb565ec7e99b15e0d99368c28c8e0afeaf835138a7411c8d9502a8935b65ea74366aa4cc41fc181b03d11c4069f180e64f45d7d6245c5b34b3a513c44"}
[2026-03-19 12:10:51] Lead stored successfully (both tables) {"lead_id":"012de882c91d987549edf39c2f8eb6a8fbef852aec38d5c94e6e20a8ef735b7550193e8048bd656253674344fcedc01b492ed97556f6fc9e8277e58105c8b476068be852479a0b0d6d64c9a4ce7d7733d63d692c0c127cd05d003ca8bd8f590170d8e2ab2adc932b722814780ce1b1c5bc"}
[2026-03-19 12:20:09] Lead stored successfully (both tables) {"lead_id":"012de882c9f9b3f5158fec1f9d869b5b5df9e7f721d1fc6fb080772fa90039658eab2e975a6197e37d8121ea8ea32e98614f8eba5d6ce549da85fd83eb398209ec8df7a0a64b32def5b5ec14cb7c2f62762e9da58925768d91adb9f72ac65ba3efbf63e3954a863c0a163ddab00a4dfcac"}
[2026-03-19 12:23:19] Lead stored successfully (both tables) {"lead_id":"012de882c9b028cab3288180616599a782812e24da23042d0dc653047c4adee5dacfd6517427f546a69c6a421b9a9920e9f8d8e896019faee44d901175330f8d4bdc323b885c1635e7d9a9cf0669eacf8ec6701ff5b7fddc6405888e0271ae75fb3eef94a50bbb0f44a805cf5950728cc6"}
[2026-03-19 12:26:52] Duplicate lead ignored {"lead_id":"012de882c9f9b3f5158fec1f9d869b5b5df9e7f721d1fc6fb080772fa90039658eab2e975a6197e37d8121ea8ea32e98614f8eba5d6ce549da85fd83eb398209ec8df7a0a64b32def5b5ec14cb7c2f62762e9da58925768d91adb9f72ac65ba3efbf63e3954a863c0a163ddab00a4dfcac"}
[2026-03-19 12:31:23] Lead stored successfully (both tables) {"lead_id":"012de882c910ec2fb8da6dc222b3b0a3dedc7f387e90da6c809b91de118820f360d79112e2fb84ff82f61db298485e65b65ce6df370a9f1e563e04c9ad7c8db6c6904f5d37cdf9fe30acc0aa7e904e15a48caaf3cb9d77be87cf4e341e04ef43b7d3e105e41c8910b248ef1ec5d964d23d"}
[2026-03-19 12:32:18] Lead stored successfully (both tables) {"lead_id":"012de882c9ca96296f4ac854bb448d19171d5837e570aae661a4a943289ca2405188effbd5610daa46b3fa0db15a344fcce832e3f9247dc42e4c8647dab75f8b9dcc687ff173773c3cfa8ef1a5f95adce35790da40476c08effddfb8dc526a7b29a8069e7696e670188730695548f1ecd2"}
[2026-03-19 12:33:43] Lead stored successfully (both tables) {"lead_id":"012de882c951e04003ebe90c0df3335410fbb9514e51f6434c45eeb33409d98218b41dac223a4b7b63dfd7b982470834c7c3a51cc1d295adcb4a44dd6eb3002c63ff81b6d9e682f628b43872ff0c89a59e40c80afa5e069be1aef4a8de4b36eceb5d3bcac58b3dbecbc1775c0f162a2075"}
[2026-03-19 12:34:18] Lead stored successfully (both tables) {"lead_id":"012de882c96ff2693eee718f3f895d9318c9ca453a38649d49968464de1bffc0b3fb39baea6ecb6d445124f7439964115b268196f7d700cc8e8ace03caa0646eb8e07b4a92bbfd703b8d29b3aaa27307f45e0565d325c628db01eaf93caf23ea11f178fde410387e901c921c3af1cc1ea2"}
[2026-03-19 12:36:59] Lead stored successfully (both tables) {"lead_id":"012de882c945507d170df6d145e11d9a2a7c7a74259e9585d4a93c83215c0fee00fd72c786417dd65764039105a34f66d3f7509ce123aad17c76664c6b7c51d79c2f505a6738406df8bc13b3e5b770575d50849069bdf6037ae25363235e0a7d0c1181486103e5d6e658eb877e8f43af2a"}
[2026-03-19 12:54:00] Lead stored successfully (both tables) {"lead_id":"012de882c9d6e4f02e96017c5562eab658840285552f31a376c45042c2883efcf440d848db42f0de6c4324a42c1b216ffddc3d07e4b1327556d8f3eb5648e1c0ce2a7249c377a73538a599e6c1ba91e5e097f532a40f6b74deffcdba65f119a36f1d20aa345e95c0f7fa6de7bb4214db19"}
[2026-03-19 13:00:05] Lead stored successfully (both tables) {"lead_id":"012de882c976e25e5631fbe3c697a126f6729ebf1ee7a9b21ed689cf9d04afc1e58854fd420382a9501e0f669a2902e92f20695668bfcfbafbe6b0fdf7cee6287ace1d2e340dfb052d550139fad1b3f4e58f1888404412576423327d94beb8d1f4f26550374b91bf394a7cd7a0c4a5015d"}
[2026-03-19 13:00:43] Lead stored successfully (both tables) {"lead_id":"012de882c975ad021c35eb751613709298139c0cc798d0c7719c2d46f896bc1654ee44b2e0ab6a5937ef8768bff987ac0888bbb23f5c036f8a6df12960644f93f25ed658c806839e4b6528434c3cc2f6bd81e26216a9e3587df3de59dc361d0fdaec86d45a793fc16b070fd20a7538fa69"}
[2026-03-19 13:33:00] Lead stored successfully (both tables) {"lead_id":"012de882c984f3d515c6e1bd6a25b7378e417d983fbb5b6b8b4f5bea8f083d822f302c46929286e244d521c47e908badd177c95b8c0921b329852dbeda771f4811c8e406ba192270983582f5fccf95eefd4173271b59e26bba58a234098e28948b476f62a0a54339499eae428d555e152d"}
[2026-03-19 13:37:50] Lead stored successfully (both tables) {"lead_id":"012de882c9819c6df6c480829f06291d4e3a861828ddb8f16f42a4f1021afdcd8352df22f0cc6c652fa5e531eebf025becf6808edccec5fe5d100525d39968c8f7b10e28ea3050fe5ca5f7f4c514cbd78c7be082a7ce42c0b6cdbac1c129d17d61771c95d17fb992410e0a5a21b85cb4a3"}
[2026-03-19 13:56:58] Lead stored successfully (both tables) {"lead_id":"012de882c9f5139540c204fabf16f771b4ed9a7a536b1b4ffaf8ec1c5bbb7c207cd06145bdb1d2c74048b3ff402c1ec85c579a547ad694cf8a33bf4716972bdb67208f3601f0e181570b3690083957008c7c4acd7df3f6e37d4631a411a8454c978c5a73b9d2542d72bdb4dd13deba825f"}
[2026-03-19 13:59:38] Lead stored successfully (both tables) {"lead_id":"012de882c91109ad52a97335361c3f23b0d96b9b63ce3de7a49759cabb12d88bbb590a3454fc8142db314b2438c44382ce218bfc1f454f406fd6ae1cda8fb09bb896742fcdc2b4a9951a7dc9eb66a85b7616c42d348f4a793d160b44ba6e49d8a3bd29ab9965395397848ecfec9f0fb017"}
[2026-03-19 14:22:05] Lead stored successfully (both tables) {"lead_id":"012de882c947d1431e32cbc2dcd5fd73046751ed417c7dc782607c4d22fa5ac237e054fd8a937b2f45251ebde78be4754f8f34907d0c2e6ec62ec638ee30406e3d4a44d850419487beedfc816be7b842da9d93c066ea133ea8edc2c60f18bad4a8bb0c65eff6a4f27a98818d2c10a573c2"}
[2026-03-19 14:50:31] Lead stored successfully (both tables) {"lead_id":"012de882c93241ff79581e25dd2ed750a2f5a51f7fd04580d68353e74edd394cdf9e7f7e2efb57ae2cd6569d689ee05f68562a7cb14d250066365161f413dad18c5f4084744f847ea5fc0ccab382842c2e33bb5a50a7e863e3b39dcaf1b189ce43fa9e48ac6b943a7c6e197c41e6535d14"}
[2026-03-19 14:56:43] Lead stored successfully (both tables) {"lead_id":"012de882c91feae12b394af4d8ced2eb40e0d978a0ac38ee8ee2ae593ac2e203e5e17404633d738390e1ccf5f8d2f738affaedc59f0ea57d3aef209c1d80b264c7da70c17cd1ac1753aa4f5934cf4dd328729a11f2390dbe3367acdae6c1055b37c8897abc410ab58747153c00920f4440"}
[2026-03-20 05:02:51] Lead stored successfully (both tables) {"lead_id":"012de882c95d00bfc432c3bc7167e327f71425c93f2c9fd2bd19088d4067c19427e50989d352e81acb9fae0d8362c8de9a4df8fb6201f7ee2cacb1bb606a6a7a5150cbdc7c766682a1af1e5174fd56de876c112935651baca87cab1d908e2da5cf2a45f231df90f2603f67960fbc571195"}
[2026-03-20 05:09:29] Lead stored successfully (both tables) {"lead_id":"012de882c918a04d859277b28b7af181f9e0406d4a41d6b98bc7233bcbeb4d37efaeb9e7de0c1bec7563d68738cdadc32a26ef33ac3a0748956eeef8400bb91504647f03ed4824dcbe282dcdc485fb0471ef9cc73b068fdf8b59b421ce276c8d03ab26bb47e198fbb9a4d4a64e7e61988c"}
[2026-03-20 05:14:41] Lead stored successfully (both tables) {"lead_id":"012de882c99cecb611fef27a139702959b427d2ea35b17d089b3653ec65ab84cd37633517a823e7ccabf01233a25e767da850780bbaa50645768e7e2dc9ed1101167f63c0a68096e147b52023c347006809b85859310b0830058c6573f4d7db18d7353eb41aab02cb91834689be7514a65"}
[2026-03-20 05:20:37] Lead stored successfully (both tables) {"lead_id":"012de882c93ae100a49c0fc596447338adcec92b14599327787d87f53e6c1963cbed8edebaf73ccdb0b3b653a4d36156583f2cba251c038b4aee40209cec6478f8108c5fdad56dd0ef1a819109aea195e949021a15fbbfc992aef3bb7fe99ad681cce0eb3af010e14381737e5c60864920"}
[2026-03-20 05:39:04] Lead stored successfully (both tables) {"lead_id":"012de882c96b8c54b70c7a4c5b96fdfa9f67bcf0e3f798ebb1e456b1f4f5f3bab26608f45ac13c3f71eeefc7758c218ff7ab55b8ce128413436c08987aa96512d2f2fafe9b70215a84509165bc234dfc46191bd7fb105273386a66a880eb3aac9c0c6cf71fd4ebf77b63b45dacaa5dc8dc"}
[2026-03-20 05:43:16] Lead stored successfully (both tables) {"lead_id":"012de882c9dc9e9f3306838e052bc608928e84300464c4786dd42ad4d251bc3fa818217b0fcb5f46427dd8d4cc5450fe702b99de6172ed24a3309e4a714c82216718c5bacf75c2b7ee152806d1a1830cedbe6d24a560ec5c59d150abf1348435abf1620ffe176d327aea5e63020cef0319"}
[2026-03-20 06:09:10] Lead stored successfully (both tables) {"lead_id":"012de882c9c58fe6d57b6b95dea41f4289185242797aab8b5089d885543a3de2950e628cd4a5b5493e10a1beafbe7e49c1fa156cf336893c7636cb4f43f6ed8d5f5842943080773c9b043ff6b0b34840037a4761cd0fd8b9c39fbb43ab78fe5c3d6a43cc52d8062a382b7e2fbaa0bc003b"}
[2026-03-20 06:13:50] Lead stored successfully (both tables) {"lead_id":"012de882c94de849907e51a0aca0ce1434df49c190652d1edd56cc1ea6b731e7b530d6563c238800d886d8ecfed8a119e833f26e6c5d0e2d06ecb06245e583962c035c9d4a408de9273d1d32d891789998f7e952071f2a10f89db89faaeec56b5e5e3fe2d7c6db5f16b53aa99d14bdaf07"}
[2026-03-20 06:35:03] Lead stored successfully (both tables) {"lead_id":"012de882c93927b7b1e81a9d1b06fabefdf6c486ede08376742b9bf40d885b291d950626e7561397fadaf8218e8bcff5d5fd3bb0d68fad48f3dc9eb9999ced9fe38362fe084cabb47ff2e532bbf9a265c41e6cec793c66ddeeb3d658c7be6bc7c27cfb34bb98d49d43fde58d25af2fa74d"}
[2026-03-20 06:37:20] Lead stored successfully (both tables) {"lead_id":"012de882c947de30a9017c66c7f358dc6572ce0dcb7328eb23b6bfe54da35f83c4a4073452ae3b15bf36bb7939b2c24d0f445c05fbec593861432211cd7e98ca39e4e3031fa64aef6b7f6f1efef6d794250a67647ac76589aef01592122c6a40f7265f0c6ee88cd2c03d1f98666353a8d3"}
[2026-03-20 07:07:40] Lead stored successfully (both tables) {"lead_id":"012de882c970d57acdfdb9c11759a1de50b9f818e4b48d7e3e89a04d147e4b1fc5a1e34d805ad5f4790a0d460b4bbdfef6ac14b2a6725267e4fbc974be76772b3c8451eab49ddc7e3cba3c4f3d1d2a87a84eb5ca0148f786c1b3a10d6a5189cc6761a5b17fd72846296de7605aed028af6"}
[2026-03-20 07:19:48] Lead stored successfully (both tables) {"lead_id":"012de882c9c47b049b624d41a5c418948623a3b11c27b5a28920f7fbd8332342329cba212d5f637d17904929c406daba798b2c599860f85a3a225fca50fe46d9442b450f102f90b8ee1aafd72d567b82330d4746c939a911f3f5da8446b795ffed2686d4092f73a25a99f1b77dd1b1b21f"}
[2026-03-20 07:25:25] Lead stored successfully (both tables) {"lead_id":"012de882c9d3ef90a8739c72b4053ca20395107de3e547cb8b90fcfffe8073887807252eaa527773349b243ceaa2339dab690ba5c81609a6b45f5ab15060b2d132186c3a247413abac13b2882f2ea12066228d6ad055dc5aa02c48317a6526cd1699c5951f552801f61d0ca1f9c5255130"}
[2026-03-20 07:30:24] Lead stored successfully (both tables) {"lead_id":"012de882c97835f3058a34c3f5ec31ba0226203405ff7f56bfb852bbdbcf8b34197fe1dc69e4f8fdc9a45a35cdca4a8a57af822c98cfa119ddc4cba2cba7c5f485dbbde4d0be857023acff5c62fb0faaf8ac92c6c8f4ada9ad4902a8e544cc18aedfa66a0868f8550a6423cde9755124dc"}
[2026-03-20 07:30:54] Duplicate lead ignored {"lead_id":"012de882c97835f3058a34c3f5ec31ba0226203405ff7f56bfb852bbdbcf8b34197fe1dc69e4f8fdc9a45a35cdca4a8a57af822c98cfa119ddc4cba2cba7c5f485dbbde4d0be857023acff5c62fb0faaf8ac92c6c8f4ada9ad4902a8e544cc18aedfa66a0868f8550a6423cde9755124dc"}
[2026-03-20 07:40:22] Lead stored successfully (both tables) {"lead_id":"012de882c9350aa19ecfdda8fa4555bc641cdc0e0736ab66cacd777fedf18d1fc868a492b19101ca6074556d57ebcf315db5c77fa487f754f9636fbf1b627658b9919c7124238679d9e4104d29353469a8e8e99586a64c42b4305bff725482ef25c2d8fd72c85562b4ac278d10eeb4f70c"}
[2026-03-20 08:19:43] Lead stored successfully (both tables) {"lead_id":"012de882c94b04bbe851b6046a7d13c9eec05dfbef40ba05581d308938e5fdb04ddd63960bb0905c87eb533cb68e03b275d9e14a61255e01d2ae79e15743dfb8edbd2dfa001f3d4cc75bf28706cecd478622da3ef9a080d9c95f9e3da761e37c706d126aee2cb574bc06cca7c2ac7007ad"}
[2026-03-20 08:19:44] Database error {"error":"SQLSTATE[23000]: Integrity constraint violation: 1062 Duplicate entry '012de882c94b04bbe851b6046a7d13c9eec05dfbef40ba05581d308938e5f...' for key 'lead_id'"}
[2026-03-20 08:19:54] Duplicate lead ignored {"lead_id":"012de882c94b04bbe851b6046a7d13c9eec05dfbef40ba05581d308938e5fdb04ddd63960bb0905c87eb533cb68e03b275d9e14a61255e01d2ae79e15743dfb8edbd2dfa001f3d4cc75bf28706cecd478622da3ef9a080d9c95f9e3da761e37c706d126aee2cb574bc06cca7c2ac7007ad"}
[2026-03-20 08:33:51] Duplicate lead ignored {"lead_id":"012de882c92eee34a1b24d411fb8b0275618c64f333d1291dfb1632a4fd019a4043ed2d1e3fdbd3f03e45d64e9b8e07ff718ffed5bdc895ded5d90fc474af7ebb36889b47c68ffd36f5612f5502cb16b350528df39943eafeaaac8133ab1c1b2ce4bfd26d1eb76d75c2f078faf1888b2c9"}
[2026-03-20 08:34:27] Duplicate lead ignored {"lead_id":"012de882c9b83d34b052194c2c7b9ac823ad108e23fed30e3e5a532daff514a875594c4a95d74cdbfa98787cc40c59cc9aad659f676001aba0f825dfac783ea8e384fbca4f981c34487cdb10a3818b4cb1c578c7441c8f8849c9c3cd40a04ba9b17a71afbf9553de42684e4798ccc10e5d"}
[2026-03-20 08:34:28] Lead stored successfully (both tables) {"lead_id":"012de882c92eee34a1b24d411fb8b0275618c64f333d1291dfb1632a4fd019a4043ed2d1e3fdbd3f03e45d64e9b8e07ff718ffed5bdc895ded5d90fc474af7ebb36889b47c68ffd36f5612f5502cb16b350528df39943eafeaaac8133ab1c1b2ce4bfd26d1eb76d75c2f078faf1888b2c9"}
[2026-03-20 08:34:28] Lead stored successfully (both tables) {"lead_id":"012de882c9b83d34b052194c2c7b9ac823ad108e23fed30e3e5a532daff514a875594c4a95d74cdbfa98787cc40c59cc9aad659f676001aba0f825dfac783ea8e384fbca4f981c34487cdb10a3818b4cb1c578c7441c8f8849c9c3cd40a04ba9b17a71afbf9553de42684e4798ccc10e5d"}
[2026-03-20 08:38:55] Lead stored successfully (both tables) {"lead_id":"012de882c9387f1e1f96a6ceb35624be42478d43b246355d6117edb4f21203882a3b0c79372707b759eb915e4d749c8d7b5091ee5d021c001fe451ae92bc74bb42f973f77b68aeecbb13071b3397e2644ab71ce8689f86870b2e5d53bdd505f338e26533cc03dd7fb58ec9b613a9532e87"}
[2026-03-20 08:38:56] Duplicate lead ignored {"lead_id":"012de882c9387f1e1f96a6ceb35624be42478d43b246355d6117edb4f21203882a3b0c79372707b759eb915e4d749c8d7b5091ee5d021c001fe451ae92bc74bb42f973f77b68aeecbb13071b3397e2644ab71ce8689f86870b2e5d53bdd505f338e26533cc03dd7fb58ec9b613a9532e87"}
[2026-03-20 08:40:10] Lead stored successfully (both tables) {"lead_id":"012de882c988083eaf060502ebb5436fbe54d03a452f7791ce037b0f7571ec500cc2e3a23bfe9f05d64d5a4d57d063d9829d1e96bb3363924d3a92b7d4b2d9d04630063f6f08f24b18843216a1baca7d03992012ec3e0ef72623fc17692545115bb6a7d2f5c87307a663c802f73cd3b4fc"}
[2026-03-20 08:59:09] Lead stored successfully (both tables) {"lead_id":"012de882c9b08444df9ba2eeb17991a208627ff3fb16cc046cdfbb1845cb7b013c81c1025e0e03c7dd54d7c785f259ad971443a4e99dd15a3fc37b416c476274e2f375d7f3b55f77a6319c73"}
[2026-03-20 09:40:08] Lead stored successfully (both tables) {"lead_id":"012de882c9088f9d538225b863df9fe265b4f836d5e552a5dbd67c0f44c6487780f40a199da20185ebcf049b46875959d2bdf33e55e68474a24eacd83ba126e67cb019e22b41afac65813b5a5b1071c8b958d9a9280544b2a59c38a71fdf5d2efb0d67d2db64ee990002e7a91203f78fac"}
[2026-03-20 10:03:27] Lead stored successfully (both tables) {"lead_id":"012de882c9c29b2e11b17f14c0298f5786c8ff4f75e0b76b86dc0dfc6b62601f954e670ca618bd30a82a1609cd85325c1d90b798587d303a123387b5873ad2b191d112549c7f5ed2483742de28b7629e7bd60200d32e2ab5a14b0d1177e06433fcb958b540cc71e3b058adc06d61fff0b2"}
[2026-03-20 10:14:05] Lead stored successfully (both tables) {"lead_id":"012de882c95504c99ec5d1db38b0ac34dad7f42ef415593e7550ea63f7bcd6f0c23f45ee59f35cbeb62617447e70eef92b86fd1f5d22b6ed6098ab27212e22879f76950faeca6fa2f5aea8bc9bbdd0380e8cae622b1793fbd18be0b5f3c877b3e696f38c47207ddbb31ba6f17c11b19ef3"}
[2026-03-20 10:14:07] Lead stored successfully (both tables) {"lead_id":"012de882c989656ebb721da32a56678a78fda9d75c5df9d376f0b68fec78e2c495a0b1218984353987d021889fc8614843b55ad5ad55e1f1471ed9ee1c440618814b9e06cec24fef599e80e7de6c8ec8d2ab4b6a659f3dfcc60f6889229e5553b29ce87077864d3e856a57b5360b1e2568"}
[2026-03-20 10:15:13] Lead stored successfully (both tables) {"lead_id":"012de882c9aec3698ed4497df69523e26f31136d8d7ed6802c2b82c1919b5558e2d87de225c68f23d8f6250db412d170cce1da0290318eb9535d5a9212a74c9751ba182682a98e717bfd5571407342c6676260ab90a9a34544a2962466d4d13d0e20625261b95a73097c4ad028450de6b1"}
[2026-03-20 10:19:26] Lead stored successfully (both tables) {"lead_id":"012de882c90da45a4f1cf9fb6957083fa1bc30f4017c598111d3c375bb41477d31e856b8c67f8f10294159c45d67f593945bbe4f776616015a8e40966fc7d072b439c5e85c138d4c4307249a4e605234fbee455074af61f3a82ed683a96a719a219f391fdfb6f1e33dffa18a202cc5b904"}
[2026-03-20 10:20:24] Lead stored successfully (both tables) {"lead_id":"012de882c968e98a5bc140554aed5cd58890eaa967e803ea8faf41732a44a5030c1072ebbb17d29ef30fc613e1dd20efef0ee0dacaab7241a349441a012cf7badb6c6a7070ef9cc87fc9f2255ce691c4cdd2e66f10047d5bf050560bf2544dce210f7671390cea7fafde2d3e936faf3bfc"}
[2026-03-20 10:33:09] Lead stored successfully (both tables) {"lead_id":"012de882c9885df3d6003c43e44e3a223256be7300ac0d346f903641b792f14fd2aaa32f06a3ab676e201249ea92a6c5b1ca690e1cc9c0aa3f6110bc2af97eac174fa0c8efbed978f8656fe91739a599ade2fb3b13ace9c4c28c2535370a77096cc8b5583685f60d24c44b4878abab70ac"}
[2026-03-20 10:41:32] Lead stored successfully (both tables) {"lead_id":"012de882c9ca7093c93adc5d386c2b96d28eec0934b5a742590fd6eae5e0958140a20c0d8e02b7268e22ea881d710d69409717f33b5dc22ede9dcb633132f678d0890081e84662fec09c7626d1d4dbb8e4507c049ce49f9aa93a5b7331c244f07d06da1e1c8823147c9c2b663ab616e5f0"}
[2026-03-20 10:41:53] Lead stored successfully (both tables) {"lead_id":"012de882c95c458b1dfeda6b1fd554d5f25dedaea5fff6578416da42cb8963e31ff652d60153de4c503e097f60702f36bd74b96ae94309a5902ca12f7b3e4b093fb28cebe5ab310f11093f6ddfbcd48ba03e072e03d4627ea3560c9c15437e82f05842221fe772fb754074f69423b1c843"}
[2026-03-20 10:54:53] Lead stored successfully (both tables) {"lead_id":"012de882c9f3bcdf0c108ff4ab634026bbf1cf6185d9d071af5e03815f5a021ccde9e7cf54e005879b2d31c84c9d431ff46576f0ca69904542ec067616ebb17a921ced175cb0ff0baa52b6186ea536e7e9dca031c1b989b1560c503fcd4d4d446716ecfa631de8d533835991519c2ccd8e"}
[2026-03-20 11:27:36] Lead stored successfully (both tables) {"lead_id":"012de882c94a967975de6300a727d5068ac35dac6fc371a4f05df6fb280c5393a356b616a3cc09d3fe87514abad3bc082dd1900b9967f473bf5dc53a34fb7229748c3f316406c194126f96f00d550f261d6d58e62e6b3dc0f74cc4bf45c204117e831cd6905b6aebcc9c2309c2b02c3cce"}
[2026-03-20 11:32:23] Lead stored successfully (both tables) {"lead_id":"012de882c90bc76f7081a30f43183112bada307856d772b8a4d2b36cd6ab6c669c3551fb64aa29e240298cb6a652ad4e466978169709a3a2f0b8d5a0192d06142496454f7d1ed39e5d3d6eb55919f479b7a00c4ae3a58bbf7a74ed29911185e9ab513b7e752f1395fbe9cc31bfa205bdd8"}
[2026-03-20 11:36:40] Lead stored successfully (both tables) {"lead_id":"012de882c9ca567ec5893c7dc67e36b49607b0cf5e5bb90268fa5ec798efe27f2d0f5ba89d39c2ec0b768299cd138d226ffa46ea39b3551cba0871eefaa59e12b156f92b96912d5b07615444e764eb7a690775e28450608db4bca534599837a7b0b644486ed1236b5836e633e5301895ce"}
[2026-03-20 11:50:32] Lead stored successfully (both tables) {"lead_id":"012de882c9be0b5210067b2e5bbba0ca11a2aa75bf741cce758636e4823b4b3938574ba06d3468cac980ca18fdb9c1f41b53dd20ad9ffe400df3eaa2c44a4d4970962c0835da528d0f0322374b44dd460917e46d2bf8ae0e52e14d10c7ee80fa8c647fceab2dfed06ae119c73fc7e56001"}
[2026-03-20 11:55:18] Lead stored successfully (both tables) {"lead_id":"012de882c94c29cdb564433780f222c781275e4d47b1d45f6a38760a18a0fb2a90079841708b9593e311da4957d237d591498ad0f5d04627cead408280b1a1f0bfa0f2e8836c092dc44e173c61c5342f50385fde87279b3e1034aac5ad2b60b81b7acf443618e948b3f5af70a1ff2787fe"}
[2026-03-20 12:12:51] Lead stored successfully (both tables) {"lead_id":"012de882c92008e32401fb534b57ace4d014c962d60c7f4f49812f93101f37150e12243338b4f2f20313773aeaf27338ad35c288e55e96dd66b4ae655fc808a86a60f06412238103facc8e8c95dcfb1a8004c6c851273c49523ea71e6ef31e5a556f4d2b2a3fbeacb427d355ddd067c2c8"}
[2026-03-20 12:19:08] Lead stored successfully (both tables) {"lead_id":"012de882c9a6ca6b5ea5f0920843c71f24e73f3fa6b124fe331c2c37e6a73ceabb8711906aabee7e84932a415a842694864a460868d3eb79fe8cf1cb3ba6ea588614dd498ca23bd3a2dba4531d20977edf4acf1a8c53b681fee96e9032c269333558596938f9023de0def0ba6afd96e70a"}
[2026-03-20 12:59:19] Lead stored successfully (both tables) {"lead_id":"012de882c9eba6dbc993fb1ed65b1c721e6d9e0cc73f29d3feba6ac91b8016380dd5d0a9190948a86881a66d5b016df0e012050bbafac8976db8fb25bd914e0dc570c3562eb98180d9dc2bbbffeca86e310f07fdc1b9d01e4707209dd218041a161b990aaa81a4ae65ebdcbca0e09d67aa"}
[2026-03-20 13:07:30] Lead stored successfully (both tables) {"lead_id":"012de882c90664ebc9eb9d80e3c968ffb176493fabb67ff0f4d9ce3be407c5e4cdde1481cca240ad5a4e46567374f03f182574eba8a80888dbf7c635826ab9ccd02f3a354b3fa03283dbaa1f527534516d7064338cd728994e90987daf61c3dfb690c1bf9489daa5051602b0f2606707d2"}
[2026-03-20 13:35:25] Lead stored successfully (both tables) {"lead_id":"012de882c9afdf0ccf07fe65061fe7e3c585328bb3024b69e014ebe6d8557ea7855b373afb0a969b18dcf73d2f004f2a0729e78d1599bc1edc431ccf746caace0643b783e87081701bc0873038cd9cf893943c15991a8e6eec3ff37d77ed17ee8be12c3b80805f15a898c4343c125c0f7b"}
[2026-03-20 13:40:52] Lead stored successfully (both tables) {"lead_id":"012de882c9489a02566d16810acf8f2bc348f497f3d52f032b9e07eb66b0413cc8b3dc6034cad632afc6ab6f1027bff7a6abcbd35972189a37e6f8d74159161ecb69dc0e3ba5a5252c8fe01543200bf9f93dff62a68555a8610c70a3f2fee8c65aeb87776512b32ff789f796a842f781a2"}
[2026-03-20 13:42:24] Lead stored successfully (both tables) {"lead_id":"012de882c972f7466833de5b641ef9a2a5c22b7faea1ff2d034a09361b13592d5eb8023b01307f02beaa9f498bf79690e6124bf4ff7d9d937e86beaeff3a8a90b0a5e44e6c5fa70e7765e8ae0affdd271143f0f3fb6a1bb56412fa5d18e91b581f1891ef7a192685e9671ed4a8019c0f72"}
[2026-03-20 13:43:00] Lead stored successfully (both tables) {"lead_id":"012de882c9a5be6c73687f701336ef4a1e33ae38884b9cda6687313cd28386cff664d425b83398788686e30ed21822e69e9f2261d3e3178204bce86efaca9e71ad4a146fc4a39930217ca3ab40dfe02028251318ddc856ab236d22e40ab6a7c9c1a702867a87421a37273638a872bf6a91"}
[2026-03-20 14:26:03] Lead stored successfully (both tables) {"lead_id":"012de882c99439ec3b225e36a157641898051ec2c7320194131d6ce182e88c70821b0a53c3bc1d83e4f297f5272b6aa4feb9e957dfd4fb7184327493a9c83b58005e2e51f654de350a7edc0a1d9343f0e33fafa16ace8b53142d3c75f157c536ea7e76d35540298a64f8c89aae145ef7a7"}
[2026-03-21 05:03:06] Lead stored successfully (both tables) {"lead_id":"012de882c98f17d1b59a3303fddf016d03c706d50cfb590681ef1ea64a71321071c6c83b580e3c6509cc12d27f43fbe38546143e1e29ffb057039ec9038db518121172528f0dbeea0a49602b6c29ac584fd8c4099a25f50248a6e9cd510ff2edfa438b381b22bab58eaee741271d5ac5cf"}
[2026-03-21 05:16:12] Lead stored successfully (both tables) {"lead_id":"012de882c953189e68a4890f80414a320b09e9e6847341e9b0bb1b39f3ecd04959dd152fd110b33cd6ad66df297683c5c9d907cda7eea0e51f5e59c9c73651d4532c6959a6d1e63de2c3d0b4d33d31684689d075773251781cb7b041ec093e65ca5758ab44449e35d03fea2ae79a865242"}
[2026-03-21 05:26:08] Lead stored successfully (both tables) {"lead_id":"012de882c990e5d582d2630be92db398f1a40888549dc2f6ff8cbee07eabcdc9f5786ad0306b8e0db64ae337e9cf1f6896f9442e983cf789b3a4e3d46a42de058c19ea1395eec1eec43b18c017a8580e3d0446bcc2cf816f48cfee814ec010af03591cff4b37336bc67ecfc620f0511a91"}
[2026-03-21 06:07:40] Lead stored successfully (both tables) {"lead_id":"012de882c9f0275d23531dac7f18b87d7083cb89f8a790fab9907b92dfc1985c8a84c7a972c49019b1fd774bd30fb477182dd6f9f0a9ba808d4dcc55dfa1dff99b72711bdcb8f35701c443986189343861cc45e5d56411951ce42204e81840cccee01e4617b56a73da709abb80414660fc"}
[2026-03-21 06:20:33] Lead stored successfully (both tables) {"lead_id":"012de882c996d59319f4a8e667d133882bff4f672601ccc90dc0d0cb95def3304cdec6f1344ba7f1dce110b515ed56a19757b03779f1ded03fe599f71aaec21d7bd18d53d4fb90e26bbe0e2748b1e532ac519451d69d30765a33440f893b1afea53fe7635b251eaeb482f9054c76cad3cc"}
[2026-03-21 06:30:34] Lead stored successfully (both tables) {"lead_id":"012de882c9181d093245be4918d34a4630337c9283ea8a5bcf8d44161e719b5c3170f6bac6a76fe7894e3d954e6c0145883effffe11c774eb12a35d56d45b682e23d437e9a502ac56414d9563c483d25a45dc4ab1d8867a264883450ae437a472da6103856e90f74f20fc73b4d884fb87d"}
[2026-03-21 06:32:03] Lead stored successfully (both tables) {"lead_id":"012de882c9c01c0f7946711eab605d69b708c14b88c5ba8748262cb4774320386c2536061439df88baa6dbc6bffb6ecea6f110e1864f426ea5f7af236813ae7fa9bbf4f167b137b3532cc2682b63816854fb23d460c453def718569be34004bfc1cdcb2e144ea494df5d7dbebaacc0b9c4"}
[2026-03-21 06:35:46] Lead stored successfully (both tables) {"lead_id":"012de882c9ca51f5ce5ae7cd4d571ff805f674dfbd79cfdc01587db0991af546ebd2f7c6acfb35242de17693157254e876320b098b9316584dea37790349019deeb77c68f7d69627de1e6c6a0584d4b007f8fb8dc071282e1548176c698219a6f76ed31d1dc2d67e2ddc903f23de3951c6"}
[2026-03-21 06:42:39] Lead stored successfully (both tables) {"lead_id":"012de882c9b791a8686ce4e74f1d173da24ec39b65b8fda960d48590ef77e9d5d75629f9adc611bd149a20fa4749c1f71d80f208567941a3e176ddd7cce875112b1ddcc2bb3c7a06a266b495f5736690f5b3a4709d585b8c22fbb850bd9daf04df10fe0412b836586f1b6cea69840ae698"}
[2026-03-21 06:53:35] Lead stored successfully (both tables) {"lead_id":"012de882c9743646725bbfdacdf2824c64a6a3e441c809c0f18ee6ad6e0d04ef53ba214210807e6df2ea8509270ece949c7581118a08e9921c3b9d4724b4f5ff240c2d65da022c465615c27c336d1d49d389cade2e1fc2ebcf95e7c366197a17a1921ca4e4912f5df473e1006aede58307"}
[2026-03-21 07:14:51] Lead stored successfully (both tables) {"lead_id":"012de882c9e3a729d70e07514a2cc2cbeadb63b4e5ffe20c272c4fdc949b25bbad076ba82170c12f675434209c6e9b9ee83c810670b3f2b31bacb9ed88c7430a9acf5d322f8e337fd68e665bea0375f45233a5a3edb3fdba62f63965d9b0e62d8532d0824b5a02291089f49e6f6b65f9"}
[2026-03-21 07:17:19] Lead stored successfully (both tables) {"lead_id":"012de882c982cdc9bc56d26ba99826ca9958012156fc245a87c763d52b72b9ff494330923bf14c46937bb07143cd999ce7774dab38e9d74c8d8747ce5d161d1919239018d5285583751451759a612d7a469fb91a2b2a67c52d90bd755b5d3bb458b0110e06f007c05fe81e83f867aa78"}
[2026-03-21 07:54:01] Lead stored successfully (both tables) {"lead_id":"012de882c9488e0e59685d046b7ac455913847818ff29f2a2519c5e485af7750541aacffeb33342885d9b2ed58f33612e12221decbc1732cb473b600d4b8d01b2af38a17d8fdf2d7fc3ed969bcd2c02b9beee3fea7dda3175fce160e7b036a1a6b475a3314056c552ffc230324d63109"}
[2026-03-21 08:42:03] Lead stored successfully (both tables) {"lead_id":"012de882c96bfbe74704735e50dae755741617dd98c0aa638163d01fabbbf7b9a3e41df36c56599454ac4258d0a838f736fe3641c399d46c4dfd19142b03fa488b5b2be6965bc7fa12c5e9d63d0f7e1d659ce5451e051cefaa7da30cc56faa02d11f02df3f643ac02cd22fa6deda547d"}
[2026-03-21 08:46:56] Lead stored successfully (both tables) {"lead_id":"012de882c9b3b0bb96c807d4cd22559d52a699add6ca9b22238e45fb4f801778ef41fb1643bb996fbe6ce4722dae60cdabec21d1791a513f33067bc6d2b437f783d2dbae3ffe8f1463cfb1c4a1c98439d5537712dfe3f6ed8d05a03435104747cab076d9c99fa42d80c2b4f92915866f"}
[2026-03-21 08:47:56] Lead stored successfully (both tables) {"lead_id":"012de882c91de05ae8e1228ee32faedf111d2661f10dd337ce9d44ca409de15a2b3329b4834bd322ad39cda3bfcb56abba203d530aa9da5d6d3922e284eb1d4116d1f4613042cce4ed6f59bc46e99f13e195d64a19b7f3692b866ecd8f30fa33a747987796b08d78e1c006bf89e92a42"}
[2026-03-21 09:21:32] Lead stored successfully (both tables) {"lead_id":"012de882c987d1b257f05cba15276dc8e507ab5e6ac1bb6712b21ae2eb8edb3c5cd35c5de80b8532e1f3f14f1ee361da6fb1214efcf3247bb0eb783d1f1926b07cf10615f34d287e652407706f3dac6dc6039b7caf82c3167c6c6b2597f92d122e23de65153bf5f6101e626da8c0217d"}
[2026-03-21 09:38:19] Lead stored successfully (both tables) {"lead_id":"012de882c997ebe0085f27c87e6cc2204e326edac617a17a1d9ef33eae62b9782fd6e47ec54b996e1457ae1d53f66c134475cfb39b799f1e0380065036e1a6c10eeb03740fcf19c35d8a751544e1a36e9fe56eefc44905414c2e1dfd679961dc82cd6b3daa07a2c8916a74f1eb76c257"}
[2026-03-21 09:39:35] Lead stored successfully (both tables) {"lead_id":"012de882c9bf0f85767f9b10f9bf48fe06ebff663056f975fc2625e1598eb09dd66cf2a1eafe828caa357c054ee64a1554d2253d5cec149ca0f630cbb8f5a5974a905bf2a89ad0f66c03fa8dc570505ce3366c08b7ca1ac105bfe54696c49449143e096c3bfa7b72dad7c5ac0793306f"}
[2026-03-21 10:02:32] Lead stored successfully (both tables) {"lead_id":"012de882c98587bb55401bbf00bfa651602214d2dab66884262832b9abc2db09145b9a9d6a7ff5f843b9edd41c0dd222a1fdd7a74fece0f7a78dd0f6a1d0c6af991b559925af60d3773c11d8da52e7abb531e821803c9310ba4406097842cbdc7941c7a01f6b450d3882db2fa5cbbcb8"}
[2026-03-21 10:05:17] Lead stored successfully (both tables) {"lead_id":"012de882c943bd9d7f4d22c98c51e76d40421eb8fd75767a04589111b8ea617a6f97c6c2f7f9bc4d0774d9379b476d43dbaf6fbf5c3dd149d02e0e536f78b782574f0bb0da305bccfb15459922ea6a0ba021c6843bc88df5f41e8c8e62dd078e13aebcaddb305681addcc945cb86b22d"}
[2026-03-21 10:10:04] Lead stored successfully (both tables) {"lead_id":"012de882c9efa92b26340cce63e85aad4a9bc3dc0a5aa6434febcf5ea63cbf7cc831723382c0b30ce7831f834cc32d1b9e2aee529aec196a909b20204edb302c3c97b0467481523a10e573b80d5739cadcf514910d3c253558c13b32a4c13784c75a27157e55ee5723923672fca686c5"}
[2026-03-21 10:31:26] Lead stored successfully (both tables) {"lead_id":"012de882c987b1d20524b2b3903427da2c7cfc5b0ff94c82fb8e1b2fdeb871bfa0ea2ebcdc1f56dce69575e469059fa5d516cfe784e44b4108b0d37783777c75254777f9e9f101d7ac99c317cce36229fdafdea9d96893f0f5c92beec099acdec115312c13e58f30a437728d23f50855"}
[2026-03-21 10:50:04] Lead stored successfully (both tables) {"lead_id":"012de882c9cc975ca686aee7c2e5e8adde5460a83c775ab7efc1d6a82b40b2718908daaeee9cadc0832856eac59e31d35424e40fc4f0a4224bc7ca578aebcc08e3c598f50ad39fe4c3eab874cb2e13bc9898be264553d4313b74f294641ac53fceeb3a30a7f4c5236765f2ce0a488afd"}
[2026-03-21 10:59:16] Lead stored successfully (both tables) {"lead_id":"012de882c9815e5fae83b211ae7f49967f73883ecf0650bda4ee0ac5bec0b4fa0de2820098d73700f37539894dfe192ffacc3eadbfbe565fc2879b722b4a640b82112fe6af172db13c6f1df444bec618b0a506f1bde63f636e6965cedb44ed1f3b5a28b98224ceb8d0b622a58411c9bf"}
[2026-03-21 11:22:15] Lead stored successfully (both tables) {"lead_id":"012de882c92ebe3a2d58328a468645ab24c306b98ec8bbf0542870136a67fcc0c0c934801c1c79936782868bd10972b5474d7763186d00b502e6189b6345161474e09d5e4dfdf028d956363e06e1982d62baf5c94af5d1881bea33f67a370f9c26ff7c58b502a177ca7ae2f72e61d75b"}
[2026-03-21 11:23:29] Lead stored successfully (both tables) {"lead_id":"012de882c9d2bd0dc19a2edffe3cc04a5c72756118de2c55d1fafd3b5be239d860ea7a84f54ce09724f721852912aa5007922101f4e34849c6d0a248ad4a04cc78376c4715b78fd9dfb8c42264e856489681ea5d76d5ddcb67e3285f0d87423169e09e5b3388634a3d0a63e7cde69927"}
[2026-03-21 11:27:24] Lead stored successfully (both tables) {"lead_id":"012de882c90353c27b01f966374671faa71d638c4f9748a8fdf653c7a335bc1c0ca70d00431aaa642d59c04d6bb3671dc0029be2c1b8a628ce0720e1291d4ff93427db6be7fda48416e640381545ebf12d179f29d03ccf6f2dc75c4013e37967a8c3370dff0b453237a100e25d867f14"}
[2026-03-21 11:56:52] Lead stored successfully (both tables) {"lead_id":"012de882c9b86f8e218b1239ed048c1fb8c1dfe9219a356fcc9ef2f1fb3e7a9d2bc2edabc6f53049c1469d4e86b196059f4db662fdb80f13e8db195ceb3e1fb3de47282182625378740b7ee2e5ce3887d56d8160b5251793e2dfb66bd4249d96cc2bf32e5fe97c8dd8ff69b092fd6831"}
[2026-03-21 12:14:16] Lead stored successfully (both tables) {"lead_id":"012de882c9e180a2bc72d2c98859f269b5e02d33cd846e757be66d6883cfe47c9bdf4231706d9fdc095a57a3f45aeabec55e40c145774cc72e6fbd4053fb675ab0f6f421fb680be40dffb13c539f1357d05d9395355756208a4021c555c87b5c132d2c241e6224d8223703def91dc0e7"}
[2026-03-21 12:14:47] Lead stored successfully (both tables) {"lead_id":"012de882c9f5e66646a17c3bd6ab390d6689673650055b6844b392b295bf3fcfa34c75e4f95f19015400b7ab87c04a12c1c6826d405a08ed8201df0be4fe6e135b95a214d58b42f615e4d9b9654e966b41002af9fca8d794070498bb88de2676caec87ac800f3ae82158e63cf90415e3"}
[2026-03-21 12:37:04] Lead stored successfully (both tables) {"lead_id":"012de882c9b13c2a444ce839a9d1e53544d170469dbe99e5e04922788c186ad4aa05694f87ae4ecd7c527ec31d985cd89fc64ede0b021a8e73a5f2f6b9c921e633bca756742b53df20157ee600d4abfd31914ef5dda53207bfbb8a8a1d89340350c8f0a8877f29569cc566cca9cf02e7"}
[2026-03-21 12:56:03] Lead stored successfully (both tables) {"lead_id":"012de882c9aa9409bf620894ad9770fd4928c7897484120e7a92a9d6d1a8142407122ee2d51147ef9606a3eea4ad9fc051dceb67163c62ab7940bcb2f48a88eef61683ce66ce9de1a4b29642bccf90ca597593e11b0272193004eef95325cd19882cbdaedd33e4fd53cccc650dbc04c5"}
[2026-03-21 13:48:51] Lead stored successfully (both tables) {"lead_id":"012de882c99fd9a7a3bfaae93cfeca0eb96791b5fd53fe2128c98f7deb43e3f52c3c36ff7b002180ace70b7934b332c91eaefe98366075347fa1f8452c93556212ce90210337e07a06a419357e10ccb7149c751d4d517fd09f1f4598d3491ed9b623e2c536bd07b25f5c282f09bde5b5"}
[2026-03-21 13:50:38] Lead stored successfully (both tables) {"lead_id":"012de882c9d00943f59123f62eced4f08458d379cc2823e11f6e689a89dc651b827289d0719433d8094d3e6d138afc"}
[2026-03-21 14:14:35] Lead stored successfully (both tables) {"lead_id":"012de882c9bc985cc6a9faea44f2c3118dd396118431bd77cf20a9337381f5e455fb8955183fe34bfb088d1ef600297df26a20323ae16a46bb08fd46ff815499adba632c8fe79fd28c7f0e725198e971b87118f79cd8768ae9794828be24226b470397ab74df63c088ab524e9cb4decf"}
[2026-03-21 14:54:46] Lead stored successfully (both tables) {"lead_id":"012de882c931580b2e61a898409b19e05b46770a91dc09d14f74bb3dbffd838065de359b812723cb58cde41fe0a3b311a3d0d38432e2daf0fc1cc7cf3c98cb77719630d24b99ee5fdbfb079f"}
[2026-03-22 06:09:07] Lead stored successfully (both tables) {"lead_id":"012de882c98eb2a926f49dcbdd211fdbd479b92da8fe3b7ea5b4347bc53aabdf11d7f941d3c3a8f6373be3eeba1fbbab355188cc2185c866568c24a75f21fc63151e4647f19f16593bf484aa983a3f99fc74726dd05bf45a5cf7ee59c4a271887d58eb9d23bc31ff58b326c30e4e8e1c"}
[2026-03-22 06:21:12] Lead stored successfully (both tables) {"lead_id":"012de882c9795c0956437770f92d501690545052bf1b74eb749eacbba2145d5af1cc2de4cd56581571895f595470773a3971ebfe38fd9917108e123b6c1cf049d525b21f945e0c5ff4d5a01b109441e454f72250633584a08c396bef9963770a2ba93671f301ec61cb11ca0abd51de0e"}
[2026-03-22 06:21:31] Lead stored successfully (both tables) {"lead_id":"012de882c9e481849b759de5c2e0a9035348399946acaf11d530099419d3855440ecae72cb0c3980e7f7d23bffd492eb4586bba72881f398da014f8b1171ccf3bcd2874d6ee6876fa73b4b23c4b5bc6ff211982291ba485e6383ab21d6323b3bfae0aa7cd8aa17cd9866caebcffc405c"}
[2026-03-22 06:26:01] Lead stored successfully (both tables) {"lead_id":"012de882c9212857df763cbc5f70e7f895e73415725feb4121534a8c37d887dcf6dedbbbc5d16abc3cf72191bac7cc3d327fafe0bed039c5f933a8686458345e935cf991162bf36cd17fd06f48ba31da49e8afac877beea86f5822dee8eca07b04eb2fd4fa75abb608d10275ca3ae924"}
[2026-03-22 06:39:08] Lead stored successfully (both tables) {"lead_id":"012de882c9ffc3f1adeb28707d57a8b6778178a67f76f06e1fdb65b42f9d6bfebda12288d254b332cc8a4f2c85cbf3c99c28facec148d9bb081e1482b7e847d200777ec29cfd73ac175a0e715957b28bee2d3a5db3b438ce3b0ff87ca1110aeb5044287d313e18b8e22be3eb689aad4a"}
[2026-03-22 06:42:33] Lead stored successfully (both tables) {"lead_id":"012de882c99e7f544469ecb898747d2c283cdd3216ee1a96872458ccc185ffdf86b33d34549cd1c54a55ac407c8732c3d5a89d4622b666bd1afef6253db2035eb9ca8b8f48ef4578cfb653a2a3d28c2d6b2a8db715e52aed1a23aab3852a6a363848ad611bdde97b02cb6d0a8cdee96e"}
[2026-03-22 07:45:10] Lead stored successfully (both tables) {"lead_id":"012de882c94fa5ff7f9f8db454841723886c0d0c652536801d3e47ae0b50123ac72efeef548f9f76231ccbb930073c60c21eb90947e4f3cd2351273f1ce3d1fd657a3189892527368d2d6f863687116992e7b1179e3123cd31f7788019146dae06fd6f77e1e21ecce2c1694f87811d53cb"}
[2026-03-22 08:26:15] Lead stored successfully (both tables) {"lead_id":"012de882c9f896ecaedcc123c4675ef54c6f83e5d78fb44fab19078e244c4e311b0001ae27ffeecb7abd065eff78c3088e319b33cb3afc04a56cdef917b91d37547bd027f0242f525e76109b5bef5fef703ab7e89c4af390ca2ea65173547f0d111803e00117d014c57cb80f666b8b76ab"}
[2026-03-22 09:07:11] Lead stored successfully (both tables) {"lead_id":"012de882c9f6b81aed33bd678016f01cf35fd7b2c6acc9e009c31f4aaeb94408c1eec78fd28f97388a1e3c2c5910b554c4f036c824aa72da27c278f64dd95b6bf57d897c74218d69750dca01246bd71476afac859124eab3bdddd8d122c99042d83c4444238feb50dd6bab3b2b8c66c070"}
[2026-03-22 09:17:47] Lead stored successfully (both tables) {"lead_id":"012de882c94965f56b26ec8915f0fcd0066dd7dc696847ef0c42a6927642292362e0057d52e31fe60eac65bf2cb29a1c72f167cfc5d670acca35cb2f0ebe3159f4df85bd518337feecbc4b0559ef8af76be65e928d5863a0987becb14a27c5f1e43afbb998a99f4c716464ad76b8f03bcf"}
[2026-03-22 09:23:54] Lead stored successfully (both tables) {"lead_id":"012de882c9fdb720c5fa575c22ea68305187f1dd8917ba3cc7295161c08f6d3e76935a2309cf690217912a40b117f128c64b5555ae16bfe7974a9c4b89f40cd719434ef846eb8dc78a9e5a1266426208cffc57ad7dc799e2c4989d503b89877683b9f6412a22571dbbd0dcb8afefafbc77"}
[2026-03-22 09:36:05] Lead stored successfully (both tables) {"lead_id":"012de882c945b1909fdb4d3a1e60c487f75018edb1d430f0c9e76bbb4434b90c9fdad78b0cb3bde87d36ae0b7093d77f8ef084aeb92b8a38ce649f8f84352e3ae1d9aa739c03425045797066c73c1c1dd33119ba27fc8b3d471eb57e996246178d1db2761847688ad11edef009b8570ecc"}
[2026-03-22 09:58:45] Lead stored successfully (both tables) {"lead_id":"012de882c9c36b690739cb374e954f4bfe8c31ce8fcab39fa007beb971965975578476fe5f5bdb423261f1361843978a7fb51dd6fb3454a15d1ffc9b87124a40aab3de8d99755ecce418016012f54dd7411d24a5353c56367a324797816b05e627ceebb16aa030ba484250a22bbbdfdb1a"}
[2026-03-22 10:18:16] Lead stored successfully (both tables) {"lead_id":"012de882c90830fa8f571c59dfd741c0188f3d54093ef8fa485e7b227d4bfdb61a504b3965e0e3b0ba1f86899fe7d7c650936882644da989d822e8f46c6899976fe0a55ad0de232f7632727fed7bb999b9f1635da114a5c8e86ac16721ec11327d6bb2ee7857d6e32357d95ab6805a4c2f"}
[2026-03-22 10:34:02] Lead stored successfully (both tables) {"lead_id":"012de882c937f266f4ec02cb6857ca28f616b434634894c46b127894c8a52f7a59b6cd5d34fe19d445c7a04c20d0cd4a03ac19859b9de655514e6f38d7432447f25cddd461274858fe4285270d8964a032ad85f10298db40bc1e16e4c5896a023d2f493d2fefb02546bc91480dc6b4826c"}
[2026-03-22 10:37:04] Lead stored successfully (both tables) {"lead_id":"012de882c910c6b0719833fd287258a78a7a2149ef275912304a821ee1eaff1d11f9e71091a2673d95931624ebdd428de231733220b454782d94efbc73dc0cd393a72b8a6923d1f140a5897021d19047620b73241d96f1f85852eccc2f18a231bd65ebafb0741bc163d9cc9c8becccea41"}
[2026-03-22 10:48:02] Lead stored successfully (both tables) {"lead_id":"012de882c9822a24baa9f4159dc0a937f8316c9d8b2160c8066bac5789316a4541620309bec49507b3b4430d938b109ec056055c5efa3a468f12442ec926d1f3aebd1f33d318849e3b4eb177e091b5d5a3c3af2b77f3663b3e6dbe69a20100fe304678c73ca5d2d6a881009b29a5f26b89"}
[2026-03-22 11:43:44] Lead stored successfully (both tables) {"lead_id":"012de882c98096f8b703421b2fb378bb49a2e14f87a906f0d172fd1f4c491aa195c4699b49c8a69e614a6368a52fa78ea724745b207b1951c20e223fe7f8aebdfb364f0369e3fcf3afe545ef0f22a0ce86b8008cb31ff062f440d86451bb9d5152e8a91793145454376a9cc43e5ce79f2e"}
[2026-03-22 11:50:02] Lead stored successfully (both tables) {"lead_id":"012de882c9136b34a11fe8fca131115d98e61c7e4e092a7d65e5f5690b5bfcdb2719a9c374e884f5d9bec38b5164709f1697bb2f6b495d83e6e54802e48d8546493f1f5c778334f0f91b4a36103710b6bf4ca971e1c3c891eff991ec6352f777ca895236da79aec731ed8d18e6a1ce8182"}
[2026-03-22 11:52:16] Lead stored successfully (both tables) {"lead_id":"012de882c90cbf8abf41d091eb856ad32e51a9eb366be8e19dfbf4900eacb59c9056fdd2edfd01f004e86cf8220e14f5d8392f69f31682c479ba87e31615aca3d4bcf7cdf6a470e3257aa8c0d1e9545b53209f460faab01df83fef89e6de7d4afb6c6f239e0c414e290abb585722c40b17"}
[2026-03-22 12:04:14] Lead stored successfully (both tables) {"lead_id":"012de882c9ee5ace69188c3edcfda13d233b221e8374f6d430652a71b94db915d4f875a10f498b0899ca2ebf854c07fd8ef58370b0efbc78d5102fbfba8444fea60d06bf4b18d5ca9c9b02405f520407aafc1ad33fa81aea380df08b347ba0c8351e3c10de92baa9e7b4f5e2a12fa30960"}
[2026-03-22 12:05:03] Lead stored successfully (both tables) {"lead_id":"012de882c994d5353469df828080a20fb43d82d97185717e33dd5ee8b40ee77a2493de18a95fe33a11e3d08bae2694116f546b8c29a2ab2c47e5fb2d376a2fbb188246866546a8f0a70dc6595ad34bce78f993b0d75374148e53ac94f82422caa214166217e09e93b7fe9456905753cb3b"}
[2026-03-22 12:15:31] Lead stored successfully (both tables) {"lead_id":"012de882c9262807d56f82bdee71f59f404d3f72dbec7819c3f2b8458229a73b3cb78375efb5fea384cce0d70b4c32136da616048e57d5c35bb70cebb774ed31394d65eeee69527cc2fd554fb616e063871f666c3d7dc3f95645b8785037df12c588300bbd51f091db5af81aa623e774bb"}
[2026-03-22 12:58:43] Lead stored successfully (both tables) {"lead_id":"012de882c9a963fdd106f55391e62a4af147f8e2b38182132ca9e07c18f15b2762ac9bca0d02338adc73476002090cb6ab8c801c80209869d760ca1d0aae05bd113dda86e7c88d07bd735baeb215a4423bd925c2d4e536f99aa0e521ebfd3e0068e2b037d0b6816b19f492e7ddef31daaa"}
[2026-03-22 13:38:01] Lead stored successfully (both tables) {"lead_id":"012de882c9fa43ad2ae208ad0c8e3e0a0bb8aaea667414e8e779ab74573f2739d03a3e235c6b779e3c50e7c3ef2046c0662f961312818a52baff0e72a432611cc2f59bed118deab1c48855fca9fc3ade56d635546c017b08986df62f8c6486f5e5882b43b0a957245ab29874fa629ef4bb"}
[2026-03-22 14:37:59] Lead stored successfully (both tables) {"lead_id":"012de882c91165d49e712edc14cb0212c7ce951f533c2d061d8682049bd3d062da289ebb4bd0fdcc7d266bcf03f4c57cffa1be25f36597c2e838df9b6b684c30604f8ac655ff76084f43b0beecdcc222388ab2b4b73f3f2672daf9f1b402d3dfaa49fec1c645f51f0b1c0657d5ac6d7a9c"}
[2026-03-22 15:24:28] Lead stored successfully (both tables) {"lead_id":"012de882c94e1c59949708c55f9fdd7616c9aab838251180312cdec9b31fb25bbfb7958a2a243014c7cc0883b0dc4c069b7471be78ca2ddcb1461c829617bfaaa3319b24be6a3ecbff623826f425f0f21c10550a8ffd59387a04ad2c24c044906c956911df9d11a8f61aae5bd74d6fd369"}
[2026-03-23 05:11:33] Lead stored successfully (both tables) {"lead_id":"012de882c9d4221860e3cc9bdbe48c6a355fe357db26cff68d81f06d85a9630db79753ce0972195a59fb57aedfdd5d07c39993624e9e257a3bd3e65bbadb79c5c3ef84d85ed8f95a13f9b57ea5113c0104d7fbd6d2984a6d5ae6c2b7ed17953d91b4b838197b848d3e84e444d3bde99c15"}
[2026-03-23 05:54:59] Lead stored successfully (both tables) {"lead_id":"012de882c999e6cc306f55040c32a3135be45f78e69ef35a4a57a56e4dc85cc73c011b321b99cbfa2546ce94f60f79"}
[2026-03-23 05:59:00] Lead stored successfully (both tables) {"lead_id":"012de882c98eff97a663c5983ddc200181bdf3184c72f8e0f6d6a977cb85a8425ff4c6e2535f8fa2aee547cd6630cbf06399f25c0f02afd7c8f9d61c69c80e13be4e258cdcfd4a66c26fdb441af6a44396111c181fce45ef4ca5db31f4c7841e8908a0a51a7afffc993c4da7d22f39053f"}
[2026-03-23 06:21:55] Lead stored successfully (both tables) {"lead_id":"012de882c9f860ba5f48af47b98fc0ac0f5bb67b99a096166804cf0795ea894125594a6c82ba87e2f0f0e925f7602601598327289607bd955702fee94786ee403428ec71d010eca67e09bfdd32155cacb5cfbb0fbba41a1084c2f449ac5c35bd736b62b42593d41afb3c4fda733d4c9bef"}
[2026-03-23 07:24:06] Lead stored successfully (both tables) {"lead_id":"012de882c9faeaca4955c3d8c0c6ad6b35585f056765bff4efe139607048c48bdb3da495b154f5542572d9878f032509288f567c05f8505dba777d1521ca497aa3cb121e897f973de378f448f39f96490c7032e32f5e93f77639b109d7a65b4510454f7010377a84eb576f1e3754caf5"}
[2026-03-23 07:25:39] Lead stored successfully (both tables) {"lead_id":"012de882c9c25a08d962222944f9c1d6e31a45a6d255459fd7fe2abb349e2fa382d0d651dfe4bd1b0b944c4c2b430ecd6a5bf188b0a6537750f0e74fcf36b51a2cf27bd3f1b4904f79e10403d98d8c7fb7d228fbbd495ce6300036482b876645cf753bb2c7900c9af57c8f4c29345d14"}
[2026-03-23 07:26:20] Lead stored successfully (both tables) {"lead_id":"012de882c94ec0f33e6439d4758aefceadea9ee4f30f049d1b6fa718a1b4b9790d8d40912388eb5a79c480a66a8ef308932f8cd78248789dc0be8c6f95dee9cf091eda05d70098699ce13db9b88ebe41333f0cd1ac946b64767eff43e8d0e8aef7e08047478b7e04e2bfcbfc3dd2e16e"}
[2026-03-23 07:29:25] Lead stored successfully (both tables) {"lead_id":"012de882c9e0ed26d4904174ea6cfd2bc45a4dbce9914ba6027a24ecdd8a930cbd73d595b49e9cdc908264a48bc6e641f276e6bf856d0acbc4178ef162a3beff67cf4a9df0890d414ec7c17b726bdc721194b9a9197a55a6b4dbeeecaae53828b44389a2bc2b39eb0de7775aad9a905b"}
[2026-03-23 07:55:11] Lead stored successfully (both tables) {"lead_id":"012de882c92a4b5787d5b6d9670f6b167aaddd12291d505e7fcdc5146ac44c8041c4657ad393b427f6278c949f74af0ade331f748032852f953757c7a070a9e4de145e9cc0b63c6a6917eb1b9ac4aa7c8192fe93ba052f0e734c7c8642affbf56cf0db593945024fe979be29cc8d72cf"}
[2026-03-23 08:29:17] Lead stored successfully (both tables) {"lead_id":"012de882c903d9843ef41fd20f2dc14d86cf6c7d89926490e6b2be470c90b043849896e34a4dc858191f667cdb06b5c8cbe7145b1ee75d03c6b2169de5db79c4d829af4eb4cd85214e4d7dd4e7ae3a19f0abc64bf4d3e27bede40bc5b76149d63e2a6d526d8808b627dd8b550ae54e87"}
[2026-03-23 09:30:11] Lead stored successfully (both tables) {"lead_id":"012de882c967b411ddf8006883b0f2d6f4c8f5711fdef2188d1702c1d50d9c75916dcfd3f5337c7ac8c93d01933c0cc7430d7f76647d4c972de5d53e45a462717d753fbba8543756c2dd1937070f01c937b9c60b6eadfa4aa3b479570c34b94cea030cc79a97ec1fe30cc9c831777888"}
[2026-03-23 09:39:21] Lead stored successfully (both tables) {"lead_id":"012de882c9f304b6b61ae5656d4521f1e0efbfaeb427fe7b5609191d13c72a2fa50b9f90cb54c83f92209aba37afba6e6e646e51926297ce64038b2c5f030c1cf5793b8a7f1136210e14457ab6bfdacd26e3cc4d2a31e6e2439577532d1b440a06266a64c37c098026d6478821809087"}
[2026-03-23 10:13:13] Lead stored successfully (both tables) {"lead_id":"012de882c979a2dd358363bb14920cfa90e846e58fa6a8b4d5ef9a1cc4f91c4e7a7b4d6450e3c46db523f47075361d535b5b43d82c1e6fc6f65636c08bf9b0c028d105c6fcf66baf7cf2b1828386628350fa1e574bb28e302b298e9bf4018af602c089f92aa9ae90b0875ec3a31f298a"}
[2026-03-23 10:15:21] Lead stored successfully (both tables) {"lead_id":"012de882c9b7a47768352633009470bb89a90eba65bd233112da164c9525895f587eb543c44f8b273f4f5fc17c7c351c3734f40bcf7a09c3ab113d1bd0acd4f2feb9ddbc11b265abf0112856205a4f810a065e12e193fd741f2f2bc25700306e2babb820f668604fe5d7a74ea83b0e16"}
[2026-03-23 11:33:19] Lead stored successfully (both tables) {"lead_id":"012de882c968524226e70dc1a1660d4eb2059eaabf8f7cc7e6e455c8e7125b74e1636afe89665f11665a1be77dec7a00a9a2e8bf97b517d4ab809b8127657a1410aeccec83ffc684599490ebb5d6031b9d3574a86de00523dc57cde3365e2d924fe7887b2eb4576bc148eb83d910cf76"}
[2026-03-23 11:54:46] Lead stored successfully (both tables) {"lead_id":"012de882c9c0f20a5b38d4f2358d0c2aea097e4c01e864bb648cee92d04028278dd41466a8fc19adda856e7a66a597c81ddd4cabd1acf179517783826262ed1ae97a15bdf40f5cc7ed545851ba797672ad8098ce0c1e575b81ec00bf080c84c435bbd5aa28c2f44347467bda9c5f98b2"}
[2026-03-23 12:11:24] Lead stored successfully (both tables) {"lead_id":"012de882c9b00e737918090ea112aa4cbb6e746bb3d834dd618e27309b87c3faba54e0acaa4dfb06ed6ccaf817ae041dddcfd3384366d6a729bd72e6a7d26ff752bbb7f56c731da1019f5ffea603ff9334e0a84fd604ab6492d0bba595c1e369c88ca3ceaaaaa57de535644cb1b04d13"}
[2026-03-23 12:11:37] Lead stored successfully (both tables) {"lead_id":"012de882c9e52a1c4100d2b8b78b5d9cd0f6c9b6ce4a8a3201a7ddee3849315058bef2745a3c07fbd78c8f0a73b75de8f4b59e981c7cd3bd452e6d52755eb6dbd316ee739b89b090ae60c1b6661071d711c63df31f1e780ec2fdde7d2f1602f932741701d272a2a06ed59da9453adf37"}
[2026-03-23 12:35:52] Lead stored successfully (both tables) {"lead_id":"012de882c99808f58a4a82704a9b68c34672a16596fce3bf236600e8139e70463ec4454b0bfc0b07e980115196f0eca2cd696315c714923c8b3cb85b540bba5f044401031a68e2d5bade5648ba11d39b877efc3cfa5b7a2bec768903b28a8201c89feedeeca03d9fab04bab8ece9e954"}
[2026-03-23 12:39:35] Lead stored successfully (both tables) {"lead_id":"012de882c9400b1a7688e0023e4041d30dc30ca22b8c9a38a95a26db830306c340ae49d25f37f4d324c576a63a1db281ab72dc2e7b957c40f87f4c4a4fb0577f339c2a0ef3e97f5b53c1f90bbd8953f1c723575f8458546761944224fcb38eddd38525a7399a90bb436b061aaa8b29a0"}
[2026-03-23 12:44:03] Lead stored successfully (both tables) {"lead_id":"012de882c9421bf165de39d5c5db1df39854526c3013a3eaa4887000987b42d0603a3cf2b1b7fa05b6c99ee03ac860cbab2db68be742071dfac5d273ecdccb4d10e0c2c6d62cc177df19c1b974ef669f62ba4ddc1ef67ea7a6a8918a70338b6fddd37d6fb740355d9be16c29b6351364"}
[2026-03-23 13:01:45] Lead stored successfully (both tables) {"lead_id":"012de882c9fb808ee7694c9df3f8661a89949dfb31b9185b274df6d739ef6a36b8573ea40812ff769ebf7657cf0e28d44c4ca1b4d968ec413f8c502f57901699b3df8f2f857582ec4156cdaa27b8e2040680732b1382a99d8fbccc378f5b63dd539295d0b5f47e5250af278dd2e2d8c1"}
[2026-03-23 13:08:32] Lead stored successfully (both tables) {"lead_id":"012de882c9ab720517caadc7bdc4ed105468de44a28a0e6a36a31cbedfa181ff606b1a4c86c6ba8f8ea3d78c1f8acf700449b01fec6a5a484f945a97a8bfa6971cb635d65a6ae8243c10dfe30fe422e0b25d2c1c3774b27272dba2354d46db812f2c423f93f158ce6b7069eb68f5df10"}
[2026-03-23 13:19:29] Lead stored successfully (both tables) {"lead_id":"012de882c9400041236890266eb209b5202d0f0fda8a6b402bac01302caaa6a1cadc063798c82f5fafa98e7199b2239547756f87fb1711c9ccdbee8fbc5db6f59452d25df1040d8ecf92c3a1e3c367574bdef632834a62a4ff88185170617b12add7fe4584f8913b905b97227a003b8c"}
[2026-03-23 13:27:21] Lead stored successfully (both tables) {"lead_id":"012de882c9a05c29d5d313d44836689b8eae024405352572a3891ce347769c09841f7ef55f83fa46f0216daa62b5b7"}
[2026-03-23 13:29:36] Lead stored successfully (both tables) {"lead_id":"012de882c96ca3470c2e712471706ee807c8a558fd5bce473d571c2bef6ff3698ece522a1342600ec34cb22bbddef2854aba1248c61ebc1f9e40571ed36eb7ee9509aea485800bed6ad8e5ba9cfdb9c94aebf5f93b7a1609421049b8e7027158a06945371762f1f7c33282458da3c574"}
[2026-03-23 13:50:59] Lead stored successfully (both tables) {"lead_id":"012de882c91dc8310f64960b21e635569c4ace99c673cb3a43b1c40c2c3de8bdb1282efa73ea9e7e3a5bbb7fe2af3ed16ad1344daccdbde2b66e2c3561df95449a86128e44daad4c8665c8f24f546345df28c28174f6ed2a643cc6dc550c90a8cffaa0763d93e8adb1e3e09d5cd49b0c"}
[2026-03-23 14:18:48] Lead stored successfully (both tables) {"lead_id":"012de882c92a99fedda3d5ebd59a4d209341a91bdc843cb5f9510f2e1f498a72977d7f7d8c5693a311c3c710b21f4b8fcbbe68ac8f40e34fba85dd7b6f816890f348387f534a57ebf5fb2b3345b6cd7b842ce184f1b01bfbd082704a0f61b3c42569ff00bbd5f6782e4e5c842b4200d5"}
[2026-03-24 06:30:05] Lead stored successfully (both tables) {"lead_id":"012de882c947aa0b79c0b0381906c40afd159c67de34f0b5acbe282a6e44f8ddeb3a573b334827f7a4350ee9b0f33934d23237d5720e57363043e6bd700d3bedfb5ebebbd45886d4d2881d22849ffb07a07565be5b7c9f8b0d82201736b3ff0ecdfb1f08a26419b4b1c731720e41a298"}
[2026-03-24 06:30:29] Lead stored successfully (both tables) {"lead_id":"012de882c9b62ed0f0de0bfafd8823114669bccde32b26c15515e1f6e774624195482f75bb5516b37352c8cc056de74adb3b04b5e3ca82bf27f474734bb92c8fee4f9bbe219f3855da85ed111061864bf50f9c9d483860fedbff114aeffecf6543448297e7ea705a61279caa6a89fcca"}
[2026-03-24 07:04:01] Lead stored successfully (both tables) {"lead_id":"012de882c94265e0998d021cf40cd22ef181b7f8ba9692eef0f24af741647cf40a578516f70a9efdc044183b74495483ba6e950ecc2b0c5c72f1e8dee2fce3f5e2831d7da83162761b1c3a62d1f29c41d5fb2e731ab493b022a2c670829859a7eaed67ba1542509e92160c2190fd2466d5"}
[2026-03-24 07:11:36] Lead stored successfully (both tables) {"lead_id":"012de882c985465286ae298fcc25fbba433b621b9d1c2cb0d65584247ef77e34b78d7bb61ec673c6b13799caa212da814ff91b5a0060b38972bcd8cdc8d1eb2e58342a4a0bf15e301a7391c317a807284c46a7601dbb4bf3cfb8329e20c8159ee13a8711b2bdd867ffc5bef69796b59bee"}
[2026-03-24 07:24:12] Lead stored successfully (both tables) {"lead_id":"012de882c991facf64fa20aef57258cf6abcc60fe9d4d23c020899801ad6a15de0a30be828591a3f5b223aff898b87e14d6f911dfc6652003dbdba0e4a3909157403bb04521e8c3dc4aad3e4c995e0d8533d8da3e568ff90ed7db748bdeff5be367853bb7674711c2ad9a04f211f240442"}
[2026-03-24 07:37:39] Lead stored successfully (both tables) {"lead_id":"012de882c9561bfa2573c8e78a90eb40a988b93cf3fb3c363645993b69511c30373ca16d50a7b32c373ae6cafce5953933f92ca9e19252c98816ce500aa0340e75d3e77fbdc1f39dd2e109772fe7ea6770a23bd469150bcca5f3280303eec4364c4bed7c0338998b272a965b32bd25312d"}
[2026-03-24 08:10:29] Lead stored successfully (both tables) {"lead_id":"012de882c9b340f975b554228b3c562c120a4f74254ed5d9a2fd265c2b5c0094ba27d27feff40707e8a3d2e75a0195ec172e30013e5e34eef573f3502c285cc09e36b441241194bee1161640f8f3554438a05e095c57310227b8bee4be769a9245d736e053c1db846b76b1fb0c2444ba3a"}
[2026-03-24 08:58:13] Lead stored successfully (both tables) {"lead_id":"012de882c917f1ea3be36f60ad85d21419f93f39f53a622c43825f2442056c6def52000a60850789d590b8e42518f09d80305ff104b28a8659e3bd059e36a49d0379d77f054efc802e818c11763ad29d26b79aa9595beee202b47f614ec0a6840c4f1072bbbd56211b7ad04c08c226f213"}
[2026-03-24 09:24:18] Lead stored successfully (both tables) {"lead_id":"012de882c97a52259dd2b2cc33c8e97819b8d13761b9200fa144d5af3d4214a519c43e701ff78f224b762aebd057fa0ed801f9fbb318123d43283f26f3d47660a436758789c39898800afb873991b1a256adf8f333d52cdbee6595091653fd9b0ae6e69ca17fc4e73500da2be3adc77b1b"}
[2026-03-24 09:25:31] Lead stored successfully (both tables) {"lead_id":"012de882c9a574253af60b69a3af1fd771431f69850a93466daa09c8bae253b43217bdd975bcb12d57ace20b31b227ae4b5106ec164d6db2815f1a7d6adb7c40fb7ea5c85fee66f36950054b8b8d118d3acacb1ec7cb9f0333865cc9d07fb3fa5bfa8815fc95be155852661640ee04818b"}
[2026-03-24 09:33:16] Lead stored successfully (both tables) {"lead_id":"012de882c934d5f7c2568df20e93c05eacb2e6d42726cb7ad11743574923818cc04c681068525daa160fced55c9f36d06cdfceaa1c0e3da9d52de267d0bf231c380bf0f23a0c4a9fb6f7650a7a2532818db4b7881c1adb4c87b0dddc7cee8b96cd1f1ed7952a53d2247c0946624f680cd2"}
[2026-03-24 09:34:41] Lead stored successfully (both tables) {"lead_id":"012de882c9b34e6b524fb5dec0d923c7baf78406319ebe4a785e021e4aea9be41486c320ff361efe9bfb899134650064e2ea3b58e25aff8b5793dd072eccd7112c47983589d78d451ffeef50d587fba762695b76bb6ad4559c8bd9adb435940e9e04b3d58cd8fc6d04789dead204e1c2c4"}
[2026-03-24 09:40:49] Lead stored successfully (both tables) {"lead_id":"012de882c9b07915169c9950845386ca87122b8b4bf0f8767ba6df9d85056d887d9c756b6044a14911df0d358c3842"}
[2026-03-24 10:36:58] Lead stored successfully (both tables) {"lead_id":"012de882c9ddf6c33f4779ab6e3d5b936c9c52eaa19ae06594280f1be7b8c21cd42478d2f6dd17d8d71d801f396aef4f871fb37c07cdbd064faea6c5ee1924d18c919abad29d64436ad5dcde1d3eb6431efab4bee914430218c040e17463d197a3c52034f381432320370261ec1d6e9da6"}
[2026-03-24 11:10:17] Lead stored successfully (both tables) {"lead_id":"012de882c9403495e3177698db886e79769f09cbc0d82c0b6d313d61168fd5cc6c84f6402c4b6fbca76b3424b0fd44f1306321de8d97aa8594581431385ed414eccc1408dec5f7ab67e51c2b0806b011d275dd35a5420fa9e524626dc218fbc4e15dc8c3998edb3fdbf908a74cffc550d5"}
[2026-03-24 11:12:17] Lead stored successfully (both tables) {"lead_id":"012de882c97ab3a1dee17fd2a5edd790ab05444ba6920627c8ee04949fcacf2191445c757e0e9f679fb7473fd35c625140990f3e37d9cc48b675541e54e66822062f11f4b8b22c8cdad5abcf864ebed3f9dfa0b998af22ee4cdfca8ea01d4c8d97c8d5297343ee4624803e2952704f3436"}
[2026-03-24 11:35:23] Lead stored successfully (both tables) {"lead_id":"012de882c913f0266867f97775feb5822523ef547a7f5b5fcc474bd4ab0d90cc6416bcc3c58626b95b8704b6e5348dc69a2fdd8df45a77095ba550c50fef28f20338d30c9920d11f83f3b279c04f514528dbc44e99f123db3f24e0af3738c85093d33e5e43cd454d82154c17959b8c97c7"}
[2026-03-24 11:46:56] Lead stored successfully (both tables) {"lead_id":"012de882c947281fae96a2411c1840d6f40e1b0ae36bd82615572cac707aa223f253a92c00b5fbd043470453a33ec300e61f55aa8e808cd0c008d21a41a17299c28e0ab599a3b61d2c9b38628b8782e4016a44167113bae1c700d11970faf538c8fc29c7d35e9ce5d58f7e7484de572f58"}
[2026-03-24 12:04:56] Lead stored successfully (both tables) {"lead_id":"012de882c9faa9b88873568dd0f7777fd6bd24e27b98cbe2de8973146856c47b475e5219a207601102135a583bbabf80b50536993c4efcd9ce46c7ea748b0cf3583cba2ed60c663579f0f36afc7d1a716c1ad87a8ad8d4ee6165d42334ddf736f3e23b525ff922242425ea62c2778e5440"}
[2026-03-24 12:18:02] Lead stored successfully (both tables) {"lead_id":"012de882c97124549ac7cb8a6f6e18f1ecf5b26a2e242ddd0299f020a4a944ce77d71a706d275d23689cb7428d2d6a3c11d5874ddd02a7e1cfec07b8d2a0222a088bf8607886f1827a168cd6"}
[2026-03-24 12:32:22] Lead stored successfully (both tables) {"lead_id":"012de882c9d401112d8f23d3e8b55e876ff3e5549357bb2ebabc96eb2ebff6273f7660ab833544d4b8d79f064dc005d4344978e5b0b7af97b22624417bc925d0889656cc6e2464d5ca11087d765f89efc99c550c59237c0aee3059502cdfe10ac715d4666480a774f54358b46003131fac"}
[2026-03-24 12:34:26] Lead stored successfully (both tables) {"lead_id":"012de882c9ce67608d1892cca85ddb1145499f7f5ebd5e92038e5d2d5fb625ec5ceba2c01eaf1d7bccbb2aaa5e546aed8140c48d21c3c90bd4fa973d15ae3f4e9296c5d0c5af113056717ef5de140ed9958e1490bd6a89f323c2308bc97428ccad51cca56767180cbd3754daab06d99d5e"}
[2026-03-24 12:54:50] Lead stored successfully (both tables) {"lead_id":"012de882c9b0d575523847b0737e9f1aea474c85ad87e47e2626cb1fd848a0b8965460459ce567e65b5ade02530b52335086561c79395359ba1e686da9635e5e94399f8fff23e20a492a241baf03220ffedb286b3a210fa3b1a536ef71a72654acd6c1dd08f6d9009554797adb49d17523"}
[2026-03-24 13:32:40] Lead stored successfully (both tables) {"lead_id":"012de882c9e855472ac0f62ad8272b8bc60d7d220d10a89e41ac9d31e542633f4355872fa7bb6d4db866e2431cf5de57b2a6859a05c4713d2772d55f1f3321f0f2f46905e25a8b85465d37a4960a195d58c5db7aa8d254d0ed26ac4f8398d6d12ca282126b9f39a29dcbbc2241e56a8fec"}
[2026-03-24 13:33:55] Lead stored successfully (both tables) {"lead_id":"012de882c91e2ee48f60e8798944536400993e61d67070cb8798e2841107add6c99abd7d698236c76b9fc099707943321d21e10b86c0825211acd25d03a356a98e7b1073b8b304fe316f7cdd824a77cecb2adf366a5bb744ab16df95c3340b0c2d90989db25a6cf8e12549fd1de7637e3f"}
[2026-03-24 13:51:20] Lead stored successfully (both tables) {"lead_id":"012de882c95f993cf443d1b1032d6e558907409e3c2d354fbd8e5bfc5169a3c2a03f058c991044debd5125f7b0d7d5bcca5c7003f74cf7503c1cf3030d849a07909f76170b22656f117525a2d80a2f61213c44e19f8fb9f4050c1773e92097f35cf933d02dfe709c5ae2c8abc95c60c65b"}
[2026-03-24 14:01:00] Lead stored successfully (both tables) {"lead_id":"012de882c9cfe123defd5514634f586c60fad1d2ae127284118f5b3382b7bb1bd91ba2d11c4343178821c5b4fdbba94bdbc366dd7052d6698749db9f7b80fb1271bafbd79c0460ed82ba372363ea95b7be1ccd029248d56d6f9e3036a8eb76bc94aee9d3fec1032a0b4072e7a75e486bf6"}
[2026-03-24 14:05:11] Lead stored successfully (both tables) {"lead_id":"012de882c9dc4cb813d2466f1de6a96fee3250924706fefc5e87e468c10907b492ebcfd994cdaebef2b7179e1a3ccf1d0443012c2c805157c152ac1b73a09315c065b0fa0822947e9102b5f7"}
[2026-03-24 14:09:41] Lead stored successfully (both tables) {"lead_id":"012de882c92c681e53e0c84164b78815d30ce9b0d7ffd22267293690c6420cebc290a986fbe34595916520904b01543098ea04a5f0e821302670ff9210911fff078a1c86bf7193fcfe644a2dabb12247db8c5f7c921c675dcf3444f050645fedfda48dd540349b426873c9c860d84464bd"}
[2026-03-24 14:11:33] Lead stored successfully (both tables) {"lead_id":"012de882c91d14738ddea9733528fbf1c82b0829833c67ffa5818da4a734373ef1c8c58e01ddd19be12bbb825a664a77950f807c8c7bbac593e20e44a6fb3a83cabb8592dd6f914da0a5a5a8ce4d043c21c65caae6cd961fe34499b49066daa73d16a1cdf80390540f31ca4fa8a4b5c902"}
[2026-03-24 14:17:24] Lead stored successfully (both tables) {"lead_id":"012de882c9fbcdd7cd365415d8acf5c8b20d775b7e4699ee33e5377406613225707140bc1bd98856a586590f9ce2fbfea014d2856c08dc056e6eb9f65c646b85365cda434627a71818de128ec23482612cb35e493f28d64bd3b735d30afc8dd607da1485cb20d20201460b3e69c3b0df6c"}
[2026-03-24 14:31:19] Lead stored successfully (both tables) {"lead_id":"012de882c9e8bc53f270be40f4bb28845f124e04f762df110ac95af8bbe454cf7e6bcf898b3abc9198eacc6e92dbd441960b10d68d1c677b1ca8a825448849c7a032f5c023385c545a7e618ff12d17d41714bfbdcb66798fef8c6ff35a9bc57c09d36bd1818b9c451140047f353f445e3c"}
[2026-03-25 05:24:54] Lead stored successfully (both tables) {"lead_id":"012de882c9684b060b5baac088e6c61be5a2340d71df835660760e36ba8c7ee135e9329fc3e29f0936678aafe8d06b9297e52ed8c4c15d4c11587f4ce21a4be5f5cb34ccc6dea6f77444f9cd4cfc5a83b8c73f55232b89726205440ac66e5252fe98db2c134ac517d305acfbf297e0583d"}
[2026-03-25 05:34:44] Lead stored successfully (both tables) {"lead_id":"012de882c9d44e6d068103b94112297dda26417dcbb31ce9b6023798592fa2eed60485c83bde3794e56817fa6f5976ab8df785cbabe09f51eaef56e3d56234c77626d613138198bbca28068a48a2e4515361a7a6d3b3a1e4c68a8f7774d7e67ee5912a93d47e37ed5ef39d4cb523501d32"}
[2026-03-25 05:44:40] Lead stored successfully (both tables) {"lead_id":"012de882c982be24964ddf5a8311e810943a93fae1e6d397271a5f2af211723b61daf21df9a2f508a88ec5f8bee8e5fac57b861ba8a1b5ddf0146e29a04ff127a10296da6b2a88202e2e473a381fa9986f8874186bd2d08d4dbf867c44d08e4e985fa993365105f341c54ff1e1c738e6cd"}
[2026-03-25 05:48:16] Lead stored successfully (both tables) {"lead_id":"012de882c98067c0ac1e2f72e10408d98c963b8ef234fd6d676926f17fbe91fa58e6dbe0ed3b9ee1d88cda3d62af0c102c0f1bda8517a6dcaadfd1e038d5ab2a662b716630ff2a795f68988442fba519de40d503409c558a03caa03e058823a544049a70a3eb00d2928d5c3f0c090662e8"}
[2026-03-25 05:58:04] Lead stored successfully (both tables) {"lead_id":"012de882c9f49ca68d65bd6a1465ea85cf51ff615b1192264f2567b68067b9f5ace72661019681f0d4708c6b0b06b3c546aeeda06c05b5af6ee9515fc942706bced20cfa3d1d7d65931fd5abdffc890ed2006ce3a0ee6c95ded66966b644d766578465a9a89c89d6b101c83eeede1c6212"}
[2026-03-25 06:25:27] Lead stored successfully (both tables) {"lead_id":"012de882c9acf96a5782033ab6b8b287dcac812f5bbe9df2ee9ed361686b4205a103ed3b720f69bdabed39fcbbc96bb84a027f193e450a8280bc35c8aea998ef122f2804dcf86544abd895f739faca980627ee7a8857617bae93760407dd45c5cf43c18f75693d08af50ecbaba3e981dec"}
[2026-03-25 06:43:39] Lead stored successfully (both tables) {"lead_id":"012de882c9e2be8f38871cb0eb36669af9392659b958362d113839028b2370763d6335f94d74b85f5893477ed0b49a08515dc455a10e86e78518eef072281872c9f6b5bf934435115217d7a839d94525803ac13695a3d136cb7724e2716f8d69aaffb4de490b3e6767d9c5d6f9c62063bc"}
[2026-03-25 07:02:37] Lead stored successfully (both tables) {"lead_id":"012de882c9e786eb8b79f532d4763ee4ead96f04bb778eadd498d3bca4476cc245e2b5bcc6494fa39b33a4ea3f04dd6a767dd75b2c9cb92b48a2f2c7e868bfe1438218c62c3f726493b3450dc290e6eb59b08f6658207c16332eb724ba1c5b3468872cc4ddf22d927265ad460d0b5d1e30"}
[2026-03-25 07:05:00] Lead stored successfully (both tables) {"lead_id":"012de882c95d09c4d1706b3f182860a78ca702460cbec6bee9be40473a5a5f40dc5b0c1d340593c07ef8147685a0d0576d8e8c53d8beaca3734f82b39e7a61dad94342e1b643e4fefa5e030e26b3d7e4272b180df8c94209f91bc92806dbf8608b3c931339ec843495360c1f96fcff0887"}
[2026-03-25 07:26:00] Lead stored successfully (both tables) {"lead_id":"012de882c9eadfb6779a8d61af649421bd70429e12fcff4c7daa764a6907a53eca0c2a3954a044f26533eeb5957d202d35b511157f2d426d28b4822c7b1b6f1a3d297a0bd1c8514d4360b3e8c84ff6fb07298f56520ce87c6dbb9b03f2fc44a25b353b60e110355ead7a7f93b1b17d0d8b"}
[2026-03-25 07:38:08] Lead stored successfully (both tables) {"lead_id":"012de882c9edeedabff7a5388bd2b5dec89d61e1146c36d74209505335bb7ee6fd982e5443503d57673c31fa508f71b876a28820400fc64898c57cdf4d0f2f0f8e8c014122526e2e8293565bc525b4d911c1a2edb04878d30ace520c070f7b50663b796ecb0d1516d82be0a0fac05086ba"}
[2026-03-25 07:53:20] Lead stored successfully (both tables) {"lead_id":"012de882c9d718fe5ba4178b07d234087e77f41ff6e477557be32f5f4dc8763e168628c13ab0bb08e53f6fbd5d8435eea8ff553fbfe13db54f1508502c4b46635dc231291283ea54767bc949c402ff63eee023ec8b9fd9fe215865738c076a395d14e644e45e05833e7ef3a56600355d03"}
[2026-03-25 07:53:42] Duplicate lead ignored {"lead_id":"012de882c9d718fe5ba4178b07d234087e77f41ff6e477557be32f5f4dc8763e168628c13ab0bb08e53f6fbd5d8435eea8ff553fbfe13db54f1508502c4b46635dc231291283ea54767bc949c402ff63eee023ec8b9fd9fe215865738c076a395d14e644e45e05833e7ef3a56600355d03"}
[2026-03-25 08:03:21] Lead stored successfully (both tables) {"lead_id":"012de882c96633ff449af11af0af170d5e10201caa8840d448a713812780ba4303c6000e660fb316ee3988aa50faf8c489c58a0becc0145cd6519eab44957dc907ba6c07c2feee61410c115f4a2c6a6e32bcc1f402cb7fefcfa38b3158d49a62c0c723c821d284c029233b7520f78df913"}
[2026-03-25 08:19:43] Lead stored successfully (both tables) {"lead_id":"012de882c97c2210c428bf0bdd873b5c4341b0eb6b938588ac0199bf0c0fa13386a20a69915559d6d3e498bb7dda592cf7481c2cec0966ae9143ace6b4c9b9048b1c9b94e3ff5ccb88c567a7808bbee865ed02ecdad7c73a0eb3e3b72383c45e479b7d3afe3311cdad541954cf24c0a98a"}
[2026-03-25 08:27:44] Lead stored successfully (both tables) {"lead_id":"012de882c94f9daa36fdd8e2e8f8576fea83e6ff844118c0bcb9eb630bbf55cbecc38a5c1d3dcfde63ed6f5c309c15a911e65ab16fe66a01567228ee9c8dae1bd3e998e251f44ae8ccafa9ad8325bb2ed10f11e3e4032e4c6c4146fe2c82946fd1902c053398429d0cb9510cb5251751a2"}
[2026-03-25 09:21:33] Lead stored successfully (both tables) {"lead_id":"012de882c91f56568b1888bcffd505a39890fdf7106cc932ba04ff7772e2404e9384eb2eb1d50e6780afdbcd3c1b57ef9a7516a165b1067f96d30a0e5372ccc592c0a52f3e4a8fa7f0aa5055860ed284abf662ca3fd8d00ab8034f3bfa6cf9605b9610d601b0c8fb07c26a4fb3669915d1"}
[2026-03-25 09:25:01] Lead stored successfully (both tables) {"lead_id":"012de882c9225515779c274ab59abc4ae70479e7646a207724e7b193e4fbfecc4524dea3cbbc5b6ed21a30e2c7a0e467888b8fde168e75292492c17246a6ae7199c8ddeb0162f7486aa38031fda5efdf5824d7987b106f4639e487a144e19f951c444748869fb65175a4403304dc3556d3"}
[2026-03-25 09:33:22] Lead stored successfully (both tables) {"lead_id":"012de882c990473a060c19a52f2667beee44fd754121df5b6611df8ec1a1da86618d87b761450bc1528931b042c29522afa5310f426d8897b065ed99d836573b9545f4fd1e4588be3afb54f3dfebbae712d2375407bd2e8c5af4c74cc601a3f5c3aec82bffefeb4d7590ebe3cc39707b32"}
[2026-03-25 09:59:17] Lead stored successfully (both tables) {"lead_id":"012de882c9eb4e1f3565b717708e1645bd4ddf25dfb4fb705945c376e07b2367d2b12e24275ff5aa1131c549bee98bc424c1a530495672196ffb440b1816714c4c44d56b4ce2c8bbf31a28eb84dd05def8d33fc6bced01a40540281979403dcb0e804735cc3766f842facd03bc45f11509"}
[2026-03-25 10:19:39] Lead stored successfully (both tables) {"lead_id":"012de882c9eb96c3ad8af2154a390a16519f0207d636daeb1bd1715ac496744c29ff7837fdf9d529b536b06a3dcb8cb7378441b6380a51be1068acd6c4ab20a12f7fca31de65f266d0616304f3c2daab64c5165f3a0ee8d310d77cbce80cfe4bdc507248d670252b1d8a15bdb46fd4b511"}
[2026-03-25 10:54:36] Lead stored successfully (both tables) {"lead_id":"012de882c910f1c06ac50e9a912fc9b10c79458e2b5594981bbebda80e5a5332cf1fde25c3885a9b783c939593dbdf02f16483c9b8d821a14fb6d3ace70a3c4bd8e7d5f65ec4bb4eba9fdc35e79d1ec2168be29d10cb7f5b38af99a4db056d624cda900995b0995e2e2a8b28440a70945f"}
[2026-03-25 10:56:16] Lead stored successfully (both tables) {"lead_id":"012de882c9da07c7c4c1bc510f841654ad05290f5f7c97d0be747747416f7a1f6db3239258bb3c40b50efd1df265cef3090a72b32db233a93add819acce9eeea69b4f47976764b2170fff3cd8a8e6fc3cd6167c2732ed4be69c3f038edff8339b6466bee6bbb9c4cec6b2b9481d93ed609"}
[2026-03-25 11:19:03] Lead stored successfully (both tables) {"lead_id":"012de882c9e21ed2cf4c58a0e4b2f4efc8c86efee44fc0736c9de1ea7d807e962ad48009af951c5e2a62abd6f28bc8f59a5dbbc3177bb1444457ed6570e47829ce4ebbf1da2882250db033115a29d8a4b0af011e13636ba49e3d5e99304c711e3f4faf1682370672aeb3d018d14fbdace1"}
[2026-03-25 11:36:47] Lead stored successfully (both tables) {"lead_id":"012de882c9e8c4f1a7c6eb7b09cbc99d551851374a82602eccce663a5946570fcb0416745a66248550c9dcc04a08279da741ec5acbf24e307b28a213b060f4d283eebf1143f6e766c7ecaf7025b3661f9d9c0fd913340c70783ec37131fa3f703b5ed99ad241a01990bfa2172b48baf72a"}
[2026-03-25 11:52:04] Lead stored successfully (both tables) {"lead_id":"012de882c972f3be00d7b82b194dc628a07a251ee533e147af5915b8e291e1a0c8c94cc1b45e4e32221920b10b66b6c2d61e4c7cc5740f6e64343d2e910fbf9a9f241e9be97196e08cb3a49a9f1fd41ac4f9a36ebefc6f12d1fa634502be5b1e33833025a5d0a46546fbecd09ef19b5834"}
[2026-03-25 12:04:44] Lead stored successfully (both tables) {"lead_id":"012de882c9d88bbc4c0a13b6a0ffd2612cadfa79e5eac215cd744b6e24c741807d2d3d059bce5b8bc06b4cb55aeb5836066099f1d1d98f7fb8f2378b842ecc24a9b85eef53131f9834ab04e6887013b343d5441f5a9bdcebbc90737371cfa23be200d3330e66bb6303ee46e3d292cc4baa"}
[2026-03-25 12:05:57] Lead stored successfully (both tables) {"lead_id":"012de882c99a4ac448c777c7869bcfa0b55cd3c57740b311ddd6cea44302347416b68b7fc84dc0e858f791f4ca508cfc05333bd004776fe6efbb515ab8dcf66d7bd9fa2068d0e73edfac213be1a3dca17cb18c36d6f280045b9eeb92021cce0696234fba32f98191af5f674c11c86a5a08"}
[2026-03-25 12:08:36] Lead stored successfully (both tables) {"lead_id":"012de882c9945c1fd825e8ee794802d4e31ba3203d5f45fe4502083aff1a1b19c6737f68058be562cf086a21877396d6921f1e15b809406bed1892c86199cdda926415807c42c3cdf529a1f607eaa14b95eba74a765b2a26d7a4015ec5a52711343866020405f131a97667036b316a45b3"}
[2026-03-25 12:12:18] Lead stored successfully (both tables) {"lead_id":"012de882c91d7385eb34a7fa05deec555e54b26ede5411545ee435d5caaaaad1aa10b31cbb3268c83d2622533f0af84a7106c1f324c85baa1cb71fc2cbe4a6b28d6dde809a70e69f6e6c6f71b28a3be4baeddabecf94187832eb4e22d272e1d3c73df8c10a4b7efce7ef5b56e6ffb550c6"}
[2026-03-25 12:32:04] Lead stored successfully (both tables) {"lead_id":"012de882c97549e5b672afa2e6bdb1bb741d32143405d5ff889411d69af30d3f62d96dec34ceb589255f85459543c92edd7f5979c9f837c3db51848073ea799fbe2e2fcd4d3430fbc43d84bd3052282989de1bc247782804e942aa9c268dbe460d39ae51fdf2e9c80a827bdba54d58bdac"}
[2026-03-25 13:23:02] Lead stored successfully (both tables) {"lead_id":"012de882c99a803db05e06d5bd1e3be5ba17e0c60edb3ad7afcfa6207b7d79ec46837a597d656a1af230ea1d51c00f47c287535c8c80f9b75c8bc7aeccdd506736058c206d88d243862ba4eb92df78206ec4f3ba5ac192724b85a4e5fe91cbceaa501ceabe13f1222f4ae65dd6de4d6835"}
[2026-03-25 13:32:00] Lead stored successfully (both tables) {"lead_id":"012de882c9cf4460278068cf80dd8945169587b4c9c06ce863d30a6a0618779054a3bd7d2219e75a2975730064d134b78a52dde3331419f0cf36d850d8f9d843e9547a07efad08068d9e18b9f1a96491f0655f7c51581627bbadc96d388bceffff6bb44fdedc819f8a66b4de11f6cdd18b"}
[2026-03-25 13:52:03] Lead stored successfully (both tables) {"lead_id":"012de882c9b98858fda36f689ae693c7660faeee8db60e70ddceef528051df9c5559b84ae80c608bf0055b755cc4fa763752e770262d26da01149ae70eba85674cbf26ac9193bd2fb0b1398d6f545118c67a593b2fd34895c86a242d61d6b2f446e5f86ec6cc73a4164616e7d40b5e66f9"}
[2026-03-25 13:55:53] Lead stored successfully (both tables) {"lead_id":"012de882c9232643ebfd0b1374ef0cb080dc5d5ae433c8d0fa4979d442a6591d705bbe32fdba7141ac25ba078b49af24de8564c68eabd10817d125cc434fd0cd4a71a50a331ebc360aa91d5dbf5a5182557431f15ac2320df9a0b1327f4464df18df71565cd87b69beba9e059eeff75579"}
[2026-03-25 14:12:49] Lead stored successfully (both tables) {"lead_id":"012de882c90263ee803bd2c71bb1af2afdd6549052fa3d319944f7d2e4a8ebf5085963b9c372c894a03eb4c5c73ce7853c00042a233c8a1a728ef09c7d4f4bfd7ab2375e4baafef52f5c037263e8bdbeda96d50c649bccde38f9028c9d346154f1a42a43ea9831df0586e861baae7bce28"}
[2026-03-26 05:46:58] Lead stored successfully (both tables) {"lead_id":"012de882c97223fc8c01c40822ac33644aa6c42714f684ff78a503722d6db453d968308c6d3888b179ff37d839962480607b06a4ef1283c39217381fd6df7794ac7bd9c59811ea8df6d03d79ff0df56647d413a919a1ae3dd8167fbbd510530204724c48eb1d268f6c15c4c6bc8d40cab0"}
[2026-03-26 06:04:39] Lead stored successfully (both tables) {"lead_id":"012de882c98b7fe241c32a638a18932f487df5de19fe667d8d63bd97a939e635683749a6c7dbc36fc20ec25b66b5122169bb392dc06f6d38df4acb67ce1f353c0cba5d27876cfe843eb273d9793ca5fc0a72ca074ae8be55bb0a3786aadfae919ab0b277ae9ad69e1bfed8ed101c93a9c6"}
[2026-03-26 07:16:00] Lead stored successfully (both tables) {"lead_id":"012de882c9a46f86ffa5c181bc88e7d233b8263d1ea2a196e2b1c8e53563b6f4be04d7722cce319596650e68fcd72a7eeabdf0401ed89a4ac52f184bfc95309f1a215d20297990563ac11b69292479cfb59d07eb6b862f3b5824dc8c40a2a904ba51d509b726f8fe5c866725e553173e"}
[2026-03-26 07:25:25] Lead stored successfully (both tables) {"lead_id":"012de882c9795b76a271c4d1f7daed793faf857368a06ab94dd1964d21d0cd8ad323fa833e600b5ed5f901038f103c3841834678fce6c5294536c821d0101cfb8a4cc8c1341dd0066033ea718647491dcbfbb09ad268d623bc4b747983a0930ef8e3e57b0e5c1fa90859a44d84d356cf"}
[2026-03-26 07:55:33] Lead stored successfully (both tables) {"lead_id":"012de882c93e16c1e69c901720354a558950ef6150610c47870731b2c114b486a37c8f5c9ce9dddd142c51012a8a32e35cd8cc1ca9c81a7e09add76d19f7894204ed12f9a74a9ba76f2d90406831d3c311a821663718994d9b0b88f7400825130da80625e1b056c8c979c5b2cefa922e"}
[2026-03-26 08:04:46] Lead stored successfully (both tables) {"lead_id":"012de882c9c7741b6d87f5ce392f7fb9afb3533f415e2c623488bed850b7f9a29af7a3d603411a73b1bae63603f3a15e474eea202dd84160ba1f893bcbcb8a7900018d8f29952f1ff0ecd6038cb2b18cb46a073e18a55f54d0d88f27646541bbee7b7a8f6ca323873b974e2f52994c8b"}
[2026-03-26 08:18:29] Lead stored successfully (both tables) {"lead_id":"012de882c94f8f729c3df742b428c5c195349f1497f60267bc48d35904b731befb5bf17f51b00493190c805d48651b9487a8637251fc53a60801cb1d02a6a38b553cd8459cdbf0dc917bb1e7994414a6195893da7ce6b4d89faf2b7ab70f685501f5cbee213edffd56d68f8fc6649d9b"}
[2026-03-26 08:28:49] Lead stored successfully (both tables) {"lead_id":"012de882c9be493b312bc4558168e7856cadd21f023ba22f85a0c97292ec7cbba3773eb07cea58108cd5a0600cfd53c43dc13425eda274121c36c14437e8eeeeaaabe040e21fc08159e4366cebf8a9bd63c21a5076af72127d29438730ddbbc295012aecec05cf300600ed1b432ec043"}
[2026-03-26 08:38:18] Lead stored successfully (both tables) {"lead_id":"012de882c9752f295a3cbd6c4379e081b2d4f8c136cd0b0b90da08c9c3944c4716b4ddada30ab6fadaf3a3820d113bf8dd75ac41966ad0d0e69c0ab9aaa1b1019f58b2ceba9e3c6267e69e51876b5302906b0855eb76a383ee97a73383072d93fc600da65b4de6e51548d15ff7324f02"}
[2026-03-26 08:46:10] Lead stored successfully (both tables) {"lead_id":"012de882c981cb367c10245b031a851ddbb8623dceb2964e5b777c2c75fdf3805a57d881c0deaf00039a66c8bdf92a5b89f99ed1081eb4ee1ed3464065a5b3c2c0eee4d3c1531357608e7592d59341b1594a4eaebe224d1f9dd9202b779f4c16e2480a626bfcda3674b737024859962e"}
[2026-03-26 09:00:58] Lead stored successfully (both tables) {"lead_id":"012de882c9e493c6bdb86591105cce66864a63ee887e566144a9064ab051fbfaee6fd892f097cac64e2ff054d244cd9cac26585b1ebf41f1d1fc1d35492f8c2810999f3e0af966d17e34fda3f24f6a713fc7cb40aaed5c841f5758aea16723e6d08cff7e9697a237d69e035822d65d67"}
[2026-03-26 09:12:48] Lead stored successfully (both tables) {"lead_id":"012de882c9fbf160207433a9bb6c2fe3eef3505a1ec984710e48742293b3041cbc2f366062a430189145dce1dd4f96e9db860dc90f086fc2e4398ee1a5d76c754c4a67a338fd01cca9498e5af414084c2edf80f6258ba333f584e0a76498d67e245bb4241caac3537adb766becd00239"}
[2026-03-26 09:47:16] Lead stored successfully (both tables) {"lead_id":"012de882c9c36c8ea740794f2622b6242c9ecaccb390f788e9415374ba1087d76f5dca1a5576e6850a4c62ed68f5816f4cc212a1339b6fd8ac5da94cc256bc4bcf4a8fab55bbb2d1655ccdd8b282a0bd86472611debe48b1732baab75af5bee4d57464269efc92df1acb3623b56dddf0"}
[2026-03-26 09:48:38] Lead stored successfully (both tables) {"lead_id":"012de882c990a8099c4bc9397680f25baf70c6f08910b3e2dc0fce9234131ab3183c294ea6e374e23c5b29fe8a44e6e021ca86a45b75acc1829c888bc55227e7150864d64aee93380a0346d37df30aa5917e05c611ea0ab13a391e590c29377f2a09deacb106d1f399c4df4c0cbcf619"}
[2026-03-26 10:19:48] Lead stored successfully (both tables) {"lead_id":"012de882c9020caf4dd46ae8d3ffe19b422d36de5ad6655353c0bf6e415cef9fa0808db45f5e11248c5a34235cf33e2721a87a95c6d29eca365f68f9ace7b4e787c59934a04097d1b1db6d2bbfb5c90fea1638428f4b756a604aa059bf55684999ac11f9de76d0886df5d10ef1b7438d"}
[2026-03-26 10:26:50] Lead stored successfully (both tables) {"lead_id":"012de882c92f4e69704fd1dde876f87c9af0715a59992453ab1f690f8dbffee6bc01f9ad6b0b48b5f50c87497fc3ce0a1ab56a39495b5729a5503b50c8c49a9a89c3033c42d5f8a60d749bfd721e9a59fd273bcde51f9836bf8fa3bcd337b225a1bc09f09774fb303b700f65d108ef92"}
[2026-03-26 11:27:04] Lead stored successfully (both tables) {"lead_id":"012de882c909633f1d37e7c372667f1740455c41c19f5cb5b451337c9f5a556db11448e47b49c485f4429bde9ca07633978b72e0d24238dbbe86df10fbfe7e75ea3857d85dfaa551bc9e0badbc74ba736d3210978e1c751a5b5c700518ed807048cd159daab7920f1a60da375610b03d"}
[2026-03-26 11:27:17] Lead stored successfully (both tables) {"lead_id":"012de882c9fe19d02cd6a886c194e9d45f3dc6631c43ae7ab2d958197158c51e8389e568032b70541a535a201588d14150b3ca9668b1b4f2a1534322c50da457cfbfe3058c57ed359429473175fc1550daba404757f86c9ba5c843db8616d9cb4f3c04a6370aeb59e08dca0dd5a762e0"}
[2026-03-26 11:28:43] Lead stored successfully (both tables) {"lead_id":"012de882c9bef44714338a955f0bf5a0816468500b5a16bbff9821bc0519bf591edd4630079bfaca277e30664afa4520f9c0a94cf73e09c1fc14672ebcdc8a868709615b6c23a33fa4c77593"}
[2026-03-26 12:12:09] Lead stored successfully (both tables) {"lead_id":"012de882c915660be0b20922bc20bdf13eaeffc3e329ca9b4e2db83e92bc0d1b29e8579d62f6eb824ea96d1779352db63a6af88b82d65d04367782626068476a6f9514d79a4ef7cafcf46739c1b105d8112f19e0d8bf92002abc576351047f6a743efe5a1c99e2360ecc3352b4f168fc"}
[2026-03-26 12:46:10] Lead stored successfully (both tables) {"lead_id":"012de882c95c9d8a3839163d923ddc7b29a9113d0398b00b1874711169ca06e54193173ef211c4f8adcf5b95d507e1"}
[2026-03-26 12:54:30] Lead stored successfully (both tables) {"lead_id":"012de882c9270ac5c80672b48c0e09c5f2810c4e52471d6e5d55d80727132bb3ce6258e1d0c3134268eef41dc7cff5fac8d346bc3e4d36613827426eca92a465e48c817efe9c1f52b0f24bde5dc865028042dba21e60eb798b1ef691cbf6d2500e4f49fae36eeaa4728792f8df255ebb"}
[2026-03-26 13:22:33] Lead stored successfully (both tables) {"lead_id":"012de882c92b00080cb8ae3257949bb9c7a5521c9e8467665ce3858b45eeb2e2d74c64e37df87f40a5cb5d7bfce010e96e8c0bd209697549ab7bd0a8eb01975f4a3954cb45eb863c2878dc3b4fdf390a64b46ec01022d2e69975c244f04af69c0ad0719751112b951dc6dfbe5303aed7"}
[2026-03-26 13:23:54] Lead stored successfully (both tables) {"lead_id":"012de882c996b4bcedaebb60e6d97a0afd71ced62a4bfc4ffdcbea99b57d9ee70199eabaa7ac94d8b6c4207d1dde211699dfb562d4d63f485b41dd5411ff88281fe682fb131ca5ac7991ae6868331fcf72b1efe5412164cb4db5c62d17cfb7e8e7bd6f8ba25d1e2877c3a0145540618b"}
[2026-03-26 13:41:13] Lead stored successfully (both tables) {"lead_id":"012de882c93c67bd35801bc63135cd68bc3c7eaf12463392b0cadd0122805b306653622366ccae23c8d822a34a26917f68138b0621600a0eb0d7b9c88b94f92e2b5c1645f7e15b24cc773a331825b0b891d5466aee2f663e33974bc9b9c3fd3e7947af96120e3211eb4d4db6ef314093"}
[2026-03-26 13:48:47] Lead stored successfully (both tables) {"lead_id":"012de882c96f8ced94f40c212f97d5bb4ce7f9051c8125a782de2b63fffb567ead5a854d302376415f6e857fbc7dd8caaa19a0d92f8067f1746b37fd0f1bacbe4be76e328b96cc7908540bd1"}
[2026-03-26 13:48:52] Lead stored successfully (both tables) {"lead_id":"012de882c980af201613638786312023ba98566d95a2046209b95bacefec6b051309225c80b46b812a6d3a5490e590521e710717fd421a48cf859509e0f71bbe1b75fc82ee1b13c048e9677d392520c79bb0bba9ef261a31cd5f2934775a73b21ef651753ee9733e10beeb0d01346c43"}
[2026-03-26 14:36:10] Lead stored successfully (both tables) {"lead_id":"012de882c978a3fb32c1d05a70294a6db86f9c66fb5e46625c68f9c5000391a40b81b7b157166f94d698040e9530d53915f3f03b2747e2080f0357b0f85fd184b386302c8bb811653f6eacbab9bfb5013b9fcb02cd7c70dc1afe6497699d1cfce26918a16466cc82958bb006cb87b356"}
[2026-03-26 15:00:45] Lead stored successfully (both tables) {"lead_id":"012de882c94de891155ec402d21f4b603b5f8f48f50614f6a3c1fb49287faab5f10ad67c731879fc454596705a9357f43bd96d171df8b233746a4c464a1ad84b42f75d09be2be9767f015576"}
[2026-03-27 05:47:10] Lead stored successfully (both tables) {"lead_id":"012de882c9f9951a1c058c37b2cf33f0ef12244bb3711bb92641b2ad9f7537002362b85eaae6ff0225f5fcc2ff07767034bd8e8318bc3757812264c83a83e8bb11636a5a3df55c9711e6687598194d2da970bfbbe2823f92a3fa7068db7c464fff0b3a94c2340f4878f9f473a1f176e3"}
[2026-03-27 06:07:28] Lead stored successfully (both tables) {"lead_id":"012de882c984e970c2c09e2b83076658423cd8f7f2cbdfbb8b484a14192c0a907ad3588ee176684c27c29069302f69f756708bf0d58b18e4358ce6ca620b31e7a2dba9bdc7536ed52c74efd4"}
[2026-03-27 06:21:33] Lead stored successfully (both tables) {"lead_id":"012de882c96e53963501ffb0d6353e1fde5396e19c3ec6ccadeeec360d67c4770711b105071d923fa232597c6494ec8edd1e9de2f95d08e13b96720062bf83984f4b67b4f4928e5e1f2f970ba8b87b432bd0af76a9d73eb22759dd6c4e965e2a7319548e77cb261bfc8c722dcc9ffcd1"}
[2026-03-27 07:12:54] Lead stored successfully (both tables) {"lead_id":"012de882c9f130046bd21c8be15adcd281363d923fad3fc45365c2f11b8e114f04db9cccf9576a1452961c5055f305c17ee72110ab04ead70e8d27a11902692e877dbcca0228109fabdca685df846714d1a59acc6fb76920019c012f9bb97d882f8981e0818c763b070711e5070c21d741"}
[2026-03-27 07:17:20] Lead stored successfully (both tables) {"lead_id":"012de882c966c6a8d7c847bbc81f103f189ec73127f21f2db78fcff8911155f503d4f8b7a5a5e3fff6a3aefb60c48dffe17566b3b75c4cdbd8837d2eca7bfb082a40993bf4900a7082006c3f4fd5b0209a18a7c666b3949caa6958e16b9de15d5778d0b7d0ee83cd7a110aa6c8a9e34d77"}
[2026-03-27 07:28:39] Lead stored successfully (both tables) {"lead_id":"012de882c94293be172e0a947279c113a4235ad63034dc657d521971d335af8d0e0794c0fc88a7f5bd540513de6bcb70cbcc2bb37fb9f84e38819bd0bc3807184bb734495ab88e0560b4bdaa04c992fffe45c9e7b33a2b853ead9f763bd833c239d6e3821a056e72ccbd18c2909422feef"}
[2026-03-27 07:33:41] Lead stored successfully (both tables) {"lead_id":"012de882c9aef1696f5b2d949b55e2fb675320b801ebaf9c4aff514ce64972e714a150afd4a15615181771c61c289c23687d56eca18988043f432ceb1dd3cfb1842c0812c43349c1b293aa7ca2bd5b529995c8d08927f21e4016e30f42a8be300c3fb6a46cfd9c38cf167b314a93581a76"}
[2026-03-27 07:45:33] Lead stored successfully (both tables) {"lead_id":"012de882c93e5fffb87330d3d003d8327c3a91a1a9974f83fce887d2b1987c301548c5106ad6f497547e0abf8e1fa37adcfc54b6890acc341fe53ec15a307b3a5d3ba33e814521d01c109ca0"}
[2026-03-27 07:56:55] Lead stored successfully (both tables) {"lead_id":"012de882c9e2b7a1e0daf29b501296b974b972f210fa18396151992a132f88396da05727de6c54571f8712cc6d53eb06ed7d4b3d4eb37194832aa77a97a8b511b290fcd64b41ec3f362d4572f1f83050fc119a8fff9a42062303a02f7ec91b6c7e3557f06a79ed090f2552ad00b91e4b07"}
[2026-03-27 08:02:52] Lead stored successfully (both tables) {"lead_id":"012de882c98546ae6f62e6ff36d542db32498ef9bf0bab8e8bebd72b1b89112c205d51b83a6691e32dc8a93d84af7bcfc6f172107dc528f4cb3d44cb2aab872ec5b1abb824c07777b4e5d2ea7a9a48802f5f59ce118512d8a36ed006983850f82a87184c8688422d2afb034b1f0abc1a4f"}
[2026-03-27 08:06:14] Lead stored successfully (both tables) {"lead_id":"012de882c949ce2fa589a8c9a242fed823f99f6d56ad6130e7fa9738a01602d051bbc7e9cc115c306237a31c6803af8c1371cc9de8d946338736385c85b78ba8f831220129ab53f24912e324c7d31fa868e225615dbefc9ee8f63d650fc637b2642236735b207c0e6fcc9c09fe4be72224"}
[2026-03-27 08:37:57] Lead stored successfully (both tables) {"lead_id":"012de882c93d0f0d852b13a05e488545b791b727170829c14c0901b0ddfeeb0faf0923ef3eceae78f64721900df8683c3b8c37cc676ada8a1c08dbf1c7eb3db4fc1fc038b480c666f80b68d554d342b99c5b140cf3771a4bde690a82b4cfe98c17fdeb018d22a8298bf273435813b09c78"}
[2026-03-27 08:44:14] Lead stored successfully (both tables) {"lead_id":"012de882c935b4cbaad8da66255420ae72f395865252dcb286361e5055b099b4ccec6bfbc16cf8a37521edaf515245114d45802eb7dc8f3d6f26153537ad478ced582e081e10c9dd39bd9c5f3c61ba2ae43bd17ce807301303cbf3c1188a4ab1def1c36f094541a3ed02059ecfc40d0a57"}
[2026-03-27 09:28:36] Lead stored successfully (both tables) {"lead_id":"012de882c95911af4c349348665bbde13a0f17444e07f042b70599c9753345b3c7c2da2b7060d9f60e1a3d8b4c78f4864f84584912cb0e7d49b73ebfe1dd1a1ddcf4d703f4c0fa836b4ca8065d4f32dae8717ae5afccd59e7f9584503da3470869989be278c3d622167b410aca0ae1c8"}
[2026-03-27 10:28:04] Lead stored successfully (both tables) {"lead_id":"012de882c9ec23362e34810c90afe4d40e27f765fcfdf80120dc247e8f040650cf2d22d4a83f41a3cadac030f2a6e639e0f1c80cb190b4787a9ce2a9c4e6dcb0d005bc28f5ce2a3327e82ab4e0ef380f7d93d87ddfe552fae94bf8a5830cba1fec569c732a45e7e9450492a2fbc667b0cb"}
[2026-03-27 10:50:09] Lead stored successfully (both tables) {"lead_id":"012de882c909d029afd8a2a99f2eeecda9b8042f01e6590dcfe10a06ddf3a51b29fd556a406d3292adc9d58da5d9aa4419a12ec08300cbd507ea52b01ddfbb0c9b4edb8caa4fa0a17364c9e43afa020bf565e47a60ed8734070061627d2e0b0566e35ddf663e9620a0ef7659998489c370"}
[2026-03-27 11:00:17] Lead stored successfully (both tables) {"lead_id":"012de882c99c0072d42fc23fafaefb5db6f8f6f98d32741aebf10a95e50df5c90c1ade9c117e5358a31f79aa78cb8ba362be2a2a470bd87ad8258f44fa398156c9e4dab3231f799775e5f52254a79f4229429992ebe96780bc76ec6b7125733927d6e7434d0c433f8d68ede42e57a5a125"}
[2026-03-27 11:11:05] Lead stored successfully (both tables) {"lead_id":"012de882c9bd18cb2167c28f579979c0b4e3fc0edcc45b3c42ff78b8757a77bdd7898093cbc279f6b439497bacdc0b339190a33d02e49970374d47a500e1aadabf332937f73fc83a0bf1795806d067ad28a6a9ed334c1387904aab896a5521b569c16d461c1ded6aca010fa9265f5440ac"}
[2026-03-27 11:13:30] Lead stored successfully (both tables) {"lead_id":"012de882c9224718e7b231c549dbc600112fe8e12133ebf973162da3c6897a8f96668783d3b4633953e7eaac21885608745695e8651bb205c0e85babb66c4772f606dc6ff6b30f88d0e80dd592fc9162f0229d27607a0267afb3f1b3cc3b0737ad59585e958507123d7f594b561c622b37"}
[2026-03-27 11:36:09] Lead stored successfully (both tables) {"lead_id":"012de882c97e4f8deae5046034037337ca1401460ed04b8539539f5b7681a05bb209aefdf74e77b963d2746c08e39a66e21e99badea5d998913f5bcf4f6944ed1d1fc9efef549c7eb90bae93b12e9eac356c6aea4dc58b788dddff9581dbbf8a21280ad8165b047dbe5d489e90833a937e"}
[2026-03-27 11:56:31] Lead stored successfully (both tables) {"lead_id":"012de882c9e5ddd7ef7f9deaf1033527aa650a239ff565d0942ca2ec368d3a882300e73c9791248502c3aa9ed74a00b3760635e46c3ddba23ddef797f69f2f87616ce3c36a466044acb3e929"}
[2026-03-27 12:14:00] Lead stored successfully (both tables) {"lead_id":"012de882c9cc48817a7bcb6364e52cd7b89c1637f1e13613856fc185665c8670fa0501d6b63a8d631c4dbbce224c33b68f785c86a26ac1d2c6b756ec2d06a38954261bb16c7a185981c105f5afef2aa0364e29ffff98f81393726817b6071104f34b8807c45ccedf8fb612f7d3dc4b09ee"}
[2026-03-27 12:25:44] Lead stored successfully (both tables) {"lead_id":"012de882c9d2ec52739f338cf34d351cff44278e91bb1d5d3c7294cf8ff1e301fad3eebef814a8b1533a2ba0b934e6fb7007aa568343bc3f8c5669acda2a9b168a2cef6e50a1c1fb67c115ab"}
[2026-03-27 12:27:26] Lead stored successfully (both tables) {"lead_id":"012de882c90770f89df2461f8153cec990e1409de50ae3de1a362e717aac327fc07a27dd923e7c55912f2b1a7af04be6b2cdec7e5b189679f1e07d3ac64c6689dbc581e6ea0d098df982aaba143a1f15c36a5b4edc52b1384f343201d0e5916263a840e40689231e36711f0f3fe084f134"}
[2026-03-27 12:29:10] Lead stored successfully (both tables) {"lead_id":"012de882c9d8cd116257ff723401be39c6989283286f13da5cdc51e200bfa6ae22df170ece8f42a021ab0a0bd069be961ccb72e242e5b3df095d27285521601a26ca3c0e39d1bf39252c314b"}
[2026-03-27 12:35:41] Lead stored successfully (both tables) {"lead_id":"012de882c99df394ef0c434b8590bc0311a52c40e4c4647762f2b2864565152c1fdbe6b3b7c239e7dc345cf74fd6d96c6c1991ef0f5bcf3f2268eca47b5424f9ef5945190404c78e1660a89ad512412ffec31de0cdf5d2920c0ae7b00031e451644d9a9178046b7c05fbc95a9d153a85e0"}
[2026-03-27 12:54:25] Lead stored successfully (both tables) {"lead_id":"012de882c9cb208100b0a75eb647e9b73a39f07f7b85ebd1b3cb75aa5f9269f66fc7899aa57fe7d81ec0036e6b098681564a9a4f7ebe4b8b0d866a1f2aca45d227853bc83ff5f8635281744a1b06942c732591d01300196f9fb28cc0f512f7678bd20adee792270a0265ef74ae9b9b87fb"}
[2026-03-27 13:28:11] Lead stored successfully (both tables) {"lead_id":"012de882c96e02ca60026287f7063db8fc0a4908ca13423717a4874dff276fb260dc228e3c322d222a89a7023ed73503a724ffb28c629822f9da4290a79a0490acb58e27f0697a4ad8ccada1"}
[2026-03-27 13:30:25] Lead stored successfully (both tables) {"lead_id":"012de882c93d5a5f4188eff53482dd30b4da2e64e54410e227d44aaeb66472c4324c22b4465f251426034c9f91b565ebb784971500edd8809fccb9fcdd33238e6c9b7322cf1a030b83ba8db1"}
[2026-03-27 13:31:07] Lead stored successfully (both tables) {"lead_id":"012de882c949a366d4b65dceefbfda16a170d4471ad7767be6ccdf63aa6258cf319402c697cecf4940c27deb5d3e8818ebb9d03adc701808c6d13329627f2f05cb9a6c6f340d3d1888a299fb"}
[2026-03-27 13:31:30] Lead stored successfully (both tables) {"lead_id":"012de882c9102ea8ed2f5a2c25ecbb1d89721adbd90a475caaa150bba1a16f218464ceddd5bc8d5e9e0b9dfff93b41c45f116cf957157a7d33b441a8a53f9fc612140b0a2bcc7163ea6aeb14"}
[2026-03-27 13:33:24] Lead stored successfully (both tables) {"lead_id":"012de882c9463d4cf40747c2f499af39de3740d8872092529456212b74521e5a4e48e3fd5061f9ae9ca8a935e0f0268772b8ffa508cb2a2d3392c71c20437b9ee4182527ed37c2339a88e476"}
[2026-03-27 13:58:00] Lead stored successfully (both tables) {"lead_id":"012de882c9e4246a5f963e9b3de5740d54f3c3850c06c318817c10ca816548031c0a8a3354ab34df01ad96027a3aff97c41a8ab82a96fc0f69b8486c9a3ae9f16608eb5ab55dbc46eb4db34be7f0dd57b254cae22419e861f874be1cef2c386fda5fcf1778ad5b864f1ee863aea3a60358"}
[2026-03-27 14:00:02] Lead stored successfully (both tables) {"lead_id":"012de882c993c0764402fcf47af172e6783efe0ea1337c9afc88f8a023d7fa0de8889382ee52c6d984c06362dc1ebbe405adfaef78fc8486f39bbb18953d17c59097b3df5445dcb21e24882c9396218b42a463937b58447d4d3efcf1a27b325546bf81ac6aa2348943cc9655a4165b6ad7"}
[2026-03-27 14:06:15] Lead stored successfully (both tables) {"lead_id":"012de882c9451aa17db301ead7229a08e7e2ae869dfc95e8df1eebc4b75d92610686fc2ac9ad028d92506ec36eaeb6f004474d2f06d4cc2ca93358ea0a90ca9bf1dd4d7905ddc63443cc1bbce9c4179b8852d71621de93523cf13779f70c6a7857b91ae76cb83d4acdf7aa5b8efa7ed352"}
[2026-03-27 14:07:58] Lead stored successfully (both tables) {"lead_id":"012de882c92de2354b70c72e39739d6e268cc2e22b7b40c4ba98f41104b68e70121befd9494ca734ad9ea6018756eb8d3e8b2758ae00cbc31ea56c1842dbf813d32c7038f84ebf53c383d1c865b4480dca3a6441e2fd19b0eb639ae8b9bff6dcbb046bb67bf1c8124e147d0b138087227b"}
[2026-03-27 14:12:04] Lead stored successfully (both tables) {"lead_id":"012de882c9013e8caefdc394f38c59f5164c80dc923a81bfe4dfd76a3fa72f8ede4c7a3888b667bf55ebe7f296137ea966695459e7c70d3005c29b14520605073d2380c363870d7204022422b86df4c01484b2080509a35cabb27c45a42b01dcb38c6e8d1ce27cf613b1fd8f832fd8c4ee"}
[2026-03-27 14:13:37] Lead stored successfully (both tables) {"lead_id":"012de882c97b83ea129053f3b77fb99d248e75515c5cb07dde1007f55419c7c60b0187ca73e065ca46680dfa3896ee99805658f60abd3fb213e2cc4aeadfb102db92acecd3e12d248043f351760152a20ec7a691703e5a94b713723ed00707e06131d2d5477fa74cabe13a3a744c55718f"}
[2026-03-27 14:20:24] Lead stored successfully (both tables) {"lead_id":"012de882c9788b8074c398bfa0e07bd6d1145a2c6433206251c7a9fa3a0da971ab6933e63991554934d25183ff611d041641d433d15f03152a075e4b716a81dca58afdf2c74818a67bef6417d41fe71d5d21fec082665444f1d23fe4847ab5c8d01ac4f8013e679d3b113e9467e2648d78"}
[2026-03-28 05:17:16] Lead stored successfully (both tables) {"lead_id":"012de882c941e7d12df6f0bd50857283d9f77e0b1da4f611f05e0beddfb9380febc3753ae3666da695a890dead8b44"}
[2026-03-28 05:23:29] Lead stored successfully (both tables) {"lead_id":"012de882c990915015f2a6037135d9a5794bde8a67ffea99a0a068ca4b19ef8838e2347061de5529d103f5220546eb84ba73db52842db6e37f4f50693fc20494f67190de16a53d1360915213"}
[2026-03-28 05:28:44] Lead stored successfully (both tables) {"lead_id":"012de882c9d82713a8c5488fc7ac045ec5cf888c07d50cef21e2bed4f8a1a0e4a751d048ac01bb64f1d4b654414209153b2fae0f31f66b13466f29721ed44d2b4c9fbe7fb567c19d5e0b58ea"}
[2026-03-28 05:49:28] Lead stored successfully (both tables) {"lead_id":"012de882c9b2bbf57cd63cd9c5e62074f269682f5494c4a14620c46ef4c71bd2662cc5ac676d09e1ec0fbbc036acf9"}
[2026-03-28 05:54:50] Lead stored successfully (both tables) {"lead_id":"012de882c959b4033c8f685d7ef78a116777071dbd5e0914b592e042580e514662cb482f3773fa3ff97b28e42f8583b8a50cb6eebdb26ce6b898c5889d9e9c5648489461631d62d406a7f83cf743a8c54a50755e890ae13329da17624f12cf7563ad1f13e03688fde93126391b0d80fd75"}
[2026-03-28 06:02:20] Lead stored successfully (both tables) {"lead_id":"012de882c93340aea0af311d8cc64a95899234e29723a3e97347c838c5f6066a725d64f5298edab5d1b9e6793f2fa2"}
[2026-03-28 06:04:58] Lead stored successfully (both tables) {"lead_id":"012de882c9701849dd598c5e27f2392e5036fe5d50ae5a961956cf0575b810f6200bd07609b535675f94d538e9260ab2386eea184f704e113c733ab8806f1187da877c7d879b0e8588e3c4b74801eb8083726b3430069b5eaa99385c5a9297dc8efa3aca121c638b60dcea68c978ed3915"}
[2026-03-28 06:13:48] Lead stored successfully (both tables) {"lead_id":"012de882c97201268357de981f8f30f89981157b45c1aad0576d91fbfcb7888ac089dec09ed3488cb4a91467d0489b490cb1362f2e4caf453b66c519c4774c636f281fc015dd4798d1fc4d9f"}
[2026-03-28 06:18:00] Lead stored successfully (both tables) {"lead_id":"012de882c9ae857abfecb9edae70b6d1825144faab5c30ac84919ad109808af0ca573b4afca668b2e2edcd8a66f55289fff67ccf0a2be9b40b5a8f8c35f6e8ec1088c983677f5e10c457fd5492b9f1957d8cc7b3f4b83fee46a04b53696bd02228713cf25ca681faf85834f35292afb6a2"}
[2026-03-28 06:47:37] Lead stored successfully (both tables) {"lead_id":"012de882c91049f96166e8fd263a4c66b3af939b3314a9d25103abf63705b611f58af70489d774ffd52e7d28f58fddaef5e551d3e5f9c86e8626baa406bf85c07c00ab6e1e436be043c1637858e4b025d5d2c8179a8e7e8f924909e1f24f2d226c1249e79d01b820dd645142d50cfcac93"}
[2026-03-28 06:53:59] Lead stored successfully (both tables) {"lead_id":"012de882c93833786b0870308d10d78f9a4f8eabd71b22a6167f84edeb737e6e6ff23365cb8b4fa518df3ac63777018d234e00ad04d981ce007bb7137b5e4e045f0126e1ab55bef8f1c9e9bc"}
[2026-03-28 06:56:24] Lead stored successfully (both tables) {"lead_id":"012de882c9c93e4aa36f88c6acad0d6a1fcfc1d898c16eda545b5004bb8df0b9f37d22f6f5abdb41d7a9f1ec4fda4e"}
[2026-03-28 07:05:02] Lead stored successfully (both tables) {"lead_id":"012de882c9a3b60260094c52b510fcd0d54129465977bb35c83425039b205108768ff2a6331cf2975b5785b1be23df"}
[2026-03-28 07:31:38] Lead stored successfully (both tables) {"lead_id":"012de882c981136997549450355fc526452ded740b0c318ca9c9fd064836b3108511aaf94548a28fd51ab027b547996d51220742317c6e48b6f1dd2b0bfbf368a3bf6164691e997a30315c2dcb5c5edbdd97769c4cf8f469f6ad3bc2588ef176da52b1c99fdce99267a132b95c9e362a"}
[2026-03-28 07:40:40] Lead stored successfully (both tables) {"lead_id":"012de882c9234490b982ebdd165b9092c4df5e1ea6c91f0cf2793ee133d955cec016507a3c0c6c683e3682ae9a0d328f0508fc456d28f41a9312749a797729f9901eebf9d35a9b54e925c9e108fa06624c12c35eaf12e9e777859623948bb84be2eb9d32c85889d256911c427b331ac4"}
[2026-03-28 07:43:09] Lead stored successfully (both tables) {"lead_id":"012de882c96471643d5cd39c13383b2a7c7e0f097151f97f5dead24eca478de4fa0642d85473ffae49bf39ee7312d6"}
[2026-03-28 07:44:03] Lead stored successfully (both tables) {"lead_id":"012de882c9e9b0ac264423f31125e5bf6198d159a9130bfb665bc5709dfb65372d1d0959156d9b262b76edcd401753"}
[2026-03-28 07:56:36] Lead stored successfully (both tables) {"lead_id":"012de882c913a9c86f8d0c881f7ba2c54b791308d61dae6fb6f3d637e33097e7a1ca9500165002d25b2f9599bf0df75cf37682d15adeaac48303804021d784e69b6a77f07e3e3b4753bfe46ada25a9bfff61e5775a00a8bf15836ed26b026a7f4f7efd5f8cb3ef56e384956f1c8e7362"}
[2026-03-28 08:11:24] Lead stored successfully (both tables) {"lead_id":"012de882c96850eba8fe2e084cd86a7bd56dd14ffd46d667afa73f7400832d8a84df880cce9fbe9812ddd9ca55595ec54202a2b710855ec66d5c00f6efc7d189eefab23ab0b447214bf15731ba569f915e6542188f8efb5ceff94d933eae4cb796dfba8a6eb0a8edce8c27fa7bf733f0"}
[2026-03-28 08:12:09] Lead stored successfully (both tables) {"lead_id":"012de882c978b430d862bafc705eb566d6ca2a0cafd986e83b68faca23974303adf73711fbb0e1b61cf888f93361e67de68038467c5ba229ec3ede9d6617c4fe72352c25da53f92400857c33"}
[2026-03-28 08:35:49] Lead stored successfully (both tables) {"lead_id":"012de882c9f4ff36289da18972bcbf61ab532f44cb867c98ef8a2c58f66859cce220842893039c6351b691afae6709ab45ef4bf199de34d24f8a87469b70f41d1e8eff4e702958e6ded5c001"}
[2026-03-28 08:36:49] Lead stored successfully (both tables) {"lead_id":"012de882c91b842aa4203143fad98c2f748bea4f8340a001b5198cdf7af4c1125cd9f9a6ed7192f30f65477c0d2e9c7101791b70508b30b96d27e226bc89040ade112fe225b5d4884cf2ba9b47a18c76647725ab71a7ce61aa4b9d9343981af967016bc117de70df0f89224768648ba3"}
[2026-03-28 08:40:49] Lead stored successfully (both tables) {"lead_id":"012de882c93f8aba4a67db00a365b7c281eb33844780c1b94d23aab09864bcfa1e275f14115dd1fe353f5b62a18019bc272716683d38379718d658ee76a2f600de58c6fa1300c3129e38c63c"}
[2026-03-28 08:41:29] Lead stored successfully (both tables) {"lead_id":"012de882c924f3334cfdc7a2300ec34bdb51508ccc58847f665da49aa1c309537eba6bb5495e5a9761f514635f0da8"}
[2026-03-28 08:49:22] Lead stored successfully (both tables) {"lead_id":"012de882c9aadf7344d94180d08ff91e72ff6e165b91c94b7c6097cc8b12193dae37af3aa3dc577aa6d23ccf7e0c9b486146fa9327f5a2b03a546d2271772e2946e2db5bbb9845ae33d0b46c"}
[2026-03-28 09:01:03] Lead stored successfully (both tables) {"lead_id":"012de882c9e8a6a300fba35e6e6e2c92eefaa18b5e74ada76948214d8d8c51085f12dbf649ec6cfebeb525bb426597e22ad71e5e0a97aebe86b1ef570e8faa9c35749ac408a7dde62e1714ec41ea3f345e308596bdc0d84b5aafebd788898f761a9885b539ca916f35c54913ce8ace126e"}
[2026-03-28 09:19:24] Lead stored successfully (both tables) {"lead_id":"012de882c9f613c4f4c4e8e50bfd0bf57f7a8c5b5b9c61f57e233522eb6beafacd64c067bed5c2616febe43961c4d838e398ede29d8bc2827e85ab418d62c4de69f9c2859b079572355abe67650d41c0a47bc623c56459261548c2851e06f5495f53167611be0546db63006905ad394f"}
[2026-03-28 09:23:59] Lead stored successfully (both tables) {"lead_id":"012de882c963dcb9fc93b3936187b29c33ab64ba4f4db564570aaaa117a711a6879ed4368a84b95f76813fd9a6879ceb9c79e6e263980c71bfddedc9a8d1e7be648b5447eaf737f7b221035c"}
[2026-03-28 09:45:36] Lead stored successfully (both tables) {"lead_id":"012de882c9b5abb99f2e1f2a209a0b2b670cbbbe9f9f460d3f6efa2e85b9dc35669c198607558c82b8ad4845a948a9d0cbe26c76c956158c53cea7d5212128558c1c3287344d8866c1717d18"}
[2026-03-28 09:55:25] Lead stored successfully (both tables) {"lead_id":"012de882c9c219e74c97f0d64604c65363b19b1e5780a673f191b8b5c1f4286c2b551da4f1aa874a329d7efde8955c8886013c69c20611bd642849da41a236be57d315fe364da95e8147406ec7aa3bda8ab7e0a84994a64e1f8b3c68b2538d1df946bc71361665162035245b49ad356b"}
[2026-03-28 09:56:50] Lead stored successfully (both tables) {"lead_id":"012de882c904fd8f2dee2348cde66c3a8ec33294ba44432f204cd92b573f8d81606708f8643adc5fbe3814cb735df30c5de77f8aa714878fd19034ab2fb616dc1e3f166cc1cb0ef69bcc110e3481b737fd60231db29802eb287c3c44d532bacd23e9cc27d83dabc336112b95df79e14e"}
[2026-03-28 09:59:51] Lead stored successfully (both tables) {"lead_id":"012de882c99ef877d18607db43e65bdb151e0969d1e6f77ec5efa3940faa306ca96686a1630883c947b6d22c18264c"}
[2026-03-28 10:15:05] Lead stored successfully (both tables) {"lead_id":"012de882c971b9da0519203e889ba7073fdb5baa521d3a731637495a4a112ddd87ffcb6a2ce12ee1408c4739aeb236"}
[2026-03-28 10:24:41] Lead stored successfully (both tables) {"lead_id":"012de882c94ea436c8f071a82797ca9e14e925dcfcc8d587c7f79f2fe531fbdbf968f60e1608c9c09ded48e92fbf01eb4584dff4835c5b5c80f89a2f9ed66440386353b368fc3243842e497653e4f9cc85bb8e5bf129e2de117de2467d50820d8ac8a77db7c9c5fe065273e5ec197113"}
[2026-03-28 10:31:16] Lead stored successfully (both tables) {"lead_id":"012de882c9d620630df9e24af28924b24e1527f63b41ba85833a6f6631598f3ab9877ba501691dd0e163f4a7da148dffeae42423990d0b79242cc48c1b94941d7c0fa4bfaeb14899e347c1dd76e533e092a242602556699eb2a9e71eb88fdee3e0974e28cf187ec5f964b52dabecadc9"}
[2026-03-28 10:31:26] Lead stored successfully (both tables) {"lead_id":"012de882c9cf6ad62ae1bf92cc18c13eeb9fcf235a0cfe5f6df8e8cd77ebe1f53bcc42a3c61a029ef7e4cee6a048e97738d0ab49c4762f104aa72d8201cfd2a91dd945dbbcc0cc2a7dbfe04673531f0519baf66133907aee0caa28586d468b3d4ec1267d0addd9f6b00667305e968934"}
[2026-03-28 10:32:31] Lead stored successfully (both tables) {"lead_id":"012de882c90de07dbe5f86afc5976ab90973bb0852faa113b07eb19c12cfd27d7999a3e9abe657c1285751ef997d964ec8b5e40eb6763ed9b9b530e1cf557bf9d253e5b795ded7341f1542ce"}
[2026-03-28 10:44:19] Lead stored successfully (both tables) {"lead_id":"012de882c93b62fff192415b86bbe5ec3a12b38880b0e3d31a7eae9d1caa2e75fda98c35a6d2b3031d7e788dcf5e51"}
[2026-03-28 10:44:39] Lead stored successfully (both tables) {"lead_id":"012de882c9a7a50216ec48e61bbba083f5880eeb462cbc255b209173ce7f152f5b3505afad2d4a05273f7c9fceabef1b0590d3a993a41b227d6e24b8cade87e7ba72053b3bd1da576e377c59"}
[2026-03-28 10:47:11] Lead stored successfully (both tables) {"lead_id":"012de882c97d1c65b8485d229b8daeb27065bd838480359a339921aa762d4b509085693a6c5457a0cd5b15ff27f1c35625adff026e62c311885e14fbd9994ecf35df08515b4d8c2cf07cf1bc54c59f0f6c659517fc6586f660d026dd8544028d2875f90b720081eedaffd82049dee273"}
[2026-03-28 10:53:33] Lead stored successfully (both tables) {"lead_id":"012de882c96e705afd0d14bbf2fab5b4b406d21c0a83e69eca98da8d8161b3f5f0da8a3bbf894eb33d3f70892fcb6d"}
[2026-03-28 11:08:27] Lead stored successfully (both tables) {"lead_id":"012de882c947cb260da149f60e9993b7c3b3b5a7d92a326d6a3897f7853e3730c34d4149847d057135decab7ba2836"}
[2026-03-28 11:10:37] Lead stored successfully (both tables) {"lead_id":"012de882c93148cb50db58bee99ee34fa710a70120ff89b9147161b9d680f40679db1c1cde9f466293dd8a210a98e9b498617264207b59b14c88f8831b9f789c93ab88f12da470e79cf39bec"}
[2026-03-28 11:25:55] Lead stored successfully (both tables) {"lead_id":"012de882c9557373560496be3fa0b97d40d6a51f0922d9990814c13321d7f61922ee629b63f3389382776dc3613ea759674f5fbc780cdaeff2db68e059f01ad85311db2b947b91ac900a3f88bc50133b716e4d9584ec220f25bda759bc8ea3281a9068711fd227e2c7bdec5ece8cbc56"}
[2026-03-28 11:28:03] Lead stored successfully (both tables) {"lead_id":"012de882c94a58da8ea2c153b1eca12cec478fedabc2de6824fb8f5bc7538352296161b4a08690ecb12717843e623757b8164475ecfe68726186a7c2a9a3364a02e3f16d721861d9e2db37ad13fae18f2e201722e39a4c5c7b3ac57fc47b24d394dd2ad5d78eef34f18b27298da714bc"}
[2026-03-28 11:37:36] Lead stored successfully (both tables) {"lead_id":"012de882c9077a1c43d3bd7068750d250148837947e2b71166b54aef75d6338d17e5890684a9f3942d269627649cc8"}
[2026-03-28 11:38:29] Lead stored successfully (both tables) {"lead_id":"012de882c9767c58c9e6c8fcdd72eb009fb09b2a30b636ccfe31286131ff948c8367ab4acbafbfbd992bc9d059b2f1a4794d5503d4eee3a5434d696b1b399ba29fb83e93f2ca7bdbcc7c6bff1be17c8765104dfbc0dcbbddb571a1df8ce55f50de4fb53f9bde5a351b06a6694ea00f94"}
[2026-03-28 12:00:20] Lead stored successfully (both tables) {"lead_id":"012de882c9d510620c0de9f4a866f2ab2cdd4582544342663bb7e5b5a46a2d35ba934ecafd50ef010d0b0e1092b3e7a5b5ebcd4e8f4f582622597de728f624cc22c1cce39306810a5b1901c374b070e08e55aae6ab5d9577c4cb8448398a39f401618fa4874acf18d8d7c41c902fa370"}
[2026-03-28 12:01:10] Lead stored successfully (both tables) {"lead_id":"012de882c92fc015e8ce451cfe4f697311470a1f22e849101152292fe8b48a92c148e09eda5f230ecc44cd3e23ab19ffa80e7b27dbdff75866f9439129f5f35366fef3e7fcd60dacc3a541f9f7f7670b884f0d24dad2d4488c88cce12d1040b7dfbe6faa23469531eb9ceeaff4eb6cec"}
[2026-03-28 12:10:28] Lead stored successfully (both tables) {"lead_id":"012de882c98245bf5ab775a17a9c312ada4194c3cee03ff8ae69c8ee75552fe5c4fd2d51d3431f8be272586fa40698d2ef3c8c3a48dce522a5b719d4f1d06d960e45ede21f6ba8dc78e1133dcb43a70fdb93de05508456566e008f6001124dc35fe8d0a846b13973f35cdad9e2804272"}
[2026-03-28 12:10:42] Lead stored successfully (both tables) {"lead_id":"012de882c9b7dc3a13c03d261f504a166d3543997cd0d3397ee3cb3c1d3e5ff2683a0bc7ee9f4a5ca6314f72209f8c"}
[2026-03-28 12:24:13] Lead stored successfully (both tables) {"lead_id":"012de882c94b65536223c1425b26595d5229714ff102fea444a57f76d880a8574b5cbc2751f898f89dd32c8de2c9d777ac7e4fab27dc058fbed799356645cfe8a907c805875402bb263b3101"}
[2026-03-28 12:29:21] Lead stored successfully (both tables) {"lead_id":"012de882c96c3c4bb0125aa74c8109e072830bf634d5b62bc380d94be4c238715655002156b7cb33a77e96896e2891732ed69ff8bda515858a569c0068557dd33b66318e3a3d84aa9b14013f"}
[2026-03-28 12:51:48] Lead stored successfully (both tables) {"lead_id":"012de882c9ed45d95ad55743f1d7978ea3cb7a306a6008d104a8c7d2198f1ea9b951a0ccebcee410d2e8925bc01cacc854fe8b83a4bebc4649ac2a4b8d3cf9b1f0080cdc3de0d71e78a1ced6"}
[2026-03-28 12:55:43] Lead stored successfully (both tables) {"lead_id":"012de882c9e44b923466291bf6999edf101d0feb1e400286c7d0f12b4d2ba99485f9de10e67ffb419d65670cfb79fb"}
[2026-03-28 12:55:58] Lead stored successfully (both tables) {"lead_id":"012de882c9521faa16efa6671b950a598c08396c7ea96936fdb9b91f081f4a51f39daadb7b9c8563b45581e3d7a72a41e48d1832b3bbf025258324d98a1aa7c37f154d8995f201dea8f22f7b9e8c35124fc35e4a3072a040d6335133cfa548257cf6192054d9a8eb5c199e5aa6e40b15"}
[2026-03-28 13:10:28] Lead stored successfully (both tables) {"lead_id":"012de882c9789098f7096d6ec26a18d3b3025b48e3d45c220be69981a4dcfcb39181dfb727f256e192f59d9a8e0267cb8df074140755b466fb6a69eb3a9e1270573beb0cceab41b90a9f1408"}
[2026-03-28 13:11:26] Lead stored successfully (both tables) {"lead_id":"012de882c9e5f34d608bf6efee7f827717d06012974ee8ccbb6f59ef4c34bf243b5faf090107920d41e25eca9e98ad15b1f43327895f7748d67b51da97c2c8415d9a9617e816b21a1263e7013462c11a8ab0dff59477fa54772c4a840e7f3c8582ee5ded4469fe1f1407f7017ca2767f"}
[2026-03-28 13:19:25] Lead stored successfully (both tables) {"lead_id":"012de882c9d7b53e8566a995f009dc09eeefd631ea51f36a93515d4b399f512dbe721d88dc6da02e779c4b44618603c56603f2d346e1af8ac648d014f5331123b58e8e9088d7145cf4b67180"}
[2026-03-28 13:19:55] Lead stored successfully (both tables) {"lead_id":"012de882c9486d42c87c9b53fbd808be9845c5a37622c1d5f7be42bd636ddf576e8bbd6fed25ba3b43b78cd985b72896e05749914864014b60c1ec3b30c5e4dab054ba8f0ef140aef6259800"}
[2026-03-28 13:27:48] Lead stored successfully (both tables) {"lead_id":"012de882c9b885a880ed0368fccdb5991db54c2961958a819e495b76ef615526fabb53d8ac2fc6c572fd8f89725a53"}
[2026-03-28 13:29:37] Lead stored successfully (both tables) {"lead_id":"012de882c9f0f569f3f4122464cb8c71fc403857f1064cb25efdf0844ac0dfb342652bc31abc7188fd7ccd1fadab78c4f3a98daf6da28eaf5268530a975d3603401272a3da8690bfb59ecd9a32ac82144ea40890cfc28562f3bd57016bae883cd56e7fefe1517ae3fd31c6edf8a4884d"}
[2026-03-28 13:45:08] Lead stored successfully (both tables) {"lead_id":"012de882c9803b39b0d1b8e1a3b6e278a5c7816390111000d2ac37802fd3795c65ad8b971442c7a84f75dbf03472ebd5b0d06d49feb28ab5bf4224f06a82080cb1f1c7620a01db3388fd3959199053240353bffd7ba446a58f0ad1269f987d3b677eb172e1457d7140c31be7997aff89"}
[2026-03-28 13:51:01] Lead stored successfully (both tables) {"lead_id":"012de882c95f7ef5ba1ca49f3298eab8eb0051ee5f459f2432b63c8f6019225b93cf697d7ef15d25cd0a938e230e91b91400e902d9a7fd1d32707ff518fef1825fa9f65bbb142a5d7378c9f3"}
[2026-03-28 13:53:15] Lead stored successfully (both tables) {"lead_id":"012de882c9882ee591b66c722ed82c6eb939e34886fb2c6aec116a6b1398328437a736e2b3cfc71213fcaa4bfe2c50325f47f520671ce0dd8171f5ba7cbb026c8aedf01915e6b411be214af9"}
[2026-03-28 13:56:25] Lead stored successfully (both tables) {"lead_id":"012de882c95765970e1f9765baffddd5c3475ac20d6a80ca8a41e490584dd67b5fac2e359447947595f1376674ac7b"}
[2026-03-28 13:58:06] Lead stored successfully (both tables) {"lead_id":"012de882c9ec0ba8843f5a7526ccd381136d64b38692b0b32d64fbb97c8c9a53c0608d1894b89c2625789853c0dc116498c1b6fbb035db480735a1bb6bdc4275c3ac7822cd26282be6609790952c77f4437253a65d1f71014a37c1838ee637872d6f8a7fb8545454effdab326512c13c"}
[2026-03-28 14:01:05] Lead stored successfully (both tables) {"lead_id":"012de882c9dd55e8a7f962173f08a67202105c1e3fdeb24264c5d1fbab300291e83a505123360b8c7bf28a82ecd254"}
[2026-03-28 14:07:33] Lead stored successfully (both tables) {"lead_id":"012de882c9bdd0391fba2337e158690d5b4e50de6fc1ee610a229188c789a9d7c8937a94b7458d996268c4aad52ed7"}
[2026-03-28 14:09:14] Lead stored successfully (both tables) {"lead_id":"012de882c9976fea25de3e5c45e643266b0af7d9fe0be48676e8cb869d01046981176e15c25a0974b61cdece1e1d5c0e242ace340f52b559bf5a088cd9ae2db2acf4a50f7bb27f2e2c2b8fded21d9ee1dd468f99e919294261924c4238233f5218e8b03f8aa74ce3be5f1e8373f696e3"}
[2026-03-28 14:14:03] Lead stored successfully (both tables) {"lead_id":"012de882c9c69f2ace0d14a4934c1d8d9f8f26d6c1d5b1a33ccbc488c802a5854b509a20454481a8fcdc970e0eddc851cd0178c59d36ecc6663c7361fab6f11209a1b71125bcc08653ac0964"}
[2026-03-28 14:15:27] Lead stored successfully (both tables) {"lead_id":"012de882c95d48001e8724502305f60320246b19dce158c889ac333437d9e919dcf0c22d4183e6f40aef3875b1395c"}
[2026-03-28 14:17:48] Lead stored successfully (both tables) {"lead_id":"012de882c9d2d99dc8718fc97c62cff3978369690cd6e7e634aa421226b4dab6aefa849b4f0811fd635df7cfb79243bec0b2ac1fe6ec4222f8e159b776ca567e58339e8cc11e5eb9b58fd42e"}
[2026-03-28 14:20:50] Lead stored successfully (both tables) {"lead_id":"012de882c9176e79779fbd2275f4c41cddd516a3a18403253c3e37776d777926facac1db67ceaeff3af5b0453d6afbe65117030794a2c4920d92474b27fc30e0c5e7ebf17013319fb40780016a0febfb721d2bd4865dde079bea338071102067ad942d9bef376b0a41b45ff539cc97d0"}
[2026-03-28 14:26:28] Lead stored successfully (both tables) {"lead_id":"012de882c9b4d08d38f4eece0410ab2e6c49daf7673b539b8b4a74b1099964de20902050f975f58856e654b0da673791835c7186774c27720ec189fa674bc2b871d517fc249d329c8f04eaef"}
[2026-03-28 14:47:23] Lead stored successfully (both tables) {"lead_id":"012de882c9d09b0e15bb7552de7ab029b132fabb7f0d6dc2eb299e3a8cf591a97b5b8a5a851b1c2f86ed0c9d5aee1bcb0915d5272d0dcd2cef471737a678936accb93565a9736ef6d6dbe992a0e6610d86c621c3e8d7b1a34700ff7e9dc4a3d9f593097d5f9169870cce526489653cc9"}
[2026-03-28 14:49:08] Lead stored successfully (both tables) {"lead_id":"012de882c9bd3a10240c7cbe7deca959f6980a535f034169eaf05a191e5c1fa2f116a76d1a7204d41142cff1e36835b5fc576ab5cf57a7aa405493a6b3ee9353b41d7369482992e1a5253463f78359cab68053d45a7ef711fc81baf5535b17086c06f9fd47025a998837ef8ff4fd3194"}
[2026-03-29 05:14:35] Lead stored successfully (both tables) {"lead_id":"012de882c92eea1ff8924940b9001f0ef45328819f147ae4d561dda30772f157823224471838f266c1a7af8c79806ed44af593433a8c64edf467b230878d4fd0929f82cbe70855eb6cf1fbf8ce410b98d1437cab550e677c5f3af62aebbac50e307abd6a0c4f99fdc7f70d357f2b2f07"}
[2026-03-29 05:43:11] Lead stored successfully (both tables) {"lead_id":"012de882c9607ee3dde84ed9f1bd2166ea4ec1a7e4a32f5a98b4474058988f8dedf284d46301547d202083ecf7fc6f1ed8ddcb93c3feb41d0fc57d878ece7538abc570d0ad785da3f7da009596035026e444dd00bd784c3203b7aa9d377f3a3d4f8f051aa8918e98f5f4093c5453ecac"}
[2026-03-29 06:24:39] Lead stored successfully (both tables) {"lead_id":"012de882c9afeaf7e8730f7632d7343aa768fa6b4ac7c5320cc2993ddeb54b6f9b656b74ed59f5089eb1a693de1826746a6766c355aab0b52599b91b1f4ae33548e15c54707e71506234dfd969e07ae084eb57633412c8788f7f58e3c5f0f55fe050a54603784e254b715d9378d8967f"}
[2026-03-29 06:26:10] Lead stored successfully (both tables) {"lead_id":"012de882c9b16bcd77f8a7759c64541bc6fb43b2aaef5916798491f110dfc8857167db0b05a0711888d5d15cdcd4b3e5ca8fd59e62fcb9b021a7ce052bffc38b511c2dc5709656038977d24284764b2c44ac4c7d762275114f5de884322bd84decae85fe141d734a6f85913714f1f742"}
[2026-03-29 06:53:35] Lead stored successfully (both tables) {"lead_id":"012de882c95f296ba868efbfb14e1cd5984a7240846e5fc45ae303ba9267f5552232c1281354e82aea4c7f3b910ec30eb14b59605f9fa978dd224a2f04bdf13550d933f79b5490bdcb3718adbfecfa3f4741d345efb9aaa74aa0a3e9c7b4d342630c7746f1743bc50b12a6253b20c5fc"}
[2026-03-29 06:53:40] Lead stored successfully (both tables) {"lead_id":"012de882c9d8784e1637cecd8230b270c3865c33328a6e1a79771913a528e4bb25ef53aa44b911b473ac8d0293d8ebe16b8c982b6eced04a60e368bae604707400fd35836a98f4ed0b7c3fe33cf1a0a0380f5001e67138cc96a89cd768adb851e6973e685352e8c325b66c16dfc17437"}
[2026-03-29 07:18:38] Lead stored successfully (both tables) {"lead_id":"012de882c9c1dcd3e569bc6c739883d450cec6c9aae73905256b853654857247120f009be3744225d1c269580cbf7be2223476cc5fcfc9b5dba1d220210ea62097d86d597b4ecbc58a733288584989a278b22f8c7f85a6a668e531ffb8d27750867815614dd738da31f41e94e7b2e8be82"}
[2026-03-29 07:21:39] Lead stored successfully (both tables) {"lead_id":"012de882c928f58002a8b2bb846918f0a1012ea022a96c49f239ffe0e4b2de576113b69264af5b5a364842bc6efa64"}
[2026-03-29 07:59:44] Lead stored successfully (both tables) {"lead_id":"012de882c937b59a1cd31d8f17cb213f1d1ab0d4a17297afeff6c8749f657ff16ba573b1db6a6d53cbd30080af3857f5d130d0e23cb4ea80a92c8dc9df2bb4df39a55d718008d292def289eb1f0ff03b91f9b2fdf22b6b3c43bfd313bc5915d437b39962ef61f94492cfe1adc9f4154bec"}
[2026-03-29 08:47:39] Lead stored successfully (both tables) {"lead_id":"012de882c9c33e25c909c534d1d4504983ce9be4d3e6b460c6a627dd80d85bb5d731e8620df96e92df43431700b3e1114dec5c6b2ac11313ac8d3d914b1d17f7466ef1147e786773a42861d778a8893bc734f48626e2a8d58489e8ff5518e292d2bfc487e0a202e43c6f85af6f7d581f01"}
[2026-03-29 09:23:20] Lead stored successfully (both tables) {"lead_id":"012de882c97af946025b94625b558b6c9406b2ee11386d5758f96bf7ef041c47b10a68fae7d8d854c4ab8c5185307b59003b43074572f717faab5765ae07f94224b45335639944cab83f073b65396b5e20ff7325a4c1e4cb97fb9e21b1ecfba1f151892e5a6ca4c02d9d1d358b8474bcb5"}
[2026-03-29 09:34:03] Lead stored successfully (both tables) {"lead_id":"012de882c914f378fc07af7a692fa9dccd44504e8ab22ac470d6e2ced4d3e471b1d27fa0dbdb44affa07365f759835fccbf6f3af6703aa6d9f7d79e3db36c69ef8d244360ea0a5878cf07bcbe0f2f96cc7f97dbc98a73925180a1a3225844ed9f54c1efdf83c880f459c3b6a010ee66ffb"}
[2026-03-29 09:37:27] Lead stored successfully (both tables) {"lead_id":"012de882c9e8d301a5a0a0e1b9029587fd5287d752c8c620b553b1983b6f7600aac0774d490ce45b09b949c8ffab9e7f2bd9890bb68282837f191f86391c077f5d651fbdab6a19011ef277643078a89f3ced8cfb3e6047866cde9f3c6cf661f0ac6b040e7eb979454fa8a5f4c8bab0f376"}
[2026-03-29 09:47:01] Lead stored successfully (both tables) {"lead_id":"012de882c907de676dc2ba7e69d628cb903aba2ca921d6d6dc83f40977d210235c13e6152b16ef7643c3df8d2cddc775b6aa82621545d4d0f27162d738f8e6a20c9718d40c1c7dfddbee5838a94c6dfd81c6d1e139fa9ffe1661397495b4afb19ba03b114b23d916d635fc78481c8b26cf"}
[2026-03-29 09:47:10] Duplicate lead ignored {"lead_id":"012de882c907de676dc2ba7e69d628cb903aba2ca921d6d6dc83f40977d210235c13e6152b16ef7643c3df8d2cddc775b6aa82621545d4d0f27162d738f8e6a20c9718d40c1c7dfddbee5838a94c6dfd81c6d1e139fa9ffe1661397495b4afb19ba03b114b23d916d635fc78481c8b26cf"}
[2026-03-29 09:48:07] Lead stored successfully (both tables) {"lead_id":"012de882c953c14c3bbe04f89b2c62e80e7d369f74ada9b53dfd529ac881631e4967b80261e9b2b5be3a1673cea6524d3c73b038361da6422ebbfc01582a51d26fa2cc21786d8fc94d787f2561168cc124e802a76744b1aa717c6ab9585f1129a58b6e2cb795f53ba698de9d6c29a1f25b"}
[2026-03-29 10:04:31] Lead stored successfully (both tables) {"lead_id":"012de882c944c601379cd199d77507537a67e128f8d52c4ac37b90fe354ba222333324ac0964c1b0b2a7d8a39159e73c0db697aa658b96005d65f42ba41621e9d53bcdff7f6a1a3dc4852d6448b4ac6fcbd464b22ebfbe4bd7b246e10b5133115f8291d33ff6b5802c7034baee86a3eb99"}
[2026-03-29 10:13:26] Lead stored successfully (both tables) {"lead_id":"012de882c9b842cb96bf47d0c3d1894d22af927586591e00d82156a1804b6c10429d5777d5ca9e4caa363e45f1f075c552cf622cf33bd55f83842c1a7f837a1bbb9b87ea2dca865db4920d43e96762d69b1a9dcd83c634b806396a5ad78b490568b043bb6b13a382003138971db839a636"}
[2026-03-29 10:22:45] Lead stored successfully (both tables) {"lead_id":"012de882c979bd03a38f04c8c35f543fe51e6269f1f9afc36f60514f7a7cbb7fccfdf4cfd01866b315184aeb494388ded632ec8b05978aba2f84ee972c4635fc6744897cb6f04de5e71f67e5ca70bf89a38a438a3ec48e33a5eaae4045ca8f4e98567c24031a72b0dbbe41768eed0b3f0d"}
[2026-03-29 10:23:06] Duplicate lead ignored {"lead_id":"012de882c979bd03a38f04c8c35f543fe51e6269f1f9afc36f60514f7a7cbb7fccfdf4cfd01866b315184aeb494388ded632ec8b05978aba2f84ee972c4635fc6744897cb6f04de5e71f67e5ca70bf89a38a438a3ec48e33a5eaae4045ca8f4e98567c24031a72b0dbbe41768eed0b3f0d"}
[2026-03-29 10:27:15] Lead stored successfully (both tables) {"lead_id":"012de882c920b455551d151227363e31cdd04756b3b8ef78e56458727c2f4fc38bf4e46605e511322c296f99436b51df1cbe96f9152fb9b7b93a2397c198dd1fdcb1ce318c36701aeba4e3467911191dc0d818f5ef1596053015b6805287a8011c4ee266d3a060c31a12fe6ac4caea48fb"}
[2026-03-29 10:38:35] Lead stored successfully (both tables) {"lead_id":"012de882c92e16704c8f9f219b8aef3320e77249938f7b001295e92aeba2716455a1da487c0b993fe75a0890298df3"}
[2026-03-29 10:41:14] Lead stored successfully (both tables) {"lead_id":"012de882c9f43fea80ca9b35fddb21048321799699fd2e50dad3f24565e99d87e3852aaab2a12d9455129d3c013667b17536a6d15e7e503694ba14f60cd0777a185051b1ac1394c46975d1ec"}
[2026-03-29 10:43:40] Lead stored successfully (both tables) {"lead_id":"012de882c9e04b93d09c5e72a39d1e5c05803d1e9799ed194842db9e5c7b48a516756d91f407b0af228a61b04a5a0361c6ed56111e3e1f003385b2d9896155f87af7eac28f2012b5fe5206be50598e2d67c601714a0157bc5ad597e620a10745342bcbc9cf817e246f9a610963a0a7c8d7"}
[2026-03-29 10:44:03] Lead stored successfully (both tables) {"lead_id":"012de882c9720bcb6db685d63022d92d1efedf44f59c42d2234ba81bdf498c618e97bfd676796b0692e1eb76c3624301000d0647b441d70bfed275591e34ba2bc4597afeb2540fd737853680503f712a16f74aa9dd380b3ca71a3df91a31f13573f23b492b05231ca3b384fb8ff7446258"}
[2026-03-29 10:44:17] Duplicate lead ignored {"lead_id":"012de882c9720bcb6db685d63022d92d1efedf44f59c42d2234ba81bdf498c618e97bfd676796b0692e1eb76c3624301000d0647b441d70bfed275591e34ba2bc4597afeb2540fd737853680503f712a16f74aa9dd380b3ca71a3df91a31f13573f23b492b05231ca3b384fb8ff7446258"}
[2026-03-29 10:44:28] Lead stored successfully (both tables) {"lead_id":"012de882c97061cf94e19299b41ae80d9ab0f5226987d1efc2c4b62ee63201de09f8cea806da9c71be44a030b0d99a239a2e202081c4104089563ec04b98ab634e4cb2d73fc2fe193f0dbceb7a3daf86c937cad1e1c77d0373328cb7ff5ec0503b8300ebcc1319d3f3d6e3ced9a442455d"}
[2026-03-29 10:59:15] Lead stored successfully (both tables) {"lead_id":"012de882c9e3f5ea954ecae97c81acabbdca4165a14abf646135b0bd2d66b8060ba6ee721b718218b79db45ba367ad9c6ac2ba6ed16f68d675422ff6ebf71a862635ac056b17d9ae0384ba0f92ec6717c8a8a61dcb32d01d404624a6c727d71696dbc08460acd6c69bcafb6e408c4b551a"}
[2026-03-29 11:04:25] Lead stored successfully (both tables) {"lead_id":"012de882c97a29fd54e031a1992401dd4d5c79111c3e3b02a106c85db7bbd307b48f3924e58976801ced656ada57d3c15fb421ad635e388852fd635446b304887e54729a370ff77501341bba"}
[2026-03-29 11:25:00] Lead stored successfully (both tables) {"lead_id":"012de882c988f3e3f21a67d581afd3c4c2d771dedbf00c029376b073d1030385b45fde31dbaa17e6f6e018f587ee0bf60a41309218b2dba82b345a7c44eb118f0d5c43f20cf0ce3d2ed37421"}
[2026-03-29 11:39:37] Lead stored successfully (both tables) {"lead_id":"012de882c990f8e31f721200c27f030395ad6d78555676d8ea5af9bfac3ab80d42103f20f32b6ee124734c862145f70a8aa3f2f5e0c21dda9bda229d61fb67175f857d607ab6651fc870c7c0f3940e2aa15e2b4fd126517a0e10aef77457e01b98ac570364483ea805bd29f38cd4e44e30"}
[2026-03-29 11:53:40] Lead stored successfully (both tables) {"lead_id":"012de882c9f4dfe545d5cf09ec4a8dfc67e69db9a6efa8b49fdbe122fc92021b92d7bf6395b30191ab4e2e8dc8e09d4335649990561134ec73f87277e221e2acdd47bb4c11561b76d4e940916d1b022706d5b819a27351bf1ae45e3d0a62bd623c86bbf3a834a994009fce299b63e74b08"}
[2026-03-29 11:54:55] Lead stored successfully (both tables) {"lead_id":"012de882c9432ee22f2db50972249062316aa98103458dc0def7fd56c4b94eea7da167fcc3d2ce2830316dc350256372efcee1f786243c8816719b6a670c1166a5b91a2fdad5e38ab9dcfc860c7a175cfe562288fb3ee7c5e5dec2c5dc17f58b614100afb2ec02a194168ca71f7baf6776"}
[2026-03-29 12:06:55] Lead stored successfully (both tables) {"lead_id":"012de882c9fecde89d836f9f96d80c13f1387b4c7f524db7598438f5e858f90cabc99e493c93d792ed67624c5705e44ac7690e9df826310ff063394c57a6e321472bfb00270f9b7303537c744668d79752d3d75d3cedffb56326da03e2d45ff41b049d36316edee783bd7970d631a20b7e"}
[2026-03-29 12:07:16] Lead stored successfully (both tables) {"lead_id":"012de882c9235cd4b2997286f7ae7ee92042a1b3a66dd69087347ddae230b351829331313694d3da26f579f30800249ac3b79f68e0765ced444834a00b745653f6d55416d7133e9ed0b39b16c5ccfb3f7b55625b67d96afb781b1c93747a673174e25442921e9e675eec67ee66cd476b66"}
[2026-03-29 12:21:15] Lead stored successfully (both tables) {"lead_id":"012de882c9a5266578aa84554c695a4c4926db521bae38018b9abeaa537387482405c053a4e5984db7ee319222d5fdcca35173147493ff0ceb96468850325c495ae6fda094fbfa77cfe1f91a43a64dbf7a5ab5fc39c3b2c05dbd2023620dccb228bbbbddcda5c038cc15fea91bb3f600ae"}
[2026-03-29 12:28:35] Lead stored successfully (both tables) {"lead_id":"012de882c9402e8b40b039654abfc36c25326444e974fb73bc7be58cd6e792d9979e475180b723e2807abb648c15ab1cb867cf60ae328c49d1571a71ad9b6c7dc7ccfef696e9cf9fc4f52b17"}
[2026-03-29 12:41:38] Lead stored successfully (both tables) {"lead_id":"012de882c9b37e3abf22abd22a683162ecd84e144e8a132435aa73281ea00b2112c8f6ca79583269696dcdaa813158b83b54ad77f49f06c6bd598c9c4ff67b4aaca6ec5cb56a0626f37b5ad7"}
[2026-03-29 12:48:35] Lead stored successfully (both tables) {"lead_id":"012de882c9be61e5afba6475ce67bc5c76cae75b97e8c8b16cf7c1748ba731d8708e4bd1d76ffc6475725344d99e2cceb32fa3f0b51a3aa5da5c2f12f54e07fc9968235056ed96c1fa5e755ede5ab55aca17e6a8dfc699169ae900550bff5872b039a7e9306e243a2b6a6ee1595bb2d5ec"}
[2026-03-29 13:12:51] Lead stored successfully (both tables) {"lead_id":"012de882c914d086dea1ef44e0213aa7ad4d8d7122b04042e8fdb7158250e4aded364194d94947e08c228285e7f227f2fdcd8df3e5e40576e6367a6c27bb5cf02372790c102e1a9503026c09be4c54539c6e9dc7761d08105df42afb0544fe97d98191d33b0a7e391a3da1328eeed90b05"}
[2026-03-29 13:16:19] Lead stored successfully (both tables) {"lead_id":"012de882c9ee18599c7c10e4c41494335c768b7290da00496e952f0918294a83b1432e4701c9fbc98fd2bb35f7908d210551ce70365c9890ca03b39c0becacd2fa29dc5ef5e19d8235282776febdcb26751074089a4ed31da770f528e21f49dfda11b32d8258cb1ec0b902b4b9362fb1c4"}
[2026-03-29 13:20:38] Lead stored successfully (both tables) {"lead_id":"012de882c96e86a3b7afe93704799f4984e2cae55890b5788dda5906f7e6cd4f6c077a298939872c370fafe5655686e511a6d49839657915f4d9cf725fb7698013672c72fc006793b810d523f3941cd942f2280d8e7d6d38bdf056a46452f881054f5eb11c40c37157f12f8e948bf516f3"}
[2026-03-29 13:29:55] Lead stored successfully (both tables) {"lead_id":"012de882c97f60859462db4cb521d6228af9b21ff66244cbf4aca7152ca4b08fbebdea50bd45af8d5889d6cb2904d185705d2dfc3db06e5c1015671fe1b7f212a2725b40e4a75d3cc8756eb670b20c67d0f071fac855df4cfc92fa1fd993450a4c1751ea5a905520c95e28f4a0c3206644"}
[2026-03-29 13:53:42] Lead stored successfully (both tables) {"lead_id":"012de882c96d041c7078554324a7f3a549d68a0af7bae19d3577f62b26cd2d3745550ae96130d7a11ff564e89a8e524efae9b37a2ff89a47329bfec1edef26a9158bac4118f56387f391fa32ecb4aecfe5d63b4215b17e25ddbff0507f2802d8ae596734136473308186855f31d03a51ad"}
[2026-03-29 13:53:54] Lead stored successfully (both tables) {"lead_id":"012de882c912bda672cbf0acc9a386d095cbda15fb72428fcc609ca322e00d792996ec37efbbaecfefa17995972d622ad3a8a4e7a77dcd3582c32f6da6c6387406e5618c54905efa6e74f272addd425b44dd42397811d83ec955325b8dc411e1e88522a610165bb9dba0c4af5160ef6de9"}
[2026-03-29 13:57:12] Lead stored successfully (both tables) {"lead_id":"012de882c944e5edc4cd7c8b514566d0e6cbbd3b931e80768722fc4bd4fcf21da4423a9a383dc229a6dfa45e35d691f4d8180eae72c54bb90e78a8d5e4fbc450d68650b57c6270b662201069c08ef5949f76f91703936cfc925fe46601ec95542893cd41a711f0de2cfa9cf9ce3fa80393"}
[2026-03-29 14:05:18] Lead stored successfully (both tables) {"lead_id":"012de882c94214fabd94571563f56e05516a225c92be7eae208c6ecfda192390fe3f2afc951d078f6518c0fb4d1be15bcdeec02dbe3be402f7dcbb6e4f9ac2c6b8abcad64e7cac4a5674d976"}
[2026-03-29 14:15:41] Lead stored successfully (both tables) {"lead_id":"012de882c907156ff480e9272ca331bfd40a0872e1e4844288c7e3904adccfa4cffc49879da31b97b9b16f78ae64b4"}
[2026-03-29 14:16:50] Lead stored successfully (both tables) {"lead_id":"012de882c9e2791b2f9f474f7e491c352fc14a0aea33c1f79eba162860f4fa38298e6c1353bc1644c8f24f534a780a"}
[2026-03-29 14:19:08] Lead stored successfully (both tables) {"lead_id":"012de882c9a54563caced810adf9f28463d0709fdfb3f61eb04d9325fe3d346c43bee77ac994717d84251ea2cff282"}
[2026-03-29 14:23:02] Lead stored successfully (both tables) {"lead_id":"012de882c943b6325f0edc321a784d00b282c78488ce898e924575c3f8821bfe45ea8835aea5db35f5def9cf37fe0f3ca7adef8d2045b4a9f2dd124e7fa8907afbc5415673e68d761bd6c212"}
[2026-03-29 14:24:48] Lead stored successfully (both tables) {"lead_id":"012de882c9c1eef25632bf32bd77075d63c5640edeb853e6bb07cd13ec6a7f7c59ad4c46c8e3e765da97e4e21a3815632224977d324997a47c483942a7c1de8939a580e3247730b4d56ead15190ab735a8b4cecd709a56da4607346a0b72d1464dba1bea00010675bd61c66ddde5403e91"}
[2026-03-29 14:25:03] Duplicate lead ignored {"lead_id":"012de882c9c1eef25632bf32bd77075d63c5640edeb853e6bb07cd13ec6a7f7c59ad4c46c8e3e765da97e4e21a3815632224977d324997a47c483942a7c1de8939a580e3247730b4d56ead15190ab735a8b4cecd709a56da4607346a0b72d1464dba1bea00010675bd61c66ddde5403e91"}
[2026-03-29 14:26:37] Lead stored successfully (both tables) {"lead_id":"012de882c9fff5ebe42ac1b9431dc905393f7528b174a63a4a0293c9bbdc5398b52aa644a2544facf496d210f65022"}
[2026-03-29 14:28:20] Lead stored successfully (both tables) {"lead_id":"012de882c99398acba758e4fc29802c82100d7552b433f220d6a35234ab7a22760822a78f84e5c7662277b2e777148471d9c9c0a1b3584265f6313914047f4fbb559501bb5248d4bb27e52a530e8ec9e59529c8a28167e8c99ed7884497fc649af8601b568a9dcd320d9e58056c132636e"}
[2026-03-29 14:29:54] Lead stored successfully (both tables) {"lead_id":"012de882c93f21844c59f4a2b05def8fd464884d07d0b8b7e77f11847d48aca562df1a45f7cdbe0855368b66216e85c9297b56a847bb2a3dfee94e491a43ea65c3c075176f050686b8987102"}
[2026-03-29 14:30:48] Lead stored successfully (both tables) {"lead_id":"012de882c953b783345c4b927aef909a8ca8377c7672c4bbaaf29fea4ebf14307798e2a0ed37639e5f43e83ea09eb41ec0d51b6497de3d6f9edbb68d752bad42f341505566b534f5b7b9eb71"}
[2026-03-29 14:42:19] Lead stored successfully (both tables) {"lead_id":"012de882c99e9f509bc99102b09352c165230d99b0d7d7324cd35f7d9411ab2c8caf010b22b88575a1cdeee7f5516a"}
[2026-03-29 14:49:41] Lead stored successfully (both tables) {"lead_id":"012de882c9d19f6e1dd080298328d53036a3e0cec189fd9c613c8412f9e2c278f7f8f199357edca9760dc4d6fad7be"}
[2026-03-29 14:55:51] Lead stored successfully (both tables) {"lead_id":"012de882c9e7d23bcc1f58db82098537f990905cf5d2513f8493d6a1d5c494343c91dddd13e65c6ebc01bcb74032f91e0e1e8a094cb1ab7fac53de1b313737d0985bf665070ba4ec836620fec62d4ab12f4a61362db4a873c942e0bec71814fd1e5473e6d6a2ad568124636bcad1e1e9fd"}
[2026-03-30 05:39:56] Lead stored successfully (both tables) {"lead_id":"012de882c90e7dd0cf5f999c8ed99a47967b0f1d663e5c2f7724407088d7848ada82af9c2286b971ebb2951ec1db86e7f20e83245fda1ecda1299991e8c818ed19052d3a98f5c4e8531a2680"}
[2026-03-30 05:54:00] Lead stored successfully (both tables) {"lead_id":"012de882c95f1ab405dc6b7db0950ce4f377002083c87b45bd3b869340b45647d79a89648c6143e7d08c611ccc069cf3da4daf8fd8dddc1a354e4e86ad9488d6903af72991edbe7b106304b25ea635f59834caad3b34cab67a8106919c9c1f8e1146fb4cfd63a17ab9ed09289eae9c391d"}
[2026-03-30 06:07:18] Lead stored successfully (both tables) {"lead_id":"012de882c98701b1116733725c894c6b105aa0840bd45c21a531305d04fd27f753796d6a6104fce07cb278478f3d2b0d67b9e72ef9673a4ac0b8198d822e93b96887b31d04a7b40801303d62d6c243baf25c826846614abfeae9e294d2dff508b9ce7291185e881b8bfb11fd6d08f14cc1"}
[2026-03-30 06:31:12] Lead stored successfully (both tables) {"lead_id":"012de882c9cca18cb6b5f625741b81565a63f4752b4a2d40dd4479f5e388839b96e1a2b40e97d33602fc923069b8ad66e1045931ea22c51b327384998acd71ab93fa642763036a01e97a38c6ce51298121e2a7326d385d7cb895055a365069bc52b8a08ea604b97ec56cd30d14099b4682"}
[2026-03-30 06:37:46] Lead stored successfully (both tables) {"lead_id":"012de882c9b627654099d9ab005d485c40d33aca3e6d439cffff324d0a7af8a8d2b1c99f79b3d5bbdfb54fd09a74315140cfaa1debda29e1270f041ec4a1fadc9518b36dd1914469cfb934ae1e3487987f3f08fa366823ecdce21a07207c4248107385e29c21a5228db1e9b54f055df30e"}
[2026-03-30 07:07:05] Lead stored successfully (both tables) {"lead_id":"012de882c91d4120756449a64dad584f6a0afe6d7ff57d7b911677538e19101af3a86dad192a2fae9a62726392bd68c47c8fd267df896d1d6dad1eb58f7fe5b6b15a237c6840a29df73143f8bc3e4bfd1101d3ef9f846cab7f8a965d941c1a3cd2c0c9f5ca64566082bdf1fa593088af"}
[2026-03-30 07:10:56] Lead stored successfully (both tables) {"lead_id":"012de882c9ba084ed649b460ccc54b1cbcff6abe2033fad7ef4cc9fc7c8b3521a1d968f81b84a90a030af98e3be0a098bff87cdf272e318d9e894f4b6dd8cb4941f367524c1663202cf2549b83d02004c82bdee98535a399bc01014538ba8405d1058b5b6abb87a4332d48998d602eff"}
[2026-03-30 07:20:38] Lead stored successfully (both tables) {"lead_id":"012de882c946e639b39eb78bff79c853a35294496ee668aa6f3ef454025be5f5045246547a1878d5c82a93ab6f67110f03795d73875f826ffecd682c36dfb74d59514b178966fb16c257d9287b27c3f3f4cefb5e85807fdd08635f825689b38b283f02d50eda25927c490c9f28f99203"}
[2026-03-30 07:24:57] Lead stored successfully (both tables) {"lead_id":"012de882c9117fc84f3f8718da53b749e51d93e6eb7485f8720843e958356fdf49df3702715f4960979ff618f74bf8a30a342ddeedd5778cc2cc0ef8bf4a23232b41cfce694df120a1b5ec81e29d629ef5d1b593e47155affbbc5472ae9f77487aac6de3189c2582cb5ffa5cd241771e"}
[2026-03-30 07:37:21] Lead stored successfully (both tables) {"lead_id":"012de882c942f1e617a6305ea72159591ee351beae0daedcc3951cfa8ab70c17424445e34c8b1c1556974626f53ab9d1fa02838ad9b1e8e4b0b6f84df8010613b8ab0e270eda37d27aed10b1576655d786a091a3c5f9fd63e671deb877fce5c58a134ae508b19feb27b3e2be89788a14"}
[2026-03-30 07:39:50] Lead stored successfully (both tables) {"lead_id":"012de882c99545446c5bea2ccf38269613f2d40bfa1b6dadcfac3bcbeaae2dd9934090c94f8c46b1a89f13c7e75aad54c540acd695d79ab14c83a777f469aac142d8c59f516d3cf99353b86042eff9ba74ed3c149595207e9686f73f74402e96978444fcd99d836271e2e3241227f39f"}
[2026-03-30 08:17:03] Lead stored successfully (both tables) {"lead_id":"012de882c9bc3ee199217f5494742c78d23e47f003c7d05d747ed1ef4fac59e675b0f3cc38861c78fe9877c62cbc29"}
[2026-03-30 08:18:09] Lead stored successfully (both tables) {"lead_id":"012de882c9663ff5d2ca6605fc315e66be56034c237f02a6ea8e672b266cc71e6b233ce950c6e659102ce8b468a84e12437b71fd6b2aac620e6b17375c106596d82ee8cec6cbb3406e9010f47a2396eefe6b5c672cd8fd12e401b196459ef8beefc16e3d9a34bc2666d924ffac0c6b5c"}
[2026-03-30 08:28:00] Lead stored successfully (both tables) {"lead_id":"012de882c993ca21ba4d68be7b8c28d2f85c557853dd9ee6b61d4fa80652bbf54b123c8da7255e59c5538b48230a723ffe7725e168c38d5d1fc8384466d80d9508c251a0990af77332ed2208"}
[2026-03-30 08:29:29] Lead stored successfully (both tables) {"lead_id":"012de882c976d347be07294e011a5964cb4d5770033be94e9e53672ce47df8633de78a2ead1c234dfc44a0428f856070b92f71489dbbc49bb7e9a4f11f0727264dbee03532898eca3dbda4382374cbfcbbedacaef67dffc686958669e208dd3cec7c72f944e19ba24159f8c437b2cea4"}
[2026-03-30 08:31:05] Lead stored successfully (both tables) {"lead_id":"012de882c96c720751a3209957fd0999c5d462b681c4bca0247ff029f42e230ddd6300c0abe358336cc7418accd9135d71c7721a7d2ffc3fcb1303ee2302a9ac2340246dc49ca6522345f61c665d824c33b42723fee3ab928241833a6f97373fa8006fe9098b8e936dfc3a05e422d42f"}
[2026-03-30 08:38:31] Lead stored successfully (both tables) {"lead_id":"012de882c99ae64648eac086e1ccc5583e349c39083d01639af99a8f7aea36c0cb326b64763a32f444fd0a3b7614b880341f422d9cef77d317ed7acaaa4ebe2c3a6dfd1b5abb02f7a9471be80f07e9fd0f86d05da602feeaa391bb5d32a8792e9c7bbfeffd041bd30f9c57f31b3a00fa"}
[2026-03-30 08:43:33] Lead stored successfully (both tables) {"lead_id":"012de882c9369c3342464d797f6c430d3f088143108eabcff4a1fee982617daae8bdc3531f335af17a5ec890e2d3e2fb41cfc6d67e67feb18767b4c3a5ef753331c40367679a2573f5e380719ccdab5383ed703356a65bcf7071a74c33901125144e30c50e16b907135700ca71f2d878"}
[2026-03-30 08:47:26] Lead stored successfully (both tables) {"lead_id":"012de882c9148c238e3e7b7a5f99d4332f38af5c0c026b50b554e23fbe29580650d3102c707afda15937a879a4a50d7c1b9466eceb5f288339e269a18fd1fbc3823f8348232c16458c9579b5"}
[2026-03-30 09:28:28] Lead stored successfully (both tables) {"lead_id":"012de882c9c368dd501d4ae5902420b75a74b44ee3bf3f91362a2566707e28595967ac66a8008762030183099d68818e703700f45d1c359ce51caf550506437fdcf7c3fda46c6c2d307f228ccc8e7935df6ce4a73881ecf2484525f154e9ecf314e06c8e4c516178a3045c57fa03c69e"}
[2026-03-30 09:42:55] Lead stored successfully (both tables) {"lead_id":"012de882c939a50f7b973104dc22bcfbb6db91bb0cd6d05f3b18dc9cc2d69761546c43f170fa7e0d3852f429e3ef943fc929224411d8f18f979d42d80810fecf34dfef312001f907f1495279"}
[2026-03-30 09:55:22] Lead stored successfully (both tables) {"lead_id":"012de882c94fb8c3e04539ac5287bde9b6354a00a1bfc2e45aac5fe1ea8f76839f720b1e9c59fe9e0dd7d6eaae8470ec34f88aaafbaa270bb9ee346a8425491f8d2a399558c9180a998f2a1a"}
[2026-03-30 10:13:58] Lead stored successfully (both tables) {"lead_id":"012de882c9af4a33674aa1bfa57e633206686dcf2f629ed30e96e3be3093ef9482c3445e4ff627b60282ed736d50d03c2bac7b2457c5ccae5c38a5a2cfa80a04d8522e2d3daf31658e54804f9d08ae1d6588364dafa464975c0eff223711dfb102d60a0373354e50bd9b28936cfb7144"}
[2026-03-30 10:23:56] Lead stored successfully (both tables) {"lead_id":"012de882c931755095eefa3a0c9ed0a8bb3ff394a5df59cf7a5daf194d83c0da14876695e996e520a63a1200468f353fbb9a087640503a1f24eb361cdd501643e78ea08c27d1d6d516bcc868a72fb9edfa9af4081cc3e595f8fff61ea70b1120d4f55d0dbb0e1d36d2a22cb05beeee09"}
[2026-03-30 10:31:44] Lead stored successfully (both tables) {"lead_id":"012de882c9b36c930d30b94adecd2bc1e953af7918067544e3ee7e2616a32d560315b24424ba2ddcec9e8ef6d63eefd58b0ca6f0ec63b66c0d88347a7bdc395c967139f335be89850daabf109835fb58ba6c2ac3b17c8643cfd350f10bfe945cf3b5d0c2851d2b1bca619ac8ae52ab72"}
[2026-03-30 10:45:05] Lead stored successfully (both tables) {"lead_id":"012de882c94b5d61123fd086eef6ff6a090224c8d38bd8325e9336d885cd61bdbed5d1a9d371f41712f9b35d490ca99d138d4e0de10b53d32085c33c760be024cc20a8b53a315e3afc9f7bb298ea388a9c1b3ca1a5f38a85e621c0c6655bbe64ba8ddf473fb368a2e9e1ebfe448b143b"}
[2026-03-30 11:11:45] Lead stored successfully (both tables) {"lead_id":"012de882c9cda22a9b52ff9cf455091aa6b7dcff860bda223208dc2c057b38957b88b41d2c87825db409c7bb0787edb706603212192bae66ed0f37f886183f5f7761032c02fc3b32befb6948"}
[2026-03-30 11:24:46] Lead stored successfully (both tables) {"lead_id":"012de882c9950ba4c7754e88ca7fdf06799f0b5e0ee112720bd1450038d9dfc320f3eb617b75b075dba43779d792cfbf3508114a3f7ab2e6a8403cf8198353776586a0e821b8732898ed2be8d59673b949a253f5e3cf42248698cf17de1b35d6302bb0f99e01ba76532edbb11e92da69"}
[2026-03-30 12:15:50] Lead stored successfully (both tables) {"lead_id":"012de882c9bb00faae38d3c4da5cb0db528d632c5a717305397f421b7a4b9ebfc5d0a4b46109a88c8862e67061a8275ed02f9188365327d35920bba59674e0b05c2116913280287e80857663302695afc22db53038a5b61c0d58556180bad9331ded4f8b71e3689a7030e919800b9fc3"}
[2026-03-30 12:16:12] Duplicate lead ignored {"lead_id":"012de882c9bb00faae38d3c4da5cb0db528d632c5a717305397f421b7a4b9ebfc5d0a4b46109a88c8862e67061a8275ed02f9188365327d35920bba59674e0b05c2116913280287e80857663302695afc22db53038a5b61c0d58556180bad9331ded4f8b71e3689a7030e919800b9fc3"}
[2026-03-30 12:45:49] Lead stored successfully (both tables) {"lead_id":"012de882c957610d47302ebc89422154e94c236490729b105c1672a59cc5f1ca918bc1206910040ae7d3eaf6130fdd617d2b8df60d600f371208a9dec84c1d9efff21fd1eace54b8924273c345d27d6522dfa05107af31efd43ffc1b5001f33f622307706e0b8ba86d1c9dce380e5845"}
[2026-03-30 12:51:32] Lead stored successfully (both tables) {"lead_id":"012de882c99040b0c3af782882a3a5bd25769ac189e8868a352b602342fb92132654e4cc72772b5ae27e337f42628827c4d2d1f7573d9e71cae8c2b8f902f38d8bdba11cf54741855a3dae0ebb807a85ee62914931515aff8489374e31efdf19e5d81d38bbc62925fde7cbc3e40fdee7"}
[2026-03-30 12:54:19] Lead stored successfully (both tables) {"lead_id":"012de882c97e1e434ee921bbf5a79d9f5bcbd5d0710b195180dc2ea77bd792a873c0ca2db15a48ad3f92efec24daa0ebd0208a5c04f049c333480ae4f625449eb824284d738734203493015ef06b6764cb533c39d711f18f32bd8c86bf9911c4d46994f0c64192a34d0a00d2e5961960"}
[2026-03-30 13:05:31] Lead stored successfully (both tables) {"lead_id":"012de882c995086ea8ea1942ee3d382dd71fb1ec5712a3568986fae8d7202e4edafb101f0d341ee7bd5ca897651753a687f65cc847b58e2c698055ba31b9e662a7c4c371eb3c8258a625378a"}
[2026-03-30 13:08:35] Lead stored successfully (both tables) {"lead_id":"012de882c9eea809569508d3ef3e7642239097cbd466c543d2fb2f8eb9dd184d1a4f9fc98bf580800508a09e4e3faf67c1a093badbb5f6c3b252028c4f7d2b2d0449532bc3ef6b61eb0ae4e3aaf39e47e35355afd92b92f5fea1d55db59ed6b23a65579aa9e755e0d24f12834a4d9a0b"}
[2026-03-30 13:29:26] Lead stored successfully (both tables) {"lead_id":"012de882c965b3e9b34a5e8de59c1723e74db95a911396f62e9c2100312b08dadeae0a0e85869d6abf7f50df80501a3d13e3249ce78e34ee36db657fcecadcb56f46a7091a807f6bf4af8fe1"}
[2026-03-30 13:33:19] Lead stored successfully (both tables) {"lead_id":"012de882c9dd29fea06c4329c48cbcc155a690f684604e41b34a3338f12de6814593e4c3f679b676db3c89c1c2b4b77876d41a982a9ab254a4654536ee7801bab9d99e3c3aabf00b4e201438f5cd03b291e2de703223e8b1c7dfc0d61bfb158189469811f58d924998a669336bfa7ad5"}
[2026-03-30 13:35:22] Lead stored successfully (both tables) {"lead_id":"012de882c9a1bd3efcfb0c48dab61c77ec9ffc4047e6d87822bb5e1e2381d4ef9766bba35267f86efc8867c0589be89b70459565ba156ceec6dc1b7c7268bc8610b4b7400b2d56e8189a95f6d05a9badffae00f0511e45d979a0d015d53c9e8cd900aa62d19a5ffaebab5d2b351ec883"}
[2026-03-30 13:56:52] Lead stored successfully (both tables) {"lead_id":"012de882c94d5c7bf2bcbf1ae876460fb94251f27c49794a5b5bcbf9012929187d455a081dd5f3476fdbbcd98bec3f34775cceca09b4e63f09bbf9cd76dc1f590047786b3dbd6aa3c5d5dfc55a9db94776c5398c7fa81163f5c2902a990e6dd9aeeef1ce7dbd983c74446d870a92d40d"}
[2026-03-30 14:08:48] Lead stored successfully (both tables) {"lead_id":"012de882c92fb1fec9fc02870606ee5cbef5f0e059bec5019ee621b9017dcd8f35b4c310caf6437dca1dfbd603d0c5"}
[2026-03-30 14:21:01] Lead stored successfully (both tables) {"lead_id":"012de882c9cf352498dced52bee24d02f164892799ad5d82fb87be70343bce20e96ead097617199a8d047dced2f36c1eb172329f9f3ebac15853e5e61db8df06e560c114d65a96709ab97fc5"}
[2026-03-30 14:23:01] Lead stored successfully (both tables) {"lead_id":"012de882c99797f0aaadde045072dcdf8d3cc14b064fe76d91f82557f6a9b2194ed331bb88275ecbc1c65200e00e4ddcf5fc0ad0db4e23d06848b851976d530088e5d84d24cb72c0270bc10b"}
[2026-03-30 14:34:44] Lead stored successfully (both tables) {"lead_id":"012de882c900522b74468321c4021511f041637034f4c329acea852e94481e2231528aacf2d69e1ec7ad5c34acae8821caa42b7ceb35c7a09ea1241f9dbb7f3b01440e4c1cb64494f58f163e"}
[2026-03-30 14:34:53] Lead stored successfully (both tables) {"lead_id":"012de882c9ffb49ddcc9e559e95dc5d5cb821aee47435060c49e633286dcfb0a43262a09cc272c4ee39758a1516f560889ec6d65e5e66064f888cc2423281debc5f195e1679cb242710ee1d5"}
[2026-03-30 15:23:15] Lead stored successfully (both tables) {"lead_id":"012de882c90ccaba36d9f7cb275101b49059c43e34c841a2a2679137a1da66a9773966365db7c5d49542b9f5ed17c22402c01e09781e3a0d0e7edac4d977473f04d10b9ebd7b50a6e83d1d9f7cf37b267a11d295e6aa809468a1deb0b056d0859ff1d196fe73a56d99b13393ae7afbcf"}
[2026-03-31 05:18:29] Lead stored successfully (both tables) {"lead_id":"012de882c9db6864ba27e4f1b879ca8fe08467c1b8c3a76e43d0c0d078bc7d88a83a1d35bf6d456c8efab598166a7ea85823c0c768ca7ef4c5a99878b76e147cac0cbc3f1b3020092b771dda2c9bb1f75e5d5e02147d7d086a786b9a1627ee6d00665afb07759977fddbf109c6e432fb"}
[2026-03-31 05:58:51] Lead stored successfully (both tables) {"lead_id":"012de882c9e89b53fca870ab35cbc01b8ffc15f6c026dede4c6a4bce9a064ccee534bfc66ea9dd59e8e678caf9c0aa1fd60632c653b90ec6d59daf9e42a1a9ee954ba4b83866827ec98f41b573bbc75a62cf95b8fa2aa7cfe3d48cac36bb771406ef6303fb0a4a9fe2c3bcf106364f09"}
[2026-03-31 06:11:14] Lead stored successfully (both tables) {"lead_id":"012de882c9b950f954c3f32824c95a08d7877a2f0e4ec8511eefe65fec403339ed450bad5dd718ac54c7950448362c12e75b6a267dd3b1bb5bee48ef1ee32ce37ef72ae5e46f20679024275a45aaab3b10f2021122706f9cfead088220be12ddc90bfdec4220e237d0e0f126bbaa19b9"}
[2026-03-31 07:01:28] Lead stored successfully (both tables) {"lead_id":"012de882c9a3f8022335d4a48de721df11775283c2126b201ef452dbcbef891b26f12a3176e0b928f05d5b5c4aff0c289a2cbcf45f9e377ee5816a15ccb104cb67bdf783ba81ce219ea106f40241fa5d9a2a007c624802ca4ee9e8eabb6f4a3b23db90aa34e4b78751f509b6521e39bd"}
[2026-03-31 07:13:14] Lead stored successfully (both tables) {"lead_id":"012de882c9fbc948810c4d2020066f330a6f600b6c7b313b5603853bc6d7e17d2e33080ef75e518f80658e2a1229eb170c69fb5a7cee8cda365fb9962781c5d7f86bdfb23819d1063cda30de79aa7f4912f342edf87a3cb4dee888d3ebb4b1d5deabdc3a4bba69096e8e0c1e31ae379425"}
[2026-03-31 07:13:35] Duplicate lead ignored {"lead_id":"012de882c9fbc948810c4d2020066f330a6f600b6c7b313b5603853bc6d7e17d2e33080ef75e518f80658e2a1229eb170c69fb5a7cee8cda365fb9962781c5d7f86bdfb23819d1063cda30de79aa7f4912f342edf87a3cb4dee888d3ebb4b1d5deabdc3a4bba69096e8e0c1e31ae379425"}
[2026-03-31 07:34:58] Lead stored successfully (both tables) {"lead_id":"012de882c96bdccd0656732ce15063ff1a0b296031469ae5e014db549d98b8349628aabb7b9bbdc4264d9d59b4beb8d842b1b720b465af23bd2166438f410fac1511822536c6a1b9a122224d8ca49fa105780e5913cbe9792605142c69bbd6b26e3cb687796856aba00665815f3e118bff"}
[2026-03-31 07:35:30] Lead stored successfully (both tables) {"lead_id":"012de882c9511092bbaff4b1c024b36505470b46b97addaa3fb984193ffb90ae15250e07ba0280c771f67586d12ed6ac6142db7074fb4d21beaaf73990960b630eec2eb895a7e6eb6c13d2efe1b46ada9bb149d7339dd56faba734fc40c9139542aaec696ed906cc471910f4982e1aa949"}
[2026-03-31 07:58:27] Lead stored successfully (both tables) {"lead_id":"012de882c9b49e6badd93262df099a6ef37d048eda39b2757e4177240c50abb088c044e968e215fc8c330358e40b9f395d3a435d55b929ec44863a5c297a14871ab9f7e687ae3cd1802d1ec8"}
[2026-03-31 08:03:16] Lead stored successfully (both tables) {"lead_id":"012de882c9a793ff03831720aeea52efa5dc2a72d238422f644a9ce0d27498bc37a9538e1c30e785b91d4d3fde6db2b44a2697a122886f690bf93cc2fbbbf30e27513e4d07f0d6311992bc0d7296670d816c7db3112d34839ad038841a3be1adc5567054e78273ec6ab22baa80ff5e4d3b"}
[2026-03-31 08:11:33] Lead stored successfully (both tables) {"lead_id":"012de882c934d7902d994e8d4cd1c0e4a9a965241795e3e1b5be6d1f3173c69bc905994bb856520841a60ac8f6ea636a05770b0d3088dd36962f5e1fcc821d6e9eaeac687d8d68ff8f26b4b857f7c33e8cee2e2358c654cdc8c086199a85dafa86f380e5102053bc4e2e85ddcfa06928a0"}
[2026-03-31 08:17:52] Lead stored successfully (both tables) {"lead_id":"012de882c9e028da753f11bd450363f1afcdc96f5a8bba014a9359a79440a39e6cab7305a34eef728c5dc63ab28ede79c382e6b50862072e82895a302ac89bec942b7db55cf23b6398e6e3ca"}
[2026-03-31 08:24:40] Lead stored successfully (both tables) {"lead_id":"012de882c9e58f39ee502f7378253b9780aca32e27b080617e78cc732aea95148da5ef10b1cf6c3e50ac5202277f4b15e5f7ed96aa0d07ebaa9c0b5f9f28cf0652a084046c94f1910ca73c37775cd4f70045949c9538ce58f2ec98e121074b0540a1d52ce304707dfa04efb3a550af2f68"}
[2026-03-31 08:27:29] Lead stored successfully (both tables) {"lead_id":"012de882c9eb0e6d1761651f59b1b81046e07cab15b53581d7d73ce62d690da168124d536eb27f3c427f0e21e43cbaf62aa8c1cb4d3441949c3ed783a869ac71f118dba7a1018859c98c27bce77cdd5e4dec07bc6a130bfda72eee90db53719af2d8ace856dc6e0a9b9ee7132b08fa1df6"}
[2026-03-31 08:33:09] Lead stored successfully (both tables) {"lead_id":"012de882c9d867cc409cbe1c72e56b6554ca505871c6b8620cacbdad7b41a8809102abfe9eeb0248469ec75ba6560a8225b8e4723fa19a96f27afeba64079bf17d243e59e269438235f4158978e27018bedaeaa3d5bee3755c5f42066a503d2baefb3bc4d3ad1a3afec445f6a340f49907"}
[2026-03-31 09:13:58] Lead stored successfully (both tables) {"lead_id":"012de882c9fa9013442a5ffbeb542b81473f86cff2ba6fbb3e7bdaacc0331257b8ff6ba393e1263a09b5eb850a45b0f8deff4088438bf90465459d8e8f21ea4f635b8c324bbe68e6714b80d3f44e0af357d236071609c5a05bf564f4dfef989dc593571103ec78a68560e2c93d05df775e"}
[2026-03-31 09:20:24] Lead stored successfully (both tables) {"lead_id":"012de882c9647e29a83d18c51b9a5e179dc2ae996533ed21545df65fb7399a743c1064f1093a9141c5578061d4c7f945b50e15e1c9a2d329a93d86755d7044775b50df1394f32859c4c1d6a107e24d8d0ffb3f2daeb6d5078044ee83168d2834758b47b3e0a5cc3cd044feb8773486c69f"}
[2026-03-31 09:52:55] Lead stored successfully (both tables) {"lead_id":"012de882c95593e2748db1b0af5b99ceb5cd35e964dedc6327c10a860ac28f6c20b02bb80dfc49985a88261a1ea497f622200ceb6a476af828b4b7d77df62e14a34bfa8d59a39a031c341ab0011e73ecc670f34f35c8f9b595f2d23e7dee3d73955fb1b4cdfab6c500699bfa9c30c42fef"}
[2026-03-31 10:02:19] Lead stored successfully (both tables) {"lead_id":"012de882c984ab70e9a1e6a46adebe33217eed2692b4e9aca8bc6d4ad0ceb703179871b4fcdc291a6f66fd9876180265cd9e6d20865d96ff38c77c9d3618bb63b9f3e4103e53fd7f588e320eb40604f50de12c178fa10540a58b06edffaf7d1173b99cfc1dbdbfce7225d87a21858d515e"}
[2026-03-31 10:09:18] Lead stored successfully (both tables) {"lead_id":"012de882c94c0c9fb7b13cf0fec6f970ae3de081d778a5cb142b15bc22a7595121eaf50857540030f6110b3c47b899cbacc6c6945ab824d0aed565fb5d40d3ed327de68f61f88a78b858ce899b7d928bc0d3150ab97850ab62e78e8bdc81d5db098709b34a7d390254816bda6f3ed6a0d2"}
[2026-03-31 10:11:33] Lead stored successfully (both tables) {"lead_id":"012de882c9c48c5a9c2479fd386f8c02af5f377a013bfc82a61e1f1cafda86af286e73fa4488beb8947931af06e58d9820fc75e8e1db52dc6defcd981a3bc4d62a12b403f0715ab51b61c3e9d9303c824ca035409953f7f345e3a5eed9e8a597efe28802dbdd0f9290c6c18ef6a606a6aa"}
[2026-03-31 10:15:05] Lead stored successfully (both tables) {"lead_id":"012de882c9229d9c28d72fa68261e979efe197e2c697f03db74b34c6bd21322fbc285a2f1a9b43b6e5c82f3079f071a3cbb7f025ed8f7ce77e263196196a4982f7a4ed4eaf61cd977719133e79bb3d613df5ce4241a5e5601b9d1dfafdaaafe687e4a358ffb14f813c051a684bd1b478dd"}
[2026-03-31 10:40:23] Lead stored successfully (both tables) {"lead_id":"012de882c9927982f444367fec051b510384880b190c5e8db887536fe3b256dc16b63c99b841a6063ecc2b534fe7e1f4fef291de6c79f9b65650a363968564acee3830d2843798133658116b75bd4404897c52f9c3619ae1920364ff7dcef13788976c6e8d8154755dae8159bd6e3ddb88"}
[2026-03-31 10:52:18] Lead stored successfully (both tables) {"lead_id":"012de882c95ff8133969d4cc478bc3e0658f2b88ebebfddc9b11a1b39994bc68adde78d0be2dcde71e0d0d0b55460b3221ad0bc4fa977b74814118102e9a01e866124f47d3d5bc4cfb8cf436eef67f8e86c880cc54c04c982c66a3fba0531c05cdd689f61742d2b6dcfb8717e9f3bd9336"}
[2026-03-31 10:52:47] Lead stored successfully (both tables) {"lead_id":"012de882c9d39202dd5c2584857e99ed2a4879291d26937df2b853321e69bcfade895a16b90c6140d55b91880eb4d1dd7541df6bfac7e75879ce453e51384e904bb6cd51e1545674871229f474ec602ca1311aee809a228fb2743b6d7416e412b25bb072e55151a6cc9b2b1aaf72ad16dc"}
[2026-03-31 11:24:08] Lead stored successfully (both tables) {"lead_id":"012de882c9dd8921514d6891daf70154866a007f68d3949296626013a03cd4a836889b6c1cffd6ed1395693a43998c9c61c3056c0d38f11684e3a6c01a69732a3f7d3753b85c98045865fea4e1b4fd05010b026dddc31ad2af003258771f72cb0129fa031f91148eb77fbd95bd53f7658c"}
[2026-03-31 12:06:33] Lead stored successfully (both tables) {"lead_id":"012de882c904064be5c64f31f93d31c1a0a1d0d8d65d546e1bc3daf3a7a13c9dfb6c47dcacf4524448cc66d1314e1e6fca7372cc06ed4318658809f15a8b8bc690b119e0fa1ac4d7d903c2c8c0ed573c6673fb18ea159d3e12060aa134feb3a4840992d93b1dbfecfefbf4f8203adc9130"}
[2026-03-31 12:26:34] Lead stored successfully (both tables) {"lead_id":"012de882c9a0ec4412c4f7c1d2681389206b96af2276d3a7d65fd23c647a6e1c680dd5e6e425dcfaf3d179a04a321279500a9bd136394d296a73321298d2adc3514d8e53c004c702a6ffb7b516d360253e279e3985892985134a495abbf330ad0a65a484a5d58c017532bd3d1c4b47b4f1"}
[2026-03-31 12:30:06] Lead stored successfully (both tables) {"lead_id":"012de882c9b23b8c86f4d15fa50ed265268d54bb41b325be483a14cf2196cc6e8dac602a670b25826bc835864d4566c1077608b09b8a9e77f6688be1e05316bd5f5779cc223dfcc422d95471123872a5de0349a1dad0ae19086a3a46d99f53d7e266e629e85ffc72fb88e14e03f881cf40"}
[2026-03-31 12:35:03] Lead stored successfully (both tables) {"lead_id":"012de882c9fb2a49e2698b9b0f7fc9707a1a51bc8e9a342b3f15f22e73c7946eeae4af070a3b9f0e70e0b51d8412f254053c0bbe8dfc54d37e0201428d8dc659371d08929f2339c17901c59f"}
[2026-03-31 12:37:05] Lead stored successfully (both tables) {"lead_id":"012de882c9126f133308e152cf417d5ba5c70e7731807b49f29a13ea0d66379832ce313a820c77ff4fefaea6dbf6e297cd4b80f27032532bc21dba5a2d6b0d28b574b11ea49906a79ef4c50b"}
[2026-03-31 12:38:09] Lead stored successfully (both tables) {"lead_id":"012de882c99d5dcf20e5f73aa08966e495974b828f88f412fde2d5aef9defd796105a7946050b74a02fd500214770f06bf6f4be952d88b1e98aee6e0e2429fbf71bc5f007d6a89246c3c3776"}
[2026-03-31 12:53:13] Lead stored successfully (both tables) {"lead_id":"012de882c925127c291d35efc5907a24fd8123a407c21d98f2d74267e390d0c8d004d3b60c47384db6f23d32643973ffa0b8eef051d410c5585bd025fb76c240f6bf44619645e6cbf7069624"}
[2026-03-31 13:16:18] Lead stored successfully (both tables) {"lead_id":"012de882c96c304a444c57ed41f4e1148739cc6b1f80cb31b5b01c9502c4840a844dde4fbf04e3c26621fecd709ddde40f1ed83efc5cd03d39331ca7be5f07eead6a584fb90286592706e8540503b577e90592f14aac19ca0a336a31582bfb3fa1d74ec36ee308acd7b83687c6024357b8"}
[2026-03-31 13:23:54] Lead stored successfully (both tables) {"lead_id":"012de882c9dfd3c8dde6d6b027721a2afb0aff079de3eb0bc3904778384c97bde42e0966a19c856eb2e33f082d93946bde88f737771e938d4cc3033ed57fc2a86284a4dedfed36c27daa18a68b0aa597de1362cf53871b30444c3180c90a00de0ad5af3d6fe51dfbf3b9395d8bf864eacf"}
[2026-03-31 13:25:29] Lead stored successfully (both tables) {"lead_id":"012de882c9b97f04e0582a41db046c717a02417b2d0ccc20e7b718b4bf72b749836e329116bc5833b9e35facfed26d1c4964e1ff994dc21caf46551b7a5665d1e7db4093a19efd61e58182de655a5d565709a33e5edc126056440a6c6ca0cbf0ebf11208d70241ca4a86d8e229da4af4bc"}
[2026-03-31 13:34:37] Lead stored successfully (both tables) {"lead_id":"012de882c9800ca2716f86d245a1c0a7a92068cac34b506d062ffef812e932e7e56600d2aa573c9a1211ff2e23f80788816bd5b7382500c69c96b9e63c3519223a86395f295b2f0bd316dcee"}
[2026-03-31 13:40:42] Lead stored successfully (both tables) {"lead_id":"012de882c9b0db6d4b81c608d30b2d0cedb20b34f54c79f67671b5b871e665d2c4363574cea05f6fe5b0e9d586eb754b91ace1fc86f64e318aac72f77e700281b1a96183d4b7f304601f09b7a56caaf2af7b2f17bba6e75f835ad25efdc62e1b63c92c566bca2ab718719984fe31564b33"}
[2026-03-31 13:58:51] Lead stored successfully (both tables) {"lead_id":"012de882c92c4249dc09161352d69254baef7c2290d7d005876b8dd8a5403f9619502ac632e52abf1858f36c176eebd11f94ff250b345a6a839244b559393a25b51aaca5278727a06965aedf3e20d69582bc179c02bf0fed20e99bcdfe1f3981e04df3afbf620bfcbc8a2d3ee84852687c"}
[2026-03-31 14:02:48] Lead stored successfully (both tables) {"lead_id":"012de882c9bbd9e98c32ceaacd2090e90375dfc703f9bc944262b7a95347c36f0278e48913a2bf81bf1a9201fd3aa174772307e81374a8f6068f0c20d9bfa0f3cd4151a4098bbe3e5c7bd66c"}
[2026-03-31 14:19:27] Lead stored successfully (both tables) {"lead_id":"012de882c9257f19242d1e8cc63e07d04fd18e22563ae43d56386e7a7c234ce448b21083265275c44d74214725f0f9a6f6e4ceeba7bc9bfc5a367d6ac56e25485eeab498eadedcbe34048ea8"}
[2026-03-31 14:25:22] Lead stored successfully (both tables) {"lead_id":"012de882c9d33413f094595b58ff83c4f27fadeb30bb8bdcea016dcb26c9e4217062b993975c938dd40c443e22b7e284268ff4c58341cc96b41d20b8cd61f7398d6e7453e79eddb858da370c"}
[2026-03-31 14:30:24] Lead stored successfully (both tables) {"lead_id":"012de882c9992b247d9c44caa38bf97f74e632ecd318839e364158bcd8b5d914c1d955e8baa101dc7e6d979b7886ad42c075cf5b94a032be6049289bc98907ee891435d44e1ec56edfb41866"}
[2026-03-31 14:48:31] Lead stored successfully (both tables) {"lead_id":"012de882c9da3355d60be36cfa8c4414c7a78f82a7bf76add893a5e72a6b4544485db14a8192785a40903ac2e15d585cdc6560153fdbfe6725eed2fc48481e302772930b4a6f18a883577101"}
[2026-03-31 14:49:06] Lead stored successfully (both tables) {"lead_id":"012de882c91417fee9906a2c45eeb05132a64cd738b6d2ea1003127c2930d4fc1429b569865d63ec548a9e1555a363f36419fd1f6af444fbbc00874f3d0498ef276e5a0f46ed2cd370454fe7"}
[2026-04-01 05:21:54] Lead stored successfully (both tables) {"lead_id":"012de882c9a945d54cdfb6c65063de34df803a1888e5d9e1dda259cd1f45ce8e8c15931717caf6d37e326a16c0ee9973b5e0b2e9cd52838a0f80a9b79c0ca4d5ace75ad83b7b4aba816b075e900d83e8c2bad9f5f6ceea5eb4f9804e31177805d797c59dab3e26de182593700feab2afdf"}
[2026-04-01 05:22:56] Duplicate lead ignored {"lead_id":"012de882c9a945d54cdfb6c65063de34df803a1888e5d9e1dda259cd1f45ce8e8c15931717caf6d37e326a16c0ee9973b5e0b2e9cd52838a0f80a9b79c0ca4d5ace75ad83b7b4aba816b075e900d83e8c2bad9f5f6ceea5eb4f9804e31177805d797c59dab3e26de182593700feab2afdf"}
[2026-04-01 06:58:14] Lead stored successfully (both tables) {"lead_id":"012de882c9f8315e381af404a8497461fa3d4bb70127ca9bbd3cdf51fe7efd1f4dbbffef37dc78a34bb03ef3fe218a94b17a33dec356b36fc64ea3cc3fd21541cefb1939253a19474a550a52463c519aab469d4a66b37f74b4c9f319b9ae9fc9dc6f2721cd4920e745bc908ca636518fc9"}
[2026-04-01 07:16:18] Lead stored successfully (both tables) {"lead_id":"012de882c90f4b3d8afac5afca5042a7c39a5efdd6040c0495dbe6745cf0c161d74f8554e63ca15e8a39f09516d0dd2eca72a8c2d24f965abfe1b87164d53e6cda8ed4de106987b9c481e8bf71d68a94f5f31146578b7fa7c5afd2146b648bea2b2acddc8c7cbbb9bea89ee2c7761424"}
[2026-04-01 07:31:58] Lead stored successfully (both tables) {"lead_id":"012de882c9ebe1de3dffe6ace2eeeabb9130d2f0b929e9a9041ed5c4452ba158816f6a098beaedac44e663a911fc6e5710c0cda7b2d791082deed5014bdf780261f7353c85f82f6cad1098de434ad67adc5dc5e1e335d5476552345e230f71e966a60072992426374dc99bbe9d926740"}
[2026-04-01 07:37:17] Lead stored successfully (both tables) {"lead_id":"012de882c9b52090fd9409635e89d87d07e0709018f5c9f1525aa5f4a73e8b38a6686dbb73c8a5aa11e264f6463112bb3fc811e82aa45b281c92fa0cc9b99153c6a879318b12d3e880f6655c21014f676d29c790395b5c2d576e086b568d44629740f30004755a880897b132d5f4d25a"}
[2026-04-01 07:43:18] Lead stored successfully (both tables) {"lead_id":"012de882c9efc473c2939180c969b046c0153053e84b18ee37046f59cf1c93f64d5525f806b3a18610308f01476afd418e22e50defb1e1063e02ff5285251f4c7da7ab7f18f1a22fb09ee77e3a5c026bf08f5707b6fc1e7b02db1015531c23f8bcaaf08fc56eaa2e5ad6b7595e925973"}
[2026-04-01 07:47:16] Lead stored successfully (both tables) {"lead_id":"012de882c99657200756d6db830e78d49dd29b3b154069360727cf3140a5479a8a79dfc8270462aabac4148943c987255941cb102ed9224687a62a58dd656bee7cfa32eadfb8e6fb1f3091486e3f9f1997aaa01537c59e2158af7284502f1afc8c4ca86224e1d39d6ce1c1803a538692"}
[2026-04-01 08:05:58] Lead stored successfully (both tables) {"lead_id":"012de882c93d06f11a74137e079992df39a6bdf879dd56c87c8f209937523f86937e29826513d89b3e8f614e8db6c84b0f29003e23993994cf715b3137bd90836141f40d85aecbba4ea39ec2"}
[2026-04-01 08:07:05] Lead stored successfully (both tables) {"lead_id":"012de882c9145a57bf23ccaaace4dc999bc7f9d2b7bf93e8e77874fb7803d6a34bb02997311f073a70dbacb209d74f43617d5f79fbf98539c37bfd1d29b1ade2a1b88714260f8eab7e34f261"}
[2026-04-01 08:25:41] Lead stored successfully (both tables) {"lead_id":"012de882c90b9b54f46bc3d2e959b24c6898d73ed0fc09816886b7bc5c70ebb9948fa24b39fd08b9cfa3cdc0b00221b01814f8424936d354ff26304d039d68b83f7d5bfcd03139b8696aec41552d38c49c09ebb25cf58cfda1e9a8387ccb53e32be594512a430869f7e0b3f8674ced7c"}
[2026-04-01 09:04:45] Lead stored successfully (both tables) {"lead_id":"012de882c9cd92f5ca432b1491efdc076b2f2bd0247dd54310a8f6e8c0918f177b9fc19599bd786e408712c1f62c9688b4ef6d810e84b51a6e0833b30f7944d64407a3654db95d6812ee7d819196bd5692b6da053230686a38b5d6a49810bbb3edef4d994b80229373410c779802eb2e"}
[2026-04-01 09:13:17] Lead stored successfully (both tables) {"lead_id":"012de882c9db2eeace0141e140bb6f08defd88512e2fcdcec566aa66b947c72d8a0070c7d2a4360d8457380cd74c0cf66ff88e8bfc525b03693a9ec54082df69b297b9fa2c984eae779b6c52599532513b01a8f28bf5f89ef0d384b974d50b19d5c8f01cc2db33961ed160f76314fe5c"}
[2026-04-01 09:25:47] Lead stored successfully (both tables) {"lead_id":"012de882c9149f85cb17c89112b566b9a2eb9e2459f2ca9f35d03077b4da92bf36cf7bb3d540595d2709b28c7d13cfa36b5947a12c0adeaf896dd5d54e7e5e8509309440740c29966bcffd3b7ca5075210098d80253b81336dd6811901d74c98fa3df083747891a1d6b6efcba11cc455"}
[2026-04-01 09:30:36] Lead stored successfully (both tables) {"lead_id":"012de882c9f4decb18113caecd4cee0da64c1bec9487da3af0f71299fa36dba5678125d87eab2957d07478c3c6727f5014b2b9fc5b275a4429b828e6fe874bf7a42dc2c6e68b063ff44d40dd40bceb762d54e26674366c8d48a742193b131ce4d5a5b175af9bb21530e1b9981dcf4551"}
[2026-04-01 09:51:21] Lead stored successfully (both tables) {"lead_id":"012de882c9cdd159799b3aa912cd15c79b7cf42ed2e457ea15c1ceb75d9fbaec8a765ce9d8b8603618951cbc86f162342a0d51eec6351c80d7bc4d2cfe6c8321add692ce18c5affc3d007d1351c751685a136bed7baffcbc9cdd06d141ed37d68febe3717a769c87e656ce7771d6699b"}
[2026-04-01 10:00:57] Lead stored successfully (both tables) {"lead_id":"012de882c972a6d1ff9161194a40e029af05dfbd39a43be7d3af45d13e3c93ab5765580b6a57ad3b4ed011364fa182a403313a3bf0b3ba30d5741cbfd1b944994750ebaf78bddb96ac7076b886afae02a8de208b1502795e13e237874c06f37365f145c8aadb02c387b840417d45405a"}
[2026-04-01 10:10:18] Lead stored successfully (both tables) {"lead_id":"012de882c95b4fe9a8132c528646792b7ad459d8ec52fe592c45e965a7c73df453b2135fbd6e0e7792fad8b42fd42ef5d05e83ac5f695fbb0e523662fe5ab8b82ee9802bbd18733b161843afe8d8eb7c01ddcaca069dc876dbcd0287e59e0e068795f4f0f03895fa3d94221ac0ccb355"}
[2026-04-01 10:16:56] Lead stored successfully (both tables) {"lead_id":"012de882c91a9cab04ba722373041319798100637aba82ac13719db2510000d672856ab8aec77eab134e02e9f143cd69aeb7c08db16173715a2d0ac1bcb76177bbf81be9389f3cee9c7a1e548c40bf0d9ffef56552f54aa6f36fb8c142aab45e0210041e33288a1d36c75d762ce66e38"}
[2026-04-01 10:31:50] Lead stored successfully (both tables) {"lead_id":"012de882c969568c11c122f1d9c7a0c8698c2c3cdb5e70eb883745e9cf60b881a423988aa1b605be7c534193fb4a13babeb6fc0b45538bc757bbfa08133db267315364eea81fc53280e381de842105fd31da402294cf8d1206812990622d1359c7c4780ef3050d2226e83ef89561be2d"}
[2026-04-01 10:35:22] Lead stored successfully (both tables) {"lead_id":"012de882c99b4788cc0cccb50288f278fb2159cf5a697092cf6815a1f452ac656e007df5c77eb2e62ace04ad25255532e43181e11003d0f93a4c57a73d950828b03a3029aa81e7f2a2252b7a5363284358772360f01ffc205beb221238de50c7a1ede4fdf22b0908ba96da790fd69ada"}
[2026-04-01 10:36:24] Lead stored successfully (both tables) {"lead_id":"012de882c957c5ad14b08da9b2eafb7f7ca8bbd347990932af87c7651bf9b0a19807aaab5061f000aff7a37c5a7c3d142a31054bcecc9585ff61cc162144e6ae966e28a1469b17b75322e701"}
[2026-04-01 11:24:00] Lead stored successfully (both tables) {"lead_id":"012de882c9ed85d9cdf9b033731354df2744a8d35c10c9ead7d1f3c983d3a224442e726eef32e571df962813fc4d4f29369b684d1349ca5118a13959897994ff6fb69675994082ac14e413113ede714feb5ec901d1d7c78c68b00f885c49749f8c67e63493b28fb529787893fd366fff"}
[2026-04-01 11:29:46] Lead stored successfully (both tables) {"lead_id":"012de882c9d5bd2038fbfb0bbe9541a4d2a022eda7234528e225413eeeb798606d85b6a01e2f075dec7851e86fc11594ed64b76aa0381395aff748245e2df414bed2f21ddb4140c49f384d05"}
[2026-04-01 11:33:54] Lead stored successfully (both tables) {"lead_id":"012de882c942890bdae359382e98eba0cd8783bdd29c4dd7ba4f4df0851fbfec2fca755e080cd185296c9714eaecdef74e62e78311bf43372b7f253098f8de6629af2e0e994acb6d4f1ca0825cc11211ecef097786de105d3674210866cd9a49c2717ffb6c9f829429aa9581cf260fc1"}
[2026-04-01 11:35:12] Duplicate lead ignored {"lead_id":"012de882c942890bdae359382e98eba0cd8783bdd29c4dd7ba4f4df0851fbfec2fca755e080cd185296c9714eaecdef74e62e78311bf43372b7f253098f8de6629af2e0e994acb6d4f1ca0825cc11211ecef097786de105d3674210866cd9a49c2717ffb6c9f829429aa9581cf260fc1"}
[2026-04-01 11:46:11] Lead stored successfully (both tables) {"lead_id":"012de882c93aa309a0d6fad9fa95d933cffd7d27d34b0b8f46f47368fde6cf1508ffd3f738bd92b368411cabb676d2b475095ed60d8a655a6a1749d02d5cb55d9178fe2e357cb42af386c4bbdfa18e7b01fd0482ca081b1b678bb17a08d1abecc9eaa95f7a9c10b97afc18f4acf29c86"}
[2026-04-01 11:52:00] Lead stored successfully (both tables) {"lead_id":"012de882c954d43cbc341e74ce367ba7d3246390cf53355250461445acbd3edb50340c6e9efd14db81fd176c5aa9b7b02bda1d99b655930281157c193ecc20c97167f3f35e0f25c792b38471"}
[2026-04-01 11:57:27] Lead stored successfully (both tables) {"lead_id":"012de882c91d249402dfee3b6c952638e890507f745a48ab026e9b59cc1687066cfacbf9dcdc65db535cc58968e879a43e29e96ba4b6820b1264704a97e6777eccd7e7d7afc2a3e2261e0fc470c9e341a5343bbd4af9981a1b757501bae5c113b28d33cddaa0e6f023a0ab0e25fb514e"}
[2026-04-01 12:00:42] Lead stored successfully (both tables) {"lead_id":"012de882c957d8c3261a46d0ee552d859a9b80edd75e94dc6155d9936101ce64493d5a2aba53368a30b80c03e7759459a24ce64d03ec4888a0bbb375d4f8551d144efac9abb9a4cddd5100c17f3870b4875397e287d03f1ce96ecbcb8be729d584d9fb9c68908ecbabe043db90b839f6"}
[2026-04-01 12:27:35] Lead stored successfully (both tables) {"lead_id":"012de882c934996729c373057c4d7ee3a30feebe9f5578284faa90ff0bad1ae497f9b73c189001be09cdb9da2c5446dbd228888d3de37dbd883a377b413004af9935a25218ca52499404f4b8832b3ef6a74a5b271e12ca1600a712ca79da2f46810a4162af5ba7cb0deda229bf60524e"}
[2026-04-01 12:46:44] Lead stored successfully (both tables) {"lead_id":"012de882c9591d20aa63e881071d77bbacd5b16aef7e1f9eee8a708aaffbf4a1a26f46739487e179c9b433675a861301369affb8ed9f9d6f14849ba748f414ea9ae2d482515f58340bdf455ac8500c3af2b7f868fcf5a6a57894c1fb627eece398aa82f4dcd8221f4fd2cd4dc756d0bc"}
[2026-04-01 12:49:16] Lead stored successfully (both tables) {"lead_id":"012de882c9514a8d1aeb8de0744dc4aad84b31127a42c7239c02c9753891f67ee674e6116c393420955e2f17f122f2032c66b25eb938d5b40788ee8e973ebb869939078a04e2ef2b7fb32b62b62bfa35f1818ef0e6aa14684ac4869053fad3df9ecc210476383d8c609df77dbfc73c14"}
[2026-04-01 12:49:30] Lead stored successfully (both tables) {"lead_id":"012de882c9c875fb68a1cb66d6156585f173aa0c6344b718395ebf5feb3a3399a8f5d2249e907f8d760a5652221a52140512c49a3d0658eae40b0e90531bfdf9a1d36803894f21b3995bd7c78ace7bd7e2eaf66efb943d5715f601b4754d2c1dc6a7cf31998d3aa9a6349fa052d197e6"}
[2026-04-01 12:49:53] Duplicate lead ignored {"lead_id":"012de882c9c875fb68a1cb66d6156585f173aa0c6344b718395ebf5feb3a3399a8f5d2249e907f8d760a5652221a52140512c49a3d0658eae40b0e90531bfdf9a1d36803894f21b3995bd7c78ace7bd7e2eaf66efb943d5715f601b4754d2c1dc6a7cf31998d3aa9a6349fa052d197e6"}
[2026-04-01 12:51:54] Lead stored successfully (both tables) {"lead_id":"012de882c98a9dff1985fbecc02b4d8381b050c7633ff648b4996a5d2308a19927859c47c948bb93f82cbddc434100e0a1ad823778f1359a0863bbe38b77bbf14f45a7aaae817926d26fa420694619d0eb528428b0dd09011165a5ebf21cfd1f2f323d98a5943418632d9655faabfc27"}
[2026-04-01 13:05:29] Lead stored successfully (both tables) {"lead_id":"012de882c9e5ab827fae4cc1c386c1e0fd68719f8d044880226ff839c600e44d2cf1c8204a1c6bee6b104dfcbfc4ed66785905d5b9d9a76cd4e2716f87c295ea8ef51a8275177532f1bc554dfac0e902b12ce09c38b2c3a7b106bec15b174a83dda668fcadb1d6c25bb15bfb043de4d2"}
[2026-04-01 13:18:41] Lead stored successfully (both tables) {"lead_id":"012de882c916d32e695282f5230a9e44d584bc1c3476f8fd78c12a1fdb11b467af322d3c4cc2ac044467986b9ac18425ad45d8b8768cd46c1d76d3ac6463a3d5911a71139bc7bde32380943f"}
[2026-04-01 13:20:31] Lead stored successfully (both tables) {"lead_id":"012de882c9f3b6f01a3540228245c7307ea686817dc848016bc4d861cd52dbab369e227e09f0da9da73b4d26ce31856ab13c61a905c8574762329706f08be6b39e18811bfde953e362982853bfe9883f1e43c7ac03026a11f21ca9cc4c217aee24573dd0033d0d763d4d3c362eb5c5d7"}
[2026-04-01 13:34:26] Lead stored successfully (both tables) {"lead_id":"012de882c9ab5de436739d52d7a714a62cbf2262ab78a95426bc707b155d5cdb4146cec6f3bab1c9f47814095a9aa76a21e9a6d9d3747310e16fcf51b8d0d08b3373cfe012b6a457ff4bd4ab"}
[2026-04-01 13:38:16] Lead stored successfully (both tables) {"lead_id":"012de882c9a9e8d3b7d7a4f01a9c30abd080717d65687830d1942a151a1fa5b801b04130520f81945c3749fa233fdc64ccdee4357b3f894efa56d9023f152a34fb5b42ad8b983400b3ac95bc"}
[2026-04-01 13:53:53] Lead stored successfully (both tables) {"lead_id":"012de882c9861c24f2da9d3d1c50b61b95557f8c4bea6a1a3109e4e2d4be75f4c024856c1edcdd88b441b7ff839270f4d37a224fce9c0c8bc56f8898709d5e3c3a0f4b974994f6b3dc6a5e3421f8810a4c91d47d809b6ba71f0839b1ba7cb6e5aa0b2c660ace22a3a5edc81bb56df374"}
[2026-04-01 13:56:43] Lead stored successfully (both tables) {"lead_id":"012de882c9212b0a556d8407519106e7078654472ccfc17fbd6adfe34c749e6f1d6b28d18b1c66cf79aeb70763fd8316589d00ccc472f3a0b52e8ed6e4a20d387fc9c6a80969a592119fe6c07c03334d6aa57510fd9e0d51567156aad0b8be5bea630f286761267c2db442a22c9c2e06"}
[2026-04-01 14:05:12] Lead stored successfully (both tables) {"lead_id":"012de882c96d904b9f423535683bf45778bb76496f78958f8c21552c7547f3c842256ea428b0bd797322fbb5d41faeb6c0526bf3b64f2634b079f6667306282a2a184d301a1fdfdd35cf9fa9a74eae152543f8269366c9e41523a402271998d4c1e11da3a3f82bfd57391063e6abd4fe"}
[2026-04-01 14:10:46] Lead stored successfully (both tables) {"lead_id":"012de882c9688efa44c7198ffba5745d0f0f1758e359d8e711b9b07c960e49960636d43ae16b12a8af76c97b00a07083f1a0b229e98ccbb39d65ce52d87202ec02dbcb363086f9eb7d8ce695a7ba7229aee19cf4754fd8208d11233ef09bbc33756d8b4478d67e3a44271b4cc17e6339"}
[2026-04-02 05:13:02] Lead stored successfully (both tables) {"lead_id":"012de882c91ebf8b562035303b6a02a78099f61b35a32771081185c9e31eab5d788b10177123658d29b733d5541f5fb637a8f35947fd1387fba777f0a886923ef91267daa8cfe64bdabc528c5502384d912313ac6bb79ff5a5b666ace9341e873e67851f7470ba1b8851310ce0bd86b1"}
[2026-04-02 09:08:22] Lead stored successfully (both tables) {"lead_id":"012de882c965d80182eb22f31bcf7f9ae1fe47e4bef6606b1bd2ccea71f76130407046b4214f450dc40b6088784511a0f69f252a94a6470128aa18256fe7452834de26c226a0358992ea801a6c812406b1f0eeabc4129457dc73695d87c6f28644724cc77203afe8d89271da944c33723c"}
[2026-04-02 09:08:23] Lead stored successfully (both tables) {"lead_id":"012de882c99d150aa149cb92a00864c12751a89ec08dbb9abfdad681e8a25af1a12dea9cdfb388ac0e961470d46591ec3eca9257e10e050252f08302148de8103aa3b3b5288de9aad9c5ab6da6d1bad6194cbdab7804516954f1e3d1026b50f010b5527a1a30301955064cb8b3b4e13f87"}
[2026-04-02 09:20:12] Lead stored successfully (both tables) {"lead_id":"012de882c94580d273ac564bdc083835addf38071ee9f86768b9bdcb8d391c0910cb194fd1f2f72982854f0ad8e74cb41bcdc73b162e6ee70a11c950c69863c6a84fd4ebc6aa3fd3d81cd89a60ac41cc134095f4eb9b2df79439292d2df5278555b7d301a6a48e8351011814eafd6052ec"}
[2026-04-02 09:23:01] Lead stored successfully (both tables) {"lead_id":"012de882c96a8648d98012cdfcbe0b7d4462c949e123f5a093ae2d809f6047498530c5df2ebd2bdf8d152ddb8f843440159cdc9d3008450865e97782516974d333bbfc4c8030f37db092717557c18b5588efd9f54595b5c081a9b5301fd2a01a3d8a48de804dd372b9d71868f09750735e"}
[2026-04-02 09:23:02] Lead stored successfully (both tables) {"lead_id":"012de882c9939b83bace7218f13920019ec1c5c68cb60c953cc4c30aeabc1376f9eeedae85593fa80166302b5893ff064300686d665fbfda651c7fac9acc74ead483d60ea049e2e08846f8ce"}
[2026-04-02 09:40:28] Lead stored successfully (both tables) {"lead_id":"012de882c9658dc6b8efc07f5ece99f977b8ce807f33a531dc3994746af7f1e91984c53841ff451e3f572ac8185a8a52d3c38fea0afb37082a6486cb267ff52f94c783da783120540ee5704da055dc98b00ec11b34839e291ed5a724c3c752b9e2e6ff569043759f2c2c72c9a8cbf40e"}
[2026-04-02 09:47:21] Lead stored successfully (both tables) {"lead_id":"012de882c96205134565015425a162297a681def741ff4f50512d9c7d5914c1d58ea855454b4adc2e67fb4dbfd0fd33225fe0e80ac923ad48cd1b44c31ec53d503486f587c9325cdafba178ef9481da348218a28049b580a41746b4f5c4d5d5e776275e3b08b9b389831930e64b7d8c796"}
[2026-04-02 09:57:44] Lead stored successfully (both tables) {"lead_id":"012de882c96f7c0dab9f2dd32ff8360bb642693e69a9949558d0d166ea8eb545ad27c2785edca32804650ea4e03c48def3264f0b62aefc6cde893193da660798aebb9c91ae305f1d603c34e3a366f76f47f9296a59e6887999004a2acb4f6346d34d2dfd6e04b8156ea3d3e1ed81736d"}
[2026-04-02 09:57:45] Lead stored successfully (both tables) {"lead_id":"012de882c9ab0f98620917b1e278b78dc494235d330eccb4d41922b058df00717bbc70711ff982ac7097b8d8556b56a2103daef43f4508d91dcac7c721a6b8deef41b2b84eaa6167f0b32d3f179c8da4ba8e31701d8e7fc21b8b6ee3e910ba81a232cae53d12d62f76e3b966478f7bfb"}
[2026-04-02 09:57:45] Lead stored successfully (both tables) {"lead_id":"012de882c96c6305c01ff748ed2e34730f2e0d0770323b71bfa83219f145279ed7420a66628c40b0808d9d9ca37ac5e187c5d017e541b80469fcbd6981250b2945e85a1bbf5d28533deac62fcfea3e0f05829eeb1560ee0d19b9dc1a55fd1f201453acbe4095c2ee0d208311a27b1f46"}
[2026-04-02 09:57:50] Lead stored successfully (both tables) {"lead_id":"012de882c9b178625668d72625dd12355c82f86cecfa2c3ab1de0c1fc3452538a06fb9663859457da58f8d3a01e8200a423b476ab9e29342c37594bbb6bbb44e7eea00f50e73868b4a79a3a94eff8572c5269e3fb8baeeaa66fb9a78422650d1808709619bbba51e717a80b0bd154d405a"}
[2026-04-02 09:57:51] Lead stored successfully (both tables) {"lead_id":"012de882c901fd1eec7e96a83d9a41b1c6b39ae991385e1206e3b4f83ea2af53eb0c0ea9f22eb897bed8227aa682ed5b69819c32d3e3e3115353516b7812bf8093f4fd1cd47fc362d8a78b91d3aa2c422da8027041aafc976cc97866782ee11eed67ac0a2d4826d644d46b3aba5b75d0"}
[2026-04-02 10:01:38] Lead stored successfully (both tables) {"lead_id":"012de882c9ad8a114629f1c1db72a1aea3e067f86d4036785ca8b1dd7986e57ec0a6f3cd107ff181fd3cda41242badddef816f58cef6ebf1d78d91bce8fa3d111c4c9cf19a78ae505a11717c"}
[2026-04-02 10:01:54] Lead stored successfully (both tables) {"lead_id":"012de882c9bae17cb97d496199764832e1a3cf12124766f6c87c0ae18f3fa8cbc2bfbc4568b3e80db162c2987de7688a13e06fa3af61cc7f5b0448f3d4483690e91702482c1015fc6eed1249c850b171a0d0f63936f744c9697d1db62ed5a822b44a5b57267fac29034c2ed605cc8b15b9"}
[2026-04-02 10:04:46] Lead stored successfully (both tables) {"lead_id":"012de882c928d5331160b6a9a699c98ca58920401d222766a1cdec58478ac714c447b5957cba710e00941dd655217000a57068ab761e3df3efab05f430df1a19c6785959f3ad088cf8aa178c30f8c1c406616595acf1b2ff062915c443982a0b93b93809d4da14f84017388efe5137a4"}
[2026-04-02 14:13:12] Lead stored successfully (both tables) {"lead_id":"012de882c962594034b3ad03aa6aa69ae6e969a67cde1151c4215ef01aa7eb40b457c9b2290f6f06e27d080788554408994a9be4231ec5b037003dd58a60e9e7c25929214e07cfe72009c60a"}
[2026-04-02 14:17:27] Lead stored successfully (both tables) {"lead_id":"012de882c9bb5f80cffa1a8b92f51b55aec928e4ea5b65a68b271b38faef977fa7627351875ab4dc56922eb68304f355a40001a4b0c1d7ac56325e7b53fa50c97c7c5cc09805cfea3b08236f"}
[2026-04-02 14:39:58] Lead stored successfully (both tables) {"lead_id":"012de882c99076730f7ccc1ea552c0ccf2fcdfd7cbc95355ff22689e9251e7b83db59307de1af52881e7e1f83e0c0bdb71a18c22c81805a230f357a78731ffb6271e95e13880ab1cf4d9f3cf"}
[2026-04-02 15:00:23] Lead stored successfully (both tables) {"lead_id":"012de882c99326bb715cef82d9025433868a719b8ec4857363c5045067350732c0e1ab5e251537833d77f1678a789f85bb7e02fb59f0a51525952bad087f5b95dff007d942958e4aafa07fe2"}
[2026-04-02 15:40:42] Lead stored successfully (both tables) {"lead_id":"012de882c9775e77f77f21cfd959d4c5b114cffa907545bfb836ac56ef63108149b8eecfd7279803a1b536405e9e0657edc63760b38064562d7cdbd15cf0d4a3f4925988e39b8a53b8cd65294c5585ae04e0a9a5481802cdc847b936c3bd12fe0af8552859d6a0d98dfdba72e652fb9d0b"}
[2026-04-03 05:14:50] Lead stored successfully (both tables) {"lead_id":"012de882c98969af7eb6318064987e2d59eac856a227803764711a5297cc40ac21480ac85357c1742c26c408c6c296"}
[2026-04-03 05:28:37] Lead stored successfully (both tables) {"lead_id":"012de882c9aa1bc8c866bafd3947f31046f52be70560e2cc2ef6a40834d9ac8338fcfb977ecd26814460b9a1ebba2d4c318bd0b316eb7f2ae989d5872e9c01ec01983d47ab756b60dab7a4d84f40ca1623fe9bbf331e2f641d3eb7ed6e779498631d5df6d518e1c339f9ce827ea789514b"}
[2026-04-03 06:09:50] Lead stored successfully (both tables) {"lead_id":"012de882c988caea4dbd730e8625c172dbeb597bd1ef545784cc28da3c08310ed38ae3c66d1361937a798c5c9b5a202e441e0776238e1037af69b37182fcf4e2ae31a0690fee07def8253620e246c1f2573ae34dbbbd0a63b84699cb14a1879238cf97c691b20e851db0b3f2d65b80be01"}
[2026-04-03 06:17:53] Lead stored successfully (both tables) {"lead_id":"012de882c9d582389c35ea2cc3659ca54c640b89899f9019ddfa5ed103eef9b0417fd94e6395a8d8b43c97adb764c4d2a938873bbcb4882df9202499bf214cf11544b460ff0bda83d3c74f8ab155103a0aa80eba7179da47f8b38365e4d24a08794ec75662ef92e9cdea277edae491f424"}
[2026-04-03 06:23:08] Lead stored successfully (both tables) {"lead_id":"012de882c938601db46c4a4764299579607930ffad3306e67206bf8ceea85744b843ce20c666579cf8e1411e150ebe22f28dbae8b97045147c283cbde0c3c2e2bcf4c60b786567fb82aef7b45e22cc5fc3810eb07f74f1bd99e961d01b52e5bffa8c766daad7302cc287c63a6d8e002b0a"}
[2026-04-03 06:23:16] Duplicate lead ignored {"lead_id":"012de882c938601db46c4a4764299579607930ffad3306e67206bf8ceea85744b843ce20c666579cf8e1411e150ebe22f28dbae8b97045147c283cbde0c3c2e2bcf4c60b786567fb82aef7b45e22cc5fc3810eb07f74f1bd99e961d01b52e5bffa8c766daad7302cc287c63a6d8e002b0a"}
[2026-04-03 06:53:16] Lead stored successfully (both tables) {"lead_id":"012de882c92d8e8ef6149fabfab3daddc761f14725e4b1022989cefdbd4602a2797e34fdc96adcda9c3f53d70a7507545ef4ca3eda1c21fcd35c736aaa6b26fe34502a44ceccf696228f64db462c1bc72e1f20c701e5cbebb4e5fd7813e112c51fc364d19a357e22da665fbe096d4afdf0"}
[2026-04-03 06:59:02] Lead stored successfully (both tables) {"lead_id":"012de882c96edb6f159077416f9402cec8f91eace9e1e39a4f80dcf9b436a14eb4dfd3440245e99fe4cf7718e041a175daf8a7f35a6cc41e000bb00100e5ca97a3b61b06e2cbe9595ef451f2"}
[2026-04-03 07:00:50] Lead stored successfully (both tables) {"lead_id":"012de882c90a91c06bbf6bb71e4ba3d3e7f9d1cbd1701965c2fea02b950a76768baa3cc44a8f2df4b683a601f9cec008262ef2296f895d992512f5525a855ce8bca588ae2d5e22f48cf6941087a74708b90860bff87d20f531a89f9d9011f1517a6f38f4441bb30182c8029dc8237ae794"}
[2026-04-03 07:18:20] Lead stored successfully (both tables) {"lead_id":"012de882c9418ac94f1d18a90c8d60981b171d9701b3af2d914def7bde5e6936e91177b4b6137e07e4725a1b583ccb5b185f87bb23aa5168a9b41e16fad36f89337070376561baf535eaf0e15b7e26adc3917c38317766a1e1414bfdb2c535f9e462a8fcbba82c3352c9690119185907d4"}
[2026-04-03 07:21:28] Lead stored successfully (both tables) {"lead_id":"012de882c9871bd332c35c33db049c1ef92b525d610b9f425a99157db7c4d5401cbcba9f7c75eeb6487c21990b26b74bcf2558c70ed9213b946453b38568ca3cf0a6c9d318e3686abc1a919c"}
[2026-04-03 07:51:37] Lead stored successfully (both tables) {"lead_id":"012de882c93cdd90b98302fbb438bb9f480080fa708d0ce88922fea98e6fd0b8e427e8f55434b8a8064b439e3d54555419b2f69a8949d3585d86ed7bf8d919ad7ebb4be80b91fa919b2bd050"}
[2026-04-03 07:58:26] Lead stored successfully (both tables) {"lead_id":"012de882c9c2d83a64305eb9fdb0cbfe101e5272d8fa9166fa05521eef383dbc54527a54bdd14e87db3fd666c6c4ceb498f5aa04f1c202488462cb178a8e17ee112211782fddf3d3d4bae8297adfb40d4b0f45e8e70db5573855e02609d7ff889ccce1bacef416a32dc8ed7ca3e3427a38"}
[2026-04-03 08:08:41] Lead stored successfully (both tables) {"lead_id":"012de882c93492a1eb2a5040a88b90ab6520de69940d9866a4b6589df557f6f953c5bbdaa6f30c5b7bd2db4f4191b7d5305723389aa3462ab70b1b6fdcc4aadfadb1f11dba950ca9bde81282b72473b29c975e12a449c285a2b59877c352111a84b3782d7b7d62f34c02ef5e9bc7444eb3"}
[2026-04-03 08:11:08] Lead stored successfully (both tables) {"lead_id":"012de882c94df15d6b3e14940ad1ef2af28cf53e783bf5d6c3ef07a313d6263aeb093251a2a0065452083a7a25f8a2daf97ed4a5b6d4193ae86277547a02a578c1b16607bed37f970ba13823"}
[2026-04-03 08:19:05] Lead stored successfully (both tables) {"lead_id":"012de882c9745ce4c10a0235b8b915e2165312aab1e5eed5f79d1beeedbddddb848afc80cc2b4730ea4d4b8fed27e955a76c6e099bb86049a842b376d134cd2aaf6244a0d832f35a510c6d5b5d1fd3cb0729897e276a4f50c8b45a35403d73c9025eca8712f6b2047fcaabdc6ad316f9cc"}
[2026-04-03 08:23:10] Lead stored successfully (both tables) {"lead_id":"012de882c9c35f7acae15fe95eaf71e31680e805dc5d798789b5c8ea553b84a74021bc25bc252dadf50a7a1832f62e8472e861d1a729cf8aeeed8ff89a8e2a2849bd92cb881b26f903bec9ab41f1b9acadb3cba3cc1ce7fd512ea90e75edaec62f04b9ae5f109b572239abd6a4772b4267"}
[2026-04-03 08:39:24] Lead stored successfully (both tables) {"lead_id":"012de882c9829fccb72982d4af748fdb8be6d199afecae31101a0357cc5d1f38aef5937d7ded76e3c0993a23c7f2c71502e908c3fc7e1e8452e21f9c3a2dd96496031204ec6ed11097bc29f4553b97a1fd7f016e87bae2543e2ba8447898fed7d936c6057595e1235c6058c12048d7a99a"}
[2026-04-03 08:53:01] Lead stored successfully (both tables) {"lead_id":"012de882c91a5dd975527bf2d54b0e48fce88f9f56fb93562a7b6efa978a91ce0538001459e796fcae102f8cea55f19df308ba58a46318e933d874cafd0627ff43c8f5263706b9f076d95931"}
[2026-04-03 08:59:19] Lead stored successfully (both tables) {"lead_id":"012de882c95666e8efb356af236b776061cd04f7ae9cf0ecc7a373f426bcfe764d172af70b79be8ccc380ec103f1e0b17024db5d6a146808e433179121b85417888eec74770969927859e700"}
[2026-04-03 09:02:53] Lead stored successfully (both tables) {"lead_id":"012de882c9988c35145b668bc7c1cb95ca10ed706a45e61baf07a2b0e1285b44b03e25af42c5af6f6918f4bcbe8c82bbd4acc4598a816f6bdd04e191ee8473dbd2f3dbafc3b8dd8d2265a991de3c29f3462da0c468e9dbe7f608877644393a0dbb4f7db81f56c95a6076cfb8b6aa325021"}
[2026-04-03 09:02:58] Lead stored successfully (both tables) {"lead_id":"012de882c9ae2648353232cbbdef6de8e08a14411694b1248cb20f629b9ebabcce147f4e0a8e2ba2f1f3639f70dcbdeeafa2d24b13b0c2de6b62869d7e197e12cc412a0666554cbab06edceeb2e03f1874d33785ba749657f354df9b14c8400d7c3c8c6a002a888f97e91d24fbfdc1cf22"}
[2026-04-03 09:22:16] Lead stored successfully (both tables) {"lead_id":"012de882c96f2cdf0bd269c43aad7bfb0db403dfc88fd1d29c51d6e5f94a97c58e209fe34801ffe9f00bbb5128af59bb8e5ce4076e58cb2efbc18054039eebc19b1ebebcdc4cd6d4ee7135a3866d95c9c6d6dd43e995198abf7565669100e31fcb43b6c2e3bb00f3a1bb5a0d60507b07f4"}
[2026-04-03 09:24:44] Lead stored successfully (both tables) {"lead_id":"012de882c97d165a684ac557c10e66db1b35148b9fc6b0cc1b8ee68c28e8fb748cbc3331fcbde51ddff263059b7a06584a4089e583d54909dde0d23161d3d72c476ede0b512fe563c7cb4826171dde80a0bb347fb71d7ca60aed1741dafc2cb22ef25731a558b4f4a22a3132d9b3bea061"}
[2026-04-03 09:34:46] Lead stored successfully (both tables) {"lead_id":"012de882c9bfe546b0aa3c16d2c62b20cab1aa18736a3a4afe4411b47ed7f353ac0731a881465505c5a98a70595b885d6390139e9cd559cec0bfff0e58d4251f2d124b4b3b3fc7e445811030"}
[2026-04-03 09:42:11] Lead stored successfully (both tables) {"lead_id":"012de882c93915899473621078aa31dbebedfa4e1400ceb022e44e949b227768cc9f37d375bbc1630dd46e024dc1f280e51ef022839d3dc9da61adb3ebd204ee766da8568d1d84b99fecf02f32df70dc18395d3e0e92f940b090fbe0806fe892d1b6bb58c2eff5c6c0cd2bf58bce9f4232"}
[2026-04-03 11:53:12] Lead stored successfully (both tables) {"lead_id":"012de882c93ccf3194fac56cb623fcfc55f711e8445925d4244a52603e0f34b99ba7041e74374a960c1b6608adaedb6398e539096412eb8fc67545eafc8c49128ac343ffd9451378e85ca607"}
[2026-04-03 11:57:13] Lead stored successfully (both tables) {"lead_id":"012de882c9f6ce2eebcfe066304e40a41b6b60764414511a3d5a76da318f0cb85fd8d47836945be1bdb4e2b4096b7525fb891bbd49754655f950a7bd3fe9f8d5c4362fc94ed4c87ec0d77cf0ae4bb8d365a9f6d74d9307bc37a63f32bb429decde60d0d5e486220087608da66b4fedc7d1"}
[2026-04-03 12:04:03] Lead stored successfully (both tables) {"lead_id":"012de882c93ed8863b460b1e74274e604bdfea8b2c58290def8e7122950ae4c3e6eb7c98c178bba30f175763d01289509552fb1fc1da3e823df855b0c6581def5779130e66405356d698583dc948f9dd06dcc5470102cbd032f2e518e940daf1b843fed3e2aa7662c7ffc8af7aa5f03065"}
[2026-04-03 12:04:45] Duplicate lead ignored {"lead_id":"012de882c93ed8863b460b1e74274e604bdfea8b2c58290def8e7122950ae4c3e6eb7c98c178bba30f175763d01289509552fb1fc1da3e823df855b0c6581def5779130e66405356d698583dc948f9dd06dcc5470102cbd032f2e518e940daf1b843fed3e2aa7662c7ffc8af7aa5f03065"}
[2026-04-03 12:14:29] Lead stored successfully (both tables) {"lead_id":"012de882c9f2064d690bc6c304dc67a4dbbed5b70bdec5bb58ca85d0f95ca9ad1307bd852f0507248082685075f0eb2e1e59ed218f31454252db2f237aae1573d3a16a8ee8a38b60fe10d4693786cc89e3f26bbbbd157d71527974b075c981823d9cd550f0046b272fb9a3160ce5a91b41"}
[2026-04-03 12:21:03] Lead stored successfully (both tables) {"lead_id":"012de882c9cf229ac0d5bbdbd27d6b48ff6a1efe1df80505f5850c6530b4b4cc7651191a6b7c128e0ce951cd9473c7116511a84a0531f9960c21a94225359fff8afb98ca36bb004576566ba0fed85ae388ad88c61f7db7de014275e4a7fb2b50cb1bd4525c67d0e8a6033ddcf25fc9e7a0"}
[2026-04-03 12:43:23] Lead stored successfully (both tables) {"lead_id":"012de882c9e2495c83e32bf24daf4b8589ac455a9b080c452d2f4217880f127ea91c1bd9763c8b0d4677231bac07c4fb2b0cb7845b2147eaa92d590321dceeddb028baf91dcf4639a4bd8cc7305ffaf3637442d4284d0207038e64a4288490eeaa7c930e5e8788d208a3187b96893e753c"}
[2026-04-03 13:03:19] Lead stored successfully (both tables) {"lead_id":"012de882c9846a68fb16cad7fd161564adf87916f825be5cb4db71354ac98b8bfc9e02d94eb6d109379f44d61951ce2e2fa4bb6e27f9766a3f11f25499a85bf6569a9bbeb0e5e9514e1f56059543cdbd8469b95e11a6e267540f05030a6e5b9df03645a876fdce73ecc34e6bf43ff8afc4"}
[2026-04-03 13:03:25] Lead stored successfully (both tables) {"lead_id":"012de882c96a7a344056022690f65967252043361619b34117dafc6b5ad7491e89a2da72979c25dd36bf98eb8230ab60bcc9ec0110c625895af1d500107b8826bb97e4b93f2bdc3357dfdeb733dc192c3b2010a6679d31d9490c4782646172df2f1a9e8f95c62b3501931a92c6dae9136a"}
[2026-04-03 13:24:31] Lead stored successfully (both tables) {"lead_id":"012de882c9ae06900362fa5d973464165398e8a6e51d0b4d0b142778b7c2700bad10eef3485c1255e212cc581ab01c5d24d5f2831e24d19d076e917a5b4450a4a75fb5bd364fb93cfd5b72d9af5c175539f49207d468a26c4e05ad61430571a8ec5787cacbc77f8826ff568913ff30dd70"}
[2026-04-03 13:37:32] Lead stored successfully (both tables) {"lead_id":"012de882c91c7d6e080a6cf56741ffd53038160ce59fb088bd613676ac82975c7c1dded7306b3257f700becf0e11044226647a5b3662efedb2ae3afabdd632d2ffec5d13d1e2a0d6a9032ef7b011016daeb3ca67cf2c25de4181efb8624d411284f252779cbfdd913de514e772a1e9facc"}
[2026-04-03 13:52:25] Lead stored successfully (both tables) {"lead_id":"012de882c9d5ffd0a4ac1b9ebbc819fe39800cd7259282e832c2d64397ab3d5d885605a31485f7a5a7937489efa497aa245bf7f0f1bade86d5c4fa3695ba83e5a41fec2adf91b4fca285f1464f7d52e87ee4fc5249ebb1c4c4961e921340e7d9ffd4093091e5316618951d483557eeed5b"}
[2026-04-03 13:54:34] Lead stored successfully (both tables) {"lead_id":"012de882c93682371ce860c4b761773b63db6c2921abe2a08fbb44634755d443189479ac0a0880bc107aad411f1c16d7907bd697eaa4ca51cf8486ccf3de453e55fde6ead2b15b1426ba4d597970db1d163a4e484fb035399e7552491fbed5fded46b1e429861bac4cc1709c06b5fe08b2"}
[2026-04-03 13:58:25] Lead stored successfully (both tables) {"lead_id":"012de882c9339b908718329165910e80f2fc33adac98eeab90bbc96bae85a4a1fe89aba39e2828da44741871fed4f17ac35a5a3cc10f224c71e051db510c8b6f00a81d17da4d65e46e80b36a36d063d22a593a6a9cebad7da747c0a1d1844532861db6b0149c0dd24d6bdb41bddaed1396"}
[2026-04-03 13:58:39] Lead stored successfully (both tables) {"lead_id":"012de882c9bcce4bb2e890fe4ec412479bd5a7f3f5a4f82a54d30fd7dea566048983ea059085647a0c13c27b11ee44eb33bc9757dc1b3f5b747ad86429e0068f6bc08f22fffcc65c67b733e2664f5ff03126da902bcdca8246da9c137c73825753522a70b14dd695cd3270487cfe62621f"}
[2026-04-03 13:58:40] Lead stored successfully (both tables) {"lead_id":"012de882c9389d36e253fe5ceaa6a3b472bfb84b76ca47117c830cf557f9c6aa85d7a1dc5abaa98db06ef0d75c004b249f8e76416ba77aa512b8aff359aa4512bbd1bc731f4fbfd4f615e1c1239a1f93c6ad06af2e80c11810e4e59e24bc56deaa94f952519eb661c673751e532e91fe2f"}
[2026-04-03 14:04:04] Lead stored successfully (both tables) {"lead_id":"012de882c9f32af8ad0afba529e4ef0cdd9c5902d9716610720d689204056b60315489d3f2dc56486bb2faaa81525af82e92eb269b572ca5b9ed91c5f56b00f0889bd05674feacf60d39e13bda59647567de41ef49f380822d8f7ab1cfc969536b615b475f7a8d232f4b8094403f9e9460"}
[2026-04-03 14:09:02] Lead stored successfully (both tables) {"lead_id":"012de882c9328d7efd33827ffdc4dc41f203857ac09f2b85a4a5186644a9943c8a40c331657f90290df4b08256d397b60ed4cfe18d8054f5e95a9fcaf1da205b83ff85b62344de10c80c5f180237438861e8cf40ba11fbdaad3f8fd320d1c11a8fd9207b1b2d383777024f2d23693641c6"}
[2026-04-03 14:09:05] Lead stored successfully (both tables) {"lead_id":"012de882c97c5b8de723f668cb5c8089d4353bc7e220c88b047161ebe978bd5e4024f6ec4223a78d31ee69adee38da0fe4877dbcee8a710436ee620a19800c37a57efb7710b88af8791ad9350235d0d428ae5686eaae9e8bc269a53d16866d440c574e8f671c18da8ae099fd211a0331c8"}
[2026-04-03 14:15:55] Lead stored successfully (both tables) {"lead_id":"012de882c9573f6d4b0160ca016b753fd2c52f3068634e9f5b91b5510903a54617a9e7ec0c84386f0c43a388fb67d8b41c7b526bf8f6dfe3c3e6ebb14be4a42b16a7dfe2eff90c24901b520ea061f7765e0a3ba3ddb2203da610fa2bc71dd966d6bdfb453b2604df512c3a78931b2e0552"}
[2026-04-03 14:17:27] Lead stored successfully (both tables) {"lead_id":"012de882c913006dfedace5fcae11ce800fff85fccc64c12aaebeeb4b0069bb420f1b857b49d41ccd5062938fd1998c0875eb481b7984e708629a871d530708838b078561a99d36f73d3121743a92cfc243338a8d1fe1c7f3dddf6392ed008d7e164858c92c8cec3748427369d805dc5c8"}
[2026-04-03 14:28:29] Lead stored successfully (both tables) {"lead_id":"012de882c9ffa7ad1d6b02f3258880ed417712894444c946aff9cdcb638a7c60f0dd7ba3215cd3408010c92b61c523c5d560fd34d491812edb97350e6870926f2f6966fe9d6398abbc5c0cc73405e8035bf20141610aeead0befc86b02e742341009a78ac2edfd5a33b628ccb1afeaeaa2"}
[2026-04-03 14:31:01] Lead stored successfully (both tables) {"lead_id":"012de882c96da1dab09ca5d27079187a8f578052373b2fc1b82385b32f50d6cd481f2ef5be65944b318386b7dd7c824e9a69fdb7ec7c9590f9c2b9a3a8c613e7180ff24766ed0f9407af6173172786243c2944dbea9f0a4864e99dac445eb638e5ee74e09460bffe5b208a6b0ab28c7e25"}
[2026-04-03 14:32:36] Lead stored successfully (both tables) {"lead_id":"012de882c98193b151736192380cb6cee09b7443b9d57dc44c099ef51bb47f23fb4fcbe73b44ff5945865a5e6d89732724077c3ddfaacd54aef4d2c7262cc1a3777d430fb39e1fa67dd88f1feae519394f5d390ea9a865666b5ddb7e0eeb6d9854ae06bde78d84f630351844b52ebaa080"}
[2026-04-03 14:37:49] Lead stored successfully (both tables) {"lead_id":"012de882c97e63e0507884329f1328b493976408ce4ca66e4d1b5cddaef453574dba9b6c587057164302702e88278b1087e77456fa0088e32f2886c80861da427cab075708845422e596f08c8a777c5c4b8ff07a700cbe4453d21d3b015b3dbc4ac5284a09c56a6dae35d9899b635178cc"}
[2026-04-03 14:38:22] Lead stored successfully (both tables) {"lead_id":"012de882c9a59d84db60116767e1fc5c03dcba63924eeb5a0e17dc8c12095bbdfca5c9fd3f4dd54da522ba1f2fdfb429921f7a893089b8b7a73707da3cf74742de76dbbe8dac7d4eab37de8d06b22c3e608d8ed0a17c30be3e6d8801547a425b06776f5cc49ce5e0d26aa86fcbafbea7c5"}
[2026-04-03 14:40:36] Lead stored successfully (both tables) {"lead_id":"012de882c903546609cb5a1a464d1cda3494ab292c40b791f22c2b08c3291e4c186800e9a3616e8c716430bff512f64b3f76b6fb6590098f5fd5cb89e30244f25cd80e301e58db888bcdb00c89e3cae04da50fd039196cba5d8e554accfada5b27fd5938d75bd4fb5a773d5a3270d33816"}
[2026-04-03 14:56:43] Lead stored successfully (both tables) {"lead_id":"012de882c9ad4c0845e210fb0905fabf1613f4219219aed6d260a27902684a3084b9d0146c7640e5c468bd91e80e91afe6bb107532f0def40b84256f3837b38c3a50ea82e0207a704ac4df2ef4bef3d557c3226edbea703f6f54c3739886976b7b0ef2c8cae0f3bf74038aba699dea6f85"}
[2026-04-03 15:02:07] Lead stored successfully (both tables) {"lead_id":"012de882c9204e82a001520f7e56f3ee4aa9fb2a1ae807108a2a24a9e1d02fc6352327ce2572f2b53581f2dd7965cae31209995b433caf56067212294114a4ddbbad79025e703db52925f5ea980199564dddc8a43db0500d296f75132177313b70911d39cefdfc67b984c9ea5a1e96c85c"}
[2026-04-03 16:30:26] Lead stored successfully (both tables) {"lead_id":"012de882c927be4063d626bbc1c1892acd309bf1b579f747ee7be1342618afba4117db062d193a22e034493b54387ff57c29f3848375025f918830432c1335e5f6546d1dec2c834aa11aea6c1c93ada1ac3dec81bfad2a43334cd77aa7c6483e87a9e8a457aaece1f9954c5955e5accabe"}
[2026-04-04 05:20:25] Lead stored successfully (both tables) {"lead_id":"012de882c989c36e0b7d82ac7b9ae9b641ad73423c0a820faff70e070b252a3d964f0eec74c0a242046a3d897c8dc7176853bdf42b900019b6e204aacd7d81c84421a1aa1067100574bea6fed2f3971373f365705f4672a4bc68e89d809011990cd436c7e4155a69567952af24379e2d73"}
[2026-04-04 05:26:22] Lead stored successfully (both tables) {"lead_id":"012de882c90e6076be95e497c9391ac85e4dc6576c72d3a904ff0a9d45754486004ce9d7db1c724e8dca562ca02707a27c5aac495612e9e7303ea2f527a5463e7a00416d1c25ca7c923d4a25e76ed250724f0c3b9567f0cb478fa3796ad9fa221588574d086f35336f80a464a0b363ae03"}
[2026-04-04 05:37:29] Lead stored successfully (both tables) {"lead_id":"012de882c96e5f38ee868176cbe0c74bd6e478407e5ea927fec3c6fbb1f5bc628b1d9b4fab8d8630bb267bfc57065657b6623c297ed6956392b57460daaa022808a7830686a806105e6c799e2d594190b324d187f547835a75127d50c53188db83ca1d468c2c5eac79fd31e0946ca63fd6"}
[2026-04-04 05:37:38] Lead stored successfully (both tables) {"lead_id":"012de882c943dc5f3a4923e10f00d2c67780e90dcbe2dd4787cead5aa3bba6a332ff779f11a52a09c2185f03f0f96a412d31a04777eee73470b078ecc733bcedefe2782125d7ecf7b9d7424c115231a2ade749d73652225c1ce5af22f9cbfd8b60461742a4be59e470028ad8aa47833b4a"}
[2026-04-04 05:45:31] Lead stored successfully (both tables) {"lead_id":"012de882c9c36546644592679a25888284e22005ea7579456d9771c7d79d3b6e68ab422d6ecaae42708c1c653e68090d5d5ca1d835b1a6b35a3a12c9ddc7ab551575cee0cd12518c17bc0c16d656b226ba21018d941109605176b8c6de53131cdb045ce194a4f23ce3cd15cb42c7a6e182"}
[2026-04-04 05:53:00] Lead stored successfully (both tables) {"lead_id":"012de882c97700847068fec1bf0279e3e1158816ffc6b04dab49710783edc1685205afe3e57c8221c423e2c1e13d1a27353c89b3ddfb5470bd7ded525864d05feeba24a4bd0e4a2df8e10bd3c0bb9405b77fd03c32868be5fd400d543c6b87ebcde8b169698f59d559c62c8871f38723a1"}
[2026-04-04 06:27:53] Lead stored successfully (both tables) {"lead_id":"012de882c90c9a2022b137964200d60aca41a1372cfcaf3cdee5708f2764417f1a1db250be6a058d38be25f36d72b9c30b901607c84982bda47e8946ff84886982314e944b57282c5192d6e07deea298337f15e7a4346d44595b93a0cccd85e07c16e684556c46408b4fefbb7ec6d1e6bc"}
[2026-04-04 06:34:00] Lead stored successfully (both tables) {"lead_id":"012de882c9d1dbf32bc069093f771dea7b4339c0e7b7e6d194de668f7f5f7454eadada69a37092e9cb23dad079b0169414105b686d648b3c38edb17498035c7e1b8b8116f527c575d94a349536f9b5d135544d2704afc8c830b6d08a0ce302d401b7ad5f86854aa5f51489ed5672c8bcbe"}
[2026-04-04 06:49:42] Lead stored successfully (both tables) {"lead_id":"012de882c9cac72a2b98362cd80c009055b96a5be955928ba4f794bb6187c60894c9406c2392541474b8eb2d6fe6569aa665cf9b384fd86d027182eaf618be64cacb8a5f92df7a0edc7c4cebfc1636708e86e480d05bb8043f7b72e9e91b99dd312d75de8006a90b2b3e76ea0917e45bd0"}
[2026-04-04 06:56:12] Lead stored successfully (both tables) {"lead_id":"012de882c9639a4e79f9d9390ec2f620e5e7e17e6bd1d6078b45f0a6523523b0e7d5fadde92f693876ad32453c06f2851d85d94feec21bb25fa3049c4b02525945dbe84114ff6702daaf6de1"}
[2026-04-04 07:13:18] Lead stored successfully (both tables) {"lead_id":"012de882c90ceec8cc1a2ac7c3e9c7e7daaa59e5431103748ac395aa2366d6c134132eb0fddb67f532c05c1de111a09912e3a0edd7911228660063e0c533b12d3937bf5a1b8664bc8fb5833b9c1908bbf3539542933f80739e35d0f1e1fd8f8b1a0cc7d8445c2f3f345c090c598297397f"}
[2026-04-04 07:15:35] Lead stored successfully (both tables) {"lead_id":"012de882c9764a860b41d4ece3634317a588642248541135ac34b83105f0155bd2ff6e71a565430e4c47de134045811f8108dbc4b2b502331105d6b064d154b2dfde00080250bb993c1648c461f6aecd07719cd125e542f8144897e7502b8ef97bd945fadf75fc2152b06f7651d780a361"}
[2026-04-04 07:17:50] Lead stored successfully (both tables) {"lead_id":"012de882c9f577f027a183e5433f2f6419caf03895b6eaf0c4ecf4048023670255216bb822445bfc09f1874ac19c1bc05b9f72d1ab30241500fe18db1b1a0c7efd0ffdce9cae0cefa6b0dddb7d162c5ee3947c68b22dd121e09ac7884166e6740df4f6392119e022fdeb341f0de8be9701"}
[2026-04-04 07:29:40] Lead stored successfully (both tables) {"lead_id":"012de882c96ed02c27538108fe39ac61b7243ed12d41453cfe6b8495dde66b3ad09a27d85fc98560edf22e881b4b2f16ce155d8d214d75c5ee7ac9121ab4fd76df3def2047e4ed4e1be2ea1f82d278136bdaff92f2d45acf3c0818888a5dd4dd63046bf42cdf5a82fb61dd2ad5f329ec25"}
[2026-04-04 07:32:18] Lead stored successfully (both tables) {"lead_id":"012de882c9e921f2a27d1a0d679f03d67d0d44e7f82adc160ae55b4cd3a1ceb7f5cdc405059e33a44ce4a3b65647b0b81a42dc73fb1a496d02e59f532c1fa84e28dc2e41413a200e6040815d4cee70cc6e7ce8fd7f6750dfcceb5050c14939d3d405def37831770ce297c5c646b9553740"}
[2026-04-04 07:36:07] Lead stored successfully (both tables) {"lead_id":"012de882c9d4e25a2a330f9cfd927a26dcfd97aba8a32ca3aefd8e87b899a44593c6d8b1627c548ccfd4c210782585a1ae159105dd9c6bc68454aec236931fe4593b8abd728760adce9b43f36aa7c5a3f4debd9e6843f758b7243c4ea308ec133bf1c0a76008c3afa78cf0de2ddbae4c36"}
[2026-04-04 07:40:46] Lead stored successfully (both tables) {"lead_id":"012de882c902c5cfec73158655cc55406930c4691d48287504e669ff77ca3ec6af0b5a6d63cb098165a2e62d8f8b9f9fea8f014822db69431dcd8af3187dda707f7fb6a3f5be05a4f608dd100abfd1872111b5cbea2b0e6561a42569852ddb798ab6125459dc558bdf6a3097f053e15179"}
[2026-04-04 07:43:44] Lead stored successfully (both tables) {"lead_id":"012de882c963568e701f88e48d4b5cd4b2277a7a4cf4aae02860592e4e8816c87f9e53f6257ec2ad9b262cbe6716c39d2d52e11d928695c01b8f6231fbcec3c51724baae115fcf4e56ea86b2cde7e7fcdcb16a27f3bd4181061bc47c4fa314f7091a5b7fa1a8bd7a69f39ac4f3be04ad3d"}
[2026-04-04 07:56:17] Lead stored successfully (both tables) {"lead_id":"012de882c97636b1f61b1b902d4043520ec2067b7cb133434c0d793843e2ac2bebc5be022a0e694091fc82fe39ba89c01458cde0e61100e787e05fbc987d651610f7fefbee03388f26fdd038f1a139aa56b2bedf5accf73fcc2bc63cc4fa478cb9183748ea19edf66aa69e12779457e777"}
[2026-04-04 08:33:34] Lead stored successfully (both tables) {"lead_id":"012de882c970272b9622302d72354adb6544ff62ef6d6c9690aa351722fe87b9ae6407a4c685e199c2d65e62fdfd5e2500d33d7384f2c8bca9900662b790977930ab61afac2c04dfdc2a22b6ed3fb2bf4b5a4393866b39ec66d06b4b4c722ebf59d3a0a9d1f10c73590fb94ada6612f961"}
[2026-04-04 08:36:36] Lead stored successfully (both tables) {"lead_id":"012de882c9579517aee7e61883114ef0dff070ae1dd25b3dc6e9f98ea5d1c6e512e96081a616a4795d6cb0cf5a8b1886014d4096bd5cca5311a82f7be0f04d5572beb28b0b09758e0a4f495dcf9e51bd1f6fc9b8b2ee5fd43c3bf96e0d6387b2e37d885b2b86bfcd447d4ab7b1b7f54a96"}
[2026-04-04 08:39:39] Lead stored successfully (both tables) {"lead_id":"012de882c948b0dcdbd8f945463910d1f89eca807f8b29ed7c6c2aca6b12f81f595501e4b11a7b79eae8c1e84cd4628802e6d82af5ca990d4ca28869e2a9e28a08332e33298574b6a88365b7f1fdd623add5d3ded990ca5778f719b956b459e4ee88e082ac80648bf3eaf3b7696909a623"}
[2026-04-04 08:51:29] Lead stored successfully (both tables) {"lead_id":"012de882c9507b3253f4485f4a9dc418de645551d8dba73c43cd852ccdeeb724280c9577ce48476a2ccd6d79a4791c059405b69188700363084ef73b2522372ceaafc6ff6c340e26afcb80782abcbc73e9711448c1c0f87baf4cdd191b299534f3ca3439934ce59666861fa7d2d4ee361f"}
[2026-04-04 08:57:37] Lead stored successfully (both tables) {"lead_id":"012de882c9668f541844ffb63ed930e3dabe8492261ace9dfbd14d679f9028d64f62fd75c75a54a00f6aba7679096b27f9c39d30918196fdad458421b37bf55f3fcff0b582199f1767a81414949bd2f09ff26a7ec19215ec07a9d47a03295de0ba159ff11c6c294d11ce6c66da613dc640"}
[2026-04-04 09:06:15] Lead stored successfully (both tables) {"lead_id":"012de882c9dfb1a96d1f081fd6baf844e1c3eace8f9d7cf556a735cee981610fcf4811ec240c7fef418a8634c12fa001422a5065b3978c21146a7862084efa2b74d38d454913a48d9311060147e3512f847e9fb87e5f140a01bd7b81c978468cf68acecfd31bb7af5298352c509e44d178"}
[2026-04-04 09:08:34] Lead stored successfully (both tables) {"lead_id":"012de882c9e6c0dc737a2f3f5735d2cfe9c1aa2a7206f0746a2d0944edf2a859c84814b8918db7beeb697847782a4c48d9bc82672ee2264e877713ab401dd9c08d74f128f583c75368f35d52dfe33f0d2cf6ddb26670f09de389291e37a85164abf70a2a7bb319e101ad3593e521101a2b"}
[2026-04-04 09:22:59] Lead stored successfully (both tables) {"lead_id":"012de882c912a058f3f4fdf86b1acc43b2304715f9e1fe93e32d2321b87b1d749b28437524beabbc6ff76ac7b94fcd8604d14654ae17c6a09c6e46a73ba273f27d8009b7e7b20c1562e2e9e55efaaf000f96e837bbb49ea17c6360cff1323dde2506387bcab0af60d0aa773d3211ec573a"}
[2026-04-04 10:01:33] Lead stored successfully (both tables) {"lead_id":"012de882c94035592ab8153e01097b23ae7c9a4bc63b2c3a1b600b332f409237a36a89f92c02bb33f17971fe231ee0a2dd4732b4b3194c117ea3c58ccfbd64706f0680bc1ea7055abc6841c0"}
[2026-04-04 10:06:59] Lead stored successfully (both tables) {"lead_id":"012de882c9270840190f7d71bbfe6a5c5c6348bc209d54cc76ba73730ba32eed0181b3d5a77b51bf74678e9cbfd93e9ca2155b4fb97732922f7605c32f332e07bb840244992a7c872e267c92758c26d041219f336ee1adfe5b79f5769044ad1ca9ce6c50a5846f5e0999bcd57e2a346fff"}
[2026-04-04 10:14:03] Lead stored successfully (both tables) {"lead_id":"012de882c9f61bc17f7ffde538cba761652cae9a65fb5c4a27d5f0e35a15c74a28605bab0cf12b6528954064486d3801986e25ff37d83d2d7a19ba5cbf22ae83725a5914d2cc5e227d0cdb415a078706d379d720fbc883c76b3a7f22342ca317649981ba43c0ec8538553e90ef96e81406"}
[2026-04-04 10:17:00] Lead stored successfully (both tables) {"lead_id":"012de882c9584dbb5cb88b8973ba72f1a46bef58c86b7e78f9aa02690d09720c6cc150025362b3897873287a7ebdd75dc138c832413190a61a5295b2cabe05920d2264c4b23266d7647417a4cbbea1ea2ae7303c7b0fb1e41bd418c177b9c7e01bd34b3da664b698987a6ab35bc7895636"}
[2026-04-04 10:18:21] Lead stored successfully (both tables) {"lead_id":"012de882c92569d175402afd7c12b1f7c70eb66f1333072fd926a64366d85d276f283fd2ea78ffe224b37de56ea2e860cb77a92c99e0c4d17ec69ebc9ab92a17a9ecda6d35f7c56a1fb80669c657c1619b31d2b206378e18756a7764c9e949036e03f2375e28f530e5757c41d79d5a8f45"}
[2026-04-04 10:30:36] Lead stored successfully (both tables) {"lead_id":"012de882c9045721a36e81bd4c3c1a89079c7cf2e590946914588688daca71e64e7755dd57b53dac3ac95668a3edfe02048f1e5e6f6f53efe6c24f0980bd33d0c03ae255e084ac6874ee0f2fb3366e8ba255b0627e454a8486f5dffc0f62ad16e5c24928ac9c0570355fae987990c2f092"}
[2026-04-04 10:42:39] Lead stored successfully (both tables) {"lead_id":"012de882c90f5febffef05205682082cc1c1bbef2b2627acfc5163fc31006b3726fa69c2103e6c2e123b37a8e95b1ce042ed09d000ad75ade9239a2e01c6a4cacd67505e7123168895b2551d4a23cb31ad09b859a722206c25cb56b4aa101f31dea213adc018104ded89137d95576c9d14"}
[2026-04-04 10:47:33] Lead stored successfully (both tables) {"lead_id":"012de882c9da488c0ab8e38f6bfc3dfd8c6b2e83a1e88dbf2398edbbe7cbfe5ea9a48e54be3c2eba2ee334cb5ecfb9c179e9d3ad10cdd57c251937eaef19cfaed392322d4cb7e4e61beaec9998e98ddf3ca40af4ab4d917862e629b7c2f64a07bb07e11c739c242c7ab48a571249ba4527"}
[2026-04-04 10:51:27] Lead stored successfully (both tables) {"lead_id":"012de882c9ed9bb6ef59a74730ca6312274867256871a04e57001b14efc37a2cb074c6fc45af92d1fbbf17b991cc138ffa6aa305d2623ba802b5c6be87d361464b2de31340d672c03fed4b028bbb4d883199254215356d7071add62adae11142ec91676c6cea0a0912b457cf276cb8be0c"}
[2026-04-04 10:52:17] Lead stored successfully (both tables) {"lead_id":"012de882c9a890831d7d01b7b789f30b69c6a5938cacf966d3d1f913bb2a01e53a38356f07493896edf354df939168317a324c4477f40c3a47a1af351be7ebde0677f0ef73241d68976ecb460c663df57620f8d1d996ef805c6405465ddd6ca059c07f5951f54d14e065b3c7b6f38bab9d"}
[2026-04-04 10:56:34] Lead stored successfully (both tables) {"lead_id":"012de882c9b2a1586ca9f0d1986b6a7a4105f319dfd145c4b86551db47dd293caf610a4c84ffb7c910c0f54f583bd07019d4f219535810dc92319cf37d26cd946a0afdaa2cec015f3a3e585632a1c7a9fa2a78238a31362b4de3c04185e94e83a048a6f271c180cc246f15f52a54c8cdf1"}
[2026-04-04 11:33:50] Lead stored successfully (both tables) {"lead_id":"012de882c9600d4e047310780823c4539bb102957ebe6a46dd066880c9a3c00d3bb6a84dd6f9e707e8e8fd3dfa1bf297b743170286048d3fbb091a3ec5562811c7f6e48122c061d731bbc64d96704b8385a7d2128e75e2fcfe414d72eb863bdef485739f76a7c0b31d3d435445eebc851d"}
[2026-04-04 11:34:23] Lead stored successfully (both tables) {"lead_id":"012de882c993aea0dea221e7b79dd68cb69e9dd456e7b5132a211c30e711078bd5938e0f88695fb30989f2e26ed78c85c5ade87c2be0cd7e904a2c779cb91bf7bafcea55794938016618dc840d552351cf518379cffbcdc0c9ae65c7bdf4a3ee7daed92bf07218ebfed3e37e5706c8021f"}
[2026-04-04 11:38:39] Lead stored successfully (both tables) {"lead_id":"012de882c9a57bbe11998a94185ced2395063e18265c818808ea572f0cdfee2020fe0894c5fe934b7100556a5dcbc681414fad4791f97a528b3828ee0e590e86085a5d3ef805ca1f5f1d25e958bff6bece6619296fd7630151af8b0ef9a2d9f5095063a9bad00fdb3ab6b5cf26370dfef4"}
[2026-04-04 11:44:29] Lead stored successfully (both tables) {"lead_id":"012de882c9ae34ffd7182ed9f74992d06d7e991a9885a183886a0d25507ddd367c17a01af6b257c11ba12a801a281dce29433ea0c06800a19c1a42b5567271b6de9a7f2e6780b9f452510e58cd88b777566cf4aeefe8572aa0fcd484a113d483dddbe24eb2da2d0dbba139c1a620d2a043"}
[2026-04-04 11:47:22] Lead stored successfully (both tables) {"lead_id":"012de882c935e148b9a7f126cfb0dfc3da96074796ddfc3fd65630f4cadb3c3b67c5f6ac713fec7880c7576d088160b4545e44f329559459485a225ae7c135e6de013781b95951ea269f9d5a5da4895cdff8e62e4bd6958a30ae61a672b029a50e7579f0fd05b9ba3f59f52c384835af2c"}
[2026-04-04 12:02:31] Lead stored successfully (both tables) {"lead_id":"012de882c97ac7c9ff4af612992021dbf360b1e9532a0650d23e5edd35a0168b882b7a7ec72f04e7e9c53c6040557f6522be89db4cf28463c988fd468c8116154b4961402df9e69398a048df47eb67862cd4ff968b8e638b983938b6a580601489e41853ff699d65ca1c3f6f5d5ba253c3"}
[2026-04-04 12:03:56] Lead stored successfully (both tables) {"lead_id":"012de882c923cd812ce1a7bacc33763f9a19e8c3c00b5f17ee0904103b64072ba302a0dc5a431600ade5446bfefbc8c776fc6ff34be7ee62ecc42a5e19989f39db2eb65011f1a34d9a98f6eb"}
[2026-04-04 12:07:22] Lead stored successfully (both tables) {"lead_id":"012de882c9e867138649cdd02cd8f9dd8f25e4f94636ff0c34d29c5d36282fee14afc07c538a53fd94d2aeb202dd6139adcbabd92e9732bb80072b4161b0b6a09194bcdc095602123f96ffed6e0cb20fe2cb764ec1d413b5cd7c98686938ee65051b5148b747f222159cf810b3b38a9d85"}
[2026-04-04 12:08:35] Lead stored successfully (both tables) {"lead_id":"012de882c9f4529f5451b26300ea72e11ef9af991847384262a415900815d5a2874fe14f0bc4a2375638d018796ef39c5e91688b98e107cef00bba0b6faf1557ed5430bc1670ffc55092267bea9b3578e24bd4961bdfb17a4009b40d645c89d501027592432190c7e7347e37c29cc4e473"}
[2026-04-04 12:14:11] Lead stored successfully (both tables) {"lead_id":"012de882c9c003c45555c8290f700e4c7a19510336ca3478ba24e7baa2f9e4c46c17bd881495758cbe5cbf1c01aaf4e0074457a36c10303ef85bbd43cecfd3ff8926018bf9274a6cc09da109"}
[2026-04-04 12:16:18] Lead stored successfully (both tables) {"lead_id":"012de882c987684574cf1515318edb8fa6e43e1c76504264b456cf7f01dc58c1091d5d47fbb21fb5c413a03edf6cbc0889c315993a4769cde7ca8b708500f992f0d708857a56deeaa75e4bf125eb7a05934b5c88420d54f7a5c1f5e8a5ae5620eddf1d04f9bddc1d3428d6bd269f8b3551"}
[2026-04-04 12:17:04] Lead stored successfully (both tables) {"lead_id":"012de882c937800d2ec729b67b7ce02c4aca732a15611d2214d0ef324f448ad5c7f5ee9f86b6cc7175d02c59196b76b80647da1f126f208311a717e198543485eecec958cc85ac57bf9033c982f7a5860dd2025ff6f0461cfb56f568d0ffa97bad97b66ecb30db53576042827639fd210d"}
[2026-04-04 12:17:11] Duplicate lead ignored {"lead_id":"012de882c937800d2ec729b67b7ce02c4aca732a15611d2214d0ef324f448ad5c7f5ee9f86b6cc7175d02c59196b76b80647da1f126f208311a717e198543485eecec958cc85ac57bf9033c982f7a5860dd2025ff6f0461cfb56f568d0ffa97bad97b66ecb30db53576042827639fd210d"}
[2026-04-04 12:19:08] Lead stored successfully (both tables) {"lead_id":"012de882c981711caaa53b8dde4a45d32ef6997f5bcefdc28083599f2682fc78aae29d154c68d2e18f3f3d372aa890d090694646a7465037c67a7e95a6c98851642757540a511529334d351ce93f18b7c31316a4d591131279e086bc532e9b051fa5fd56a4caad47b8adb9eef0b5a72b54"}
[2026-04-04 12:38:05] Lead stored successfully (both tables) {"lead_id":"012de882c9e1a149af2c9ac9ed0e1b3626d8f55b7da99dabbc61786c17ccd2ac66c88bf8abad2c7c5d1735afcb6944f39f8f773d1b58d8e57c98687d225b10e1eff432b1c4b29666568c6ed650667dcc52e8fe9d30286d1e46c661280bc88605b370edc49c87514c27d62cb5ed15275763"}
[2026-04-04 12:46:45] Lead stored successfully (both tables) {"lead_id":"012de882c9ea492173706dec65c8846838edd582dbb66dc87fbb877df7d118349bfdb4fc9d336b229c83ab9482b4923f308735a6e8211719dd0aa34d24a764c2d2e58cbc2d4418870f2aa507f42144e7a61a33693c1f06c4d2cfd47a29bdde83e97e1656852074f9826b6b4b912a363958"}
[2026-04-04 12:49:43] Lead stored successfully (both tables) {"lead_id":"012de882c980710aa120dfab9168b65efc017f4fd332be36057a156848a9a7540fe2e4b8295cdbf7c5d77c0e820fce67964d611e901a8f8cb4121f60c953644babc056c15e87e4965f9941c0f52a2eac3f6b75100ca1d439f7bb42cb9bf5e4f1dd6c085bd796297e2e5f76ca90ccb26ea2"}
[2026-04-04 12:56:47] Lead stored successfully (both tables) {"lead_id":"012de882c90edd8f1c9f6f7b81137fb42f5ce023fec5e8a19627578aaa509f5e1a574cfb1b65c62226bfe30841ea2004d9dbf70fa271ffc3b4926167b83b45012f38a1dd765f5f6febbcfecb45fbfb78b91491c70ed3c5ac56f4f8b9f66eda527428f2a8c3f6acf15a149af959446b310a"}
[2026-04-04 13:01:43] Lead stored successfully (both tables) {"lead_id":"012de882c967c97c14ea70b26e0b3f18d57a9b9dcc0a63f6b0ba19510b52d9ad09cf82d95825764c5f84a38a240bd8077cbe534d82adaec30c150c1454747c1b667d6edcb8a6d42bce315a712b698d0d1a877895ce5d4ed7dda1fe2e68ecfff253007019269b2326c59ec1c8313503c3d5"}
[2026-04-04 13:08:57] Lead stored successfully (both tables) {"lead_id":"012de882c982e745fa85b5be8fe630331e69e1a4486f3c286c4549c14a4e9b6dcdc8319ff6a9b9cc82ece3679d47a48825830d8ec4a47bb585397b1d2f6845a51f6d18c1bb2c681bb6d399e6"}
[2026-04-04 13:09:15] Lead stored successfully (both tables) {"lead_id":"012de882c9966ed172d96b51ff0446a0dcef50f165415150c302b99b23695e6dc1bfba84f0985a65b90be9143bf8e164106037018232bed6f1c977c8cdb0db602828829e6bed8d3ee8417f4ee5a468417cfe5f43f6008e93398f142754fa04a74a69182aa1cf35814bc62c746d8de199fe"}
[2026-04-04 13:11:37] Lead stored successfully (both tables) {"lead_id":"012de882c94ed62cc73efaa0b6a637f3a4502c450307c43d844fdf37798b0524f6701ea1eab849b6cb9162e71637e97693d1b4304c015f24eb325296508d21bfec3e6e46069dc0da29083553713022698d4d90d46a26a6e802a3d76ae9db1230e9f2576134a3aad7199200e844f7658e0b"}
[2026-04-04 13:16:40] Lead stored successfully (both tables) {"lead_id":"012de882c91432f6a98567b018ad23b5c2e4e605cb0b663271144e6817b654e996f8be4581634f56c8a802868f02d3618a067c04678051c9fea79cc0b15871ab0340d4da9a37c86cd5e8fa7bbd97c0d45664e3b85cb8863634a2b47033078001993f10bdeabb0b35c57231e23b270563c5"}
[2026-04-04 13:18:27] Lead stored successfully (both tables) {"lead_id":"012de882c91c377629f64619f3900e56e9a8f59da44c41bdcff4cbe02bc20adbb309e75e50cdbb7fe45d07bcf620dbda44ef6ef59a5527dff9d704e23b8571b31715cc7bf247e435365256e1e7b68123a5a004e33c1a1bdc860258cda503ae4218dd48e2b461a5c502d11f48567a7228a4"}
[2026-04-04 13:45:49] Lead stored successfully (both tables) {"lead_id":"012de882c999ff46bb2ef58ad2d942c3930a0bdf323954521e65234878581cc337eb89bf761d5350308b3a89ad6cbf7c45872542881c17395fc2653e154c881999404b7054965dc042ceaab5eaf314929ab8399b90c4f9d78bd422b49d2569dd06a5418d2fa548dd74145b6b137a4d9c45"}
[2026-04-04 13:47:30] Lead stored successfully (both tables) {"lead_id":"012de882c95e6a02e2be828892b217cc5ebac74f034077e746cb37375d9a7f14edd51a19b6d4d5f7645c01e64f9f1a8727a000dd9416f89d612ebc1d74c49607184ea052b7348b58257dba9e"}
[2026-04-04 13:55:03] Lead stored successfully (both tables) {"lead_id":"012de882c9217b64048fb26261bb94aa056158d05c55e8ac1bec0029ea2c3deb264a5e30c8a1c2c1f2b9fc17a9ae0163e805e3cafe5ac8374fbfcd1d70595ea118bff50f0e8e170f0bd7ca17d7df07f9bfce3c41d9607c49393bb7e3326e345ad1136ebc002e07408acfb203b61a7abc57"}
[2026-04-04 13:59:48] Lead stored successfully (both tables) {"lead_id":"012de882c9888e2fac22916ac24e284c4e11139e922269cdbeed985c87d7acd5ba8aca86d25811baae690b5af8f0bd7b86f6602acde04a729cf8241d4f587deb6eb2e1c5492641d704954f27ce28c203ec2e6189675bf63b227cc19fd39aa8286ac1f67e44d4f4b07a8bd5775b71ba0a4f"}
[2026-04-04 14:05:48] Lead stored successfully (both tables) {"lead_id":"012de882c99f582b239997a0291ba9f29a37cb0c66036ca218adcf5ebfb6fdaa229bf688182c9d571a9715b81b670c2c85dca0f470283521659ace0ff1b4ace6fefc11fc6a285889e2be580dab23af36fcdbebe08411d441f82a667f03f9ed4744043dc1b22449a04b296fb09f55871328"}
[2026-04-04 14:06:02] Duplicate lead ignored {"lead_id":"012de882c99f582b239997a0291ba9f29a37cb0c66036ca218adcf5ebfb6fdaa229bf688182c9d571a9715b81b670c2c85dca0f470283521659ace0ff1b4ace6fefc11fc6a285889e2be580dab23af36fcdbebe08411d441f82a667f03f9ed4744043dc1b22449a04b296fb09f55871328"}
[2026-04-04 14:10:14] Lead stored successfully (both tables) {"lead_id":"012de882c93bed52066090acf076115e20dedd6350c98e696646828ee2265a21628f766cfc7b1c6b112bb54c1f3bfb9f933288ed8d581e168ec2f67acd495491abaed02b4b43d9b1394ecf2b"}
[2026-04-04 14:16:36] Lead stored successfully (both tables) {"lead_id":"012de882c9c6125338d6202fa4205e9ffd2832e2a75908fb6c66c757b4a6c5fada3ca6b923b506df5e4ca678b0eccaea3599745e4cc4556ddce9c11d928ccd4447d2c48ca7a228f38a247a93"}
[2026-04-04 14:17:25] Lead stored successfully (both tables) {"lead_id":"012de882c990d189ef6b745de92d30beee911982627534fbe531f238d1fffddd0eb0eac77f1e0022de49f9fa954c467346a6db23d6066fdd15a54d4003e44049541e1f9270509ab3179dc4b43c6a4b73b84b64eaa496a4f5d06a5261b3aa30ec98d1cafcc004711505352cdf45e660a213"}
[2026-04-04 14:19:57] Lead stored successfully (both tables) {"lead_id":"012de882c9b1236cc5c1c95c4dadead55b120acf7cab27b52481aae29f23bf27d829bb94dfdd453cd7e7d1c50fea9025fc3f26a18f4ea5619b706a00fa228b010203ff59153d6c30704849472205a88d9c93454a9fc20b20298409887a72771077404d1260a52a3e70b2dde23c14e7222e"}
[2026-04-04 14:21:01] Lead stored successfully (both tables) {"lead_id":"012de882c9ca2eb3ab512a7a095d84ad3a0d58a631181185b4fec875de80fe72f8d8303a57c2cfeb42f9c1c67d0b069d286da7141ae02e42a86c3d988bc70c80709c0f67d642639c856058740065025eb504a5a8e4a20f38ca36ed4e45df5434b8cc97e84b85f3e43c3f7da24501236256"}
[2026-04-04 14:23:34] Lead stored successfully (both tables) {"lead_id":"012de882c98a4c7ac209f7975fe7bc24917271953123ae5825cfaec42429bfe7d548a94525f1a9abef8627183a221332752095112587fd7df9b8f0b1f9601708a220363b317caeb613a57aed6d01874b0dadc071e0b142fe1b89dc352dba348708b82af698046c34882b70e2c5e0d6d5b2"}
[2026-04-04 14:41:06] Lead stored successfully (both tables) {"lead_id":"012de882c942b0f80bcedb62901a84467f24dd54bc8f55276d6be4100c1359c5c39c0e0fea487d3ebfd9e88f050b45c8b461e993c19fa6685d0a677aaabbb05fdada549aea479ccee49d9c3e3754021c6380b6f920c4c7767d0ee100da610c7f2b379e075e9db204fab163470cac9fd1d3"}
[2026-04-05 05:03:27] Lead stored successfully (both tables) {"lead_id":"012de882c97178313920cfc7d557359617748d3c0e9c3652647c8a66a29bbb49cb980ec156e2dfabe4b2dc0a655c4d0e37c71ba117c15e036023e1cfb74936ca98e3a6e6d5fcb266500ce4de"}
[2026-04-05 05:05:02] Lead stored successfully (both tables) {"lead_id":"012de882c98adb4934e5d51739a927a36b20f7b1288bdcee10f91b0b090a2d9526bde030a0f7be2c0a0a14979ab74e03a22889e0963d39ffc31d5ea74ec31338c81c9207f40e96ffb2adcc9f"}
[2026-04-05 05:36:32] Lead stored successfully (both tables) {"lead_id":"012de882c9a5fc0191a61ef7ec41d3709de6c8cadd52db05d9ffb828b8760acefc118a2ca7f5cab4c705467eb1d482999ca90b7bb9a010f53d7cf2a4a016882bf7a1dca122e6cde40350622502c9597f5d02f02d025ff33d3a2913f8078f4d8de684b00c8fca7b7f875278606d95b3bbe4"}
[2026-04-05 05:44:08] Lead stored successfully (both tables) {"lead_id":"012de882c9ce4d68e0a4a3ba8b9ba70f5f093e58544df9a10de26f20640a60d8ea19a58f566ccc97ccab214090131eb3fd644b7bfde77754b3d88da4700fd6387705d3b513d2cc3cd55f46300da5e77fcca91c2a05d669e5ddc229dd31af0ff5666de33b9a6f403472e66f33f17b7b5523"}
[2026-04-05 05:48:47] Lead stored successfully (both tables) {"lead_id":"012de882c96ca5a5caf11e0276233fcd14bb0af1efbe1937bd1cd39a87e48f01f1d85b2707d799e7e09d7568fd5dfa0e331cd2f07d7cac8c33e24a604142d7b6a59a764270939665ad2e803c45b7e1a020098d49032b8ec15cbf3b0b0f9077cb3ca475401e37b0a43ecc636584ee60c779"}
[2026-04-05 05:56:51] Lead stored successfully (both tables) {"lead_id":"012de882c960d73f023331be0cef6312e4599a390f229b6570288797e08ba2edaca3c333e615663ce7803c0feddf368c73130f3246e18e7d7260ffda01cc23205373572ce8066dad8fc683887f742d5d9d3b03ea93bcd26c264a8798b4847706480dfc3ba1fcc195199a7b4bdb55ee966a"}
[2026-04-05 06:03:05] Lead stored successfully (both tables) {"lead_id":"012de882c9f5abe3b566e434855e982470c5d650ed9889bb7fcd4c59c07a8d8375eec89c1471eac861646b1f3a9c7a4e41879f7403d41b37535e641028110b93319f8cbb7078d718fd5f26fe74fe69b7bb9b43608ff96623990c0be4a3dc861a1de2205ce7c31e2dd072537a607d5ab178"}
[2026-04-05 06:17:18] Lead stored successfully (both tables) {"lead_id":"012de882c950fe905555547c909da5ad07830a56e3d137064af036fd541f54e0d4ea461f250f1b2bedc0ea45c0f73c32445b154ec23d0d05ba60d2d17b111b131e7c5d4806b173605aae27ab992364e073d6fbfa5fda769948e9a398fcca1662fe3a82e373ad5a70ca5f10acc389a6a4ff"}
[2026-04-05 06:21:51] Lead stored successfully (both tables) {"lead_id":"012de882c95bafe9fd3446d3561d8e1b86bce6aa06cdce86e8f253acf6d48c871028d5c5bcf42cd1361ef74fb6d09fd35aeccad1efcb4fcbad12b880e10cc1cede59286adf8a919e6734e5bf65e513bba770f5e6cb88408d927903373ba2f9e558236b98d393ae88371dbc30a7ef6e5087"}
[2026-04-05 06:41:27] Lead stored successfully (both tables) {"lead_id":"012de882c9d9674ad489422b6e639b6892c41fdc70513436b572b8b701c171c876f57f595e7eb32b862d8ca320f2b8015530a3ea0368ed5f64ed9fb94bca9f049e75c8266acfc06d65e3bf0b8c9562caeb518b651af106bdedabce2b066fff7154982803cab995c1dcb49e58e3a8d11202"}
[2026-04-05 06:42:28] Lead stored successfully (both tables) {"lead_id":"012de882c91bca6d5a8c8a6f4054ada8998bd311e3a9fa407de64b3b537b188992a5e8584c459a9ada4f714db9248915e681fbb898b3aa4ab86ebb5b370f3b9c599724fdc83a5180852d2d45226df687a86c3f4acb385efc3504b931eb38bf8ad7d034e69b75c7b5e7021b2988eb04115f"}
[2026-04-05 06:46:13] Lead stored successfully (both tables) {"lead_id":"012de882c9f6c1a725f8e7cc6692c6d2af2d018529ef5352938a24bf624ced955a565ce77418b4d74cc7d389bac68b3394ec81faaef49658f505e31d6b09d58b578794d93afb164e6bd311c050c25a355c4cd266960e53ce18bfaca2032e7b1aace2d51cfc8f0d5d134ce21289e2fd38b5"}
[2026-04-05 07:22:39] Lead stored successfully (both tables) {"lead_id":"012de882c900a7e147315c711f40898ee7b2b8cac61f2cec9c1fc03688d927ad6f00df745b842c516fe5c73932f7ca2393efc550c53a3f5058aa46ca04f3d97853209983a3946056921ac26d3387c81c20f46148a1ab04e70398d058228ddaf4f6b43421a01f4f2d4ce3c45a018107bf81"}
[2026-04-05 07:46:32] Lead stored successfully (both tables) {"lead_id":"012de882c987fac3966171949de86faf0f1885cd01da368f1d37165e95476c4f1f938f862d65dac6363f367fb4fb97c15170acab7bcad8ae368dbefbb67e7270281e659bf010d6f78a581855c63581c729612b9bf3bd00b17d9558cc6aaa304a4dd0862cd107e96cff87af2b564b5ce98d"}
[2026-04-05 08:08:03] Lead stored successfully (both tables) {"lead_id":"012de882c9ce0d1d627b2baca11bdf061a0fe87f568e3e1021d4d8586c09fb910980eb3f4ee050a53be375eb4a75096772ae9235d03e1abc2e7f7e94bfbf1c8bbaee1c064aed45ae4a3fdfbf002ebede8788a2c5aab01c5df04c04175bdd84be1d1349592bb636298e736ca2879ab38a06"}
[2026-04-05 08:26:33] Lead stored successfully (both tables) {"lead_id":"012de882c99c0e81b00abd99e284d81364124503a1c37bcaf7927e59c5ab4affc0489914fc67c17338996a70fc3d759fd1af98a47ef101eb319ae6d2bfb36eb2499e23ff2f02c9de295e9c8573ff06f6403424f13da6a54f7b878dd2952dfad321a94d4ab6365825920990090bd3130f5a"}
[2026-04-05 08:26:44] Duplicate lead ignored {"lead_id":"012de882c99c0e81b00abd99e284d81364124503a1c37bcaf7927e59c5ab4affc0489914fc67c17338996a70fc3d759fd1af98a47ef101eb319ae6d2bfb36eb2499e23ff2f02c9de295e9c8573ff06f6403424f13da6a54f7b878dd2952dfad321a94d4ab6365825920990090bd3130f5a"}
[2026-04-05 08:33:51] Lead stored successfully (both tables) {"lead_id":"012de882c9648cd282ca9847e0fc6f9c649c9e4833a8d6a40190f16d22da59ae85faf6ed1014cc2e792ef500dc599bf2d7588817770033b9ea133159a53b533d263321e41bde482b32beb8d8df25d53a9ccbc7d407ff4aa80b3bdca0e1ace547b1a5893615fe02da050e1a087fb96760f9"}
[2026-04-05 08:40:35] Lead stored successfully (both tables) {"lead_id":"012de882c926ceeeff2b23d5ae8833993fa497f9070cfc30f8f5d550e3c120df630f935433c7a80a24b1459b6a1626421ed350377ad33bea409e68a9c087a7c0ae53d66101541a3790a461cefc06847b8363c7849376dd8df13d97c09354857276db0286f78e3a03096cc9c6612d344d77"}
[2026-04-05 09:12:41] Lead stored successfully (both tables) {"lead_id":"012de882c981cd661bc33433dfafdca5684934ba9816833c47f1a8fcfa7fa4c863362efab1e088f5fe3b76f4287d33da07da3e4287dd5240080c956e28a6bd6c4ad46a75d3623c1df8220cd5f4f62097cc88347c1c6be22d5db0ddbed4e05287d940c46e39caa9b209d0d7b11fbf99e066"}
[2026-04-05 09:39:09] Lead stored successfully (both tables) {"lead_id":"012de882c9ee86120659f7cfb5212c0e0df2fd3a8035bab264969873f0efcdefa5214eab3f075fa59973121cd7aea292f307e823d819d6f27634f261201d9e0f7536dea484ddbb914d6826a6fb6fee29f99a2bfb21edf629b0652a321163197e8feb5e7d5b6500b117b42f20b8f8c24cb2"}
[2026-04-05 09:40:59] Lead stored successfully (both tables) {"lead_id":"012de882c9fa5b0f217770751f9540ab827b6d21a14fd443cc1e3f92b1315fe499691f71a78b3a2995a4495677b266ff459ce773d207b6864992ba1b61b9611f029bd54696fc2dcefaa71581824f3402186ac17e22901662dce5fa7bd1920ce1a55b1a39520d81c3606e4f4592cff55386"}
[2026-04-05 09:52:40] Lead stored successfully (both tables) {"lead_id":"012de882c9e21ba30ccc545992927aafc6e1d8a647b955c6e542a55248cb59944877e48b39ad1adc45fabb4f86b11b520746c9a8934783edd3c9c2e0be2877aaa384dc7888bfc1d002785af123cfc3dd30c90cc8b5dcde4bd63760c3e2c29537f943e53e00dde1201b51ff385065f4071e"}
[2026-04-05 09:59:16] Lead stored successfully (both tables) {"lead_id":"012de882c9c4f3401b6c4a96f9d73a1540b575c6a0a3f548d3ff6a0e900fbff5475e351250df855192a9c79101124d6eb56af0f779164767861fc05f5238210820d33c83f5f166d51c2813aa998b754e650fe0cd7d72a4bf2bc3b82b5a53f44e6bf4547261bfeee4705293e8fdd36e8049"}
[2026-04-05 10:07:58] Lead stored successfully (both tables) {"lead_id":"012de882c9332826819105aed28ee911d2345639f8cdd8efd9c30727a64504dfaa23cc5089f8c29e14f137f33023d93096dce21d1c0fc1cb07f6fcfc8cfa1ca5e4e79590398eb8c80cd33c5c"}
[2026-04-05 10:15:37] Lead stored successfully (both tables) {"lead_id":"012de882c9eb9b5dd2d21bef1fdec3c41f7bcfb2c86aa1e450204103beb25b3df1e93185db1eaf5d14f8247d56da380b8310c3f3c7744be177b100d376f1d38177b57611a29e7ee6fe0032bd54756040d999e99412de12d36f2867358e5c9efb6d927ab6bdc4f9f310eb3216f66811c7dc"}
[2026-04-05 10:29:51] Lead stored successfully (both tables) {"lead_id":"012de882c90fdf013858c8fa856048513a39889596738017847ca5189de583e8fb6e261849c41bc4fec5462cbeb9184e9e486cfb4a229c136952bcba814ed3ba76f999708bfc11affead9eb691dbe01af6068874aba38b19291051ecb0b14ef9ab9a766a6c27e046d57eff6b423032b42b"}
[2026-04-05 10:32:38] Lead stored successfully (both tables) {"lead_id":"012de882c9992e99461a742b0e992089ab2f159e26b38ceded953f2a82cb799f588b3dc35cf1a3b9fec07a3915fd74742894c12d6b709684b90fdcab4ca4b91317c06865769d6337650cbf746c91bc0edc3ecd3a3020bdedd279b3b76bbd4a358ae32d1f35dc4bcf31881b0d498764928c"}
[2026-04-05 10:45:34] Lead stored successfully (both tables) {"lead_id":"012de882c90d1b9bd0418e15ece7c5e4f792f7e706ac6a78bc749df7c0144b2bdabb0c4a15b6ebc6985bfe3a0b0c8d94948e8e99327c9719a8d74afcb025250771b6998106f1b40c9f6e513d"}
[2026-04-05 10:55:21] Lead stored successfully (both tables) {"lead_id":"012de882c98a73c2fff5d1760ece37790252f1952584b592fa01a5cdcfb404d3dc9f93be926e2256d00144b33cffe54c23f063bc9606bc4b4bb7e832b7b704fb5f0ee67f6bb88630234c709d53eda81950787242312cb8db37c4861d5390e4c019e65bcd9d19a46a99647aae401aa4c5de"}
[2026-04-05 10:55:54] Lead stored successfully (both tables) {"lead_id":"012de882c9edc54a0a7d55abc81acfa6fbdf62e3480b536a5ce07c9a92b4cbbb92ca6d1f767b54454eeacf5ec211e929623465634af8bed218ce40531b59ef17c7661dd711ea7294bc6753cce13f3ee6bf7b788480e8989f3f10ea2d48d115958d88c9d11331029847d5db9334e5bef489"}
[2026-04-05 10:56:00] Lead stored successfully (both tables) {"lead_id":"012de882c9d1db6d9955a77d02e65e8458ab8f6304c5903026777f5308c2659abd6fd660109865b08e1cc81dbaa08a4a0acef9f9a05bb7e2e1ad4b5839e25f923c7dda277d135814bfc64761"}
[2026-04-05 10:58:15] Lead stored successfully (both tables) {"lead_id":"012de882c96d5d81c60d90f1daf5a69a03df9eabbd27f9272e9f61bf7798779cd242d4b027d544d1b14f6a546ba69c776b6d2f39f76761e5a29a8b30a4d39929cb0451b93034eb881a0a61c433f76e9f282f495a320975657b3289ecb0d24c7eb3bcf04ad59524b3ed976b87d0aadade0f"}
[2026-04-05 11:02:16] Lead stored successfully (both tables) {"lead_id":"012de882c992e849dd073de2572fa1af70781f280c07acc7200b1b31844dcd0a1f2cf22fc329c52cde5b096bcde32d3283227867de3a1f797f53ff34f5417919e9dc8128efb1f199fbf9f6e80aa0a7e9c2a2e97815a1f16bbd36abc158dbe293d121017ecd66b0889be5ad3e9f36d2c512"}
[2026-04-05 11:17:47] Lead stored successfully (both tables) {"lead_id":"012de882c97f5934391e3e074b819810b655320ba86ef18095682e652b87281e95cb8691a781bfa8372f21df14466a4116fb15c57137a4c9fd0802758517f620e1d92d676477dd9df6ef79249e350150a2e1aed5d3ddefe6dcb1d612ee5ee3cdc8dc955ff036706ce57fa90623aa355986"}
[2026-04-05 11:22:59] Lead stored successfully (both tables) {"lead_id":"012de882c9bf11997bb0dfe2ae6aced49007aa323fba7df9adcc4e945cee7e33d25b894a988c83ee8dea996d10a1d8c331427a4be2da6865720c01be3767e549cb79131b93c276d8656554d8621f98162b6d1f0133ec38e9f79f962a2726cbe18116bc383bc351e65591b9e4a4705623fe"}
[2026-04-05 11:25:42] Lead stored successfully (both tables) {"lead_id":"012de882c901c60e387f669b2236fb38ba45f3bc7a2ae25716303655ecc0a905a6594fce58de1dcad742beae6313a73e7a1374bc460ff99839b0fb92f107c5b00bfd01b8811d877171225ef5140d8148fd075ecaf6c70f9e3979a5082446c7eb8367b55091363d59231c543fd5c967b9ba"}
[2026-04-05 11:50:28] Lead stored successfully (both tables) {"lead_id":"012de882c98d43ca6a75beedcf87afcb570ae11ebb6e1ed5c723c6164b61c0d7701766d6c087b4aab0a82cac02e3217ac6a506761fe4057a388404a2843c2e1e85a7736d89b8129e14a078448e15c883046b0eb32183a6b468c9c28d7be722799dfe9ebf813c42ada0f7ca3980a3a2d11b"}
[2026-04-05 11:53:09] Lead stored successfully (both tables) {"lead_id":"012de882c9655266ccfeef3346a9ad11184948925fa6f96ad105fa43987bb6808a9bffeca2c591f587d3553c724a9be9811dbdca62322953df4c918284beeb83a7f773043650720b813476721fc3e29bba6c4aef4f15a1f93a418f4b73d150bd7d4b83436cc43a91314e7acc5691bb11f0"}
[2026-04-05 11:53:34] Duplicate lead ignored {"lead_id":"012de882c9655266ccfeef3346a9ad11184948925fa6f96ad105fa43987bb6808a9bffeca2c591f587d3553c724a9be9811dbdca62322953df4c918284beeb83a7f773043650720b813476721fc3e29bba6c4aef4f15a1f93a418f4b73d150bd7d4b83436cc43a91314e7acc5691bb11f0"}
[2026-04-05 11:55:41] Duplicate lead ignored {"lead_id":"012de882c9655266ccfeef3346a9ad11184948925fa6f96ad105fa43987bb6808a9bffeca2c591f587d3553c724a9be9811dbdca62322953df4c918284beeb83a7f773043650720b813476721fc3e29bba6c4aef4f15a1f93a418f4b73d150bd7d4b83436cc43a91314e7acc5691bb11f0"}
[2026-04-05 12:10:43] Lead stored successfully (both tables) {"lead_id":"012de882c9bb8b74b15a383bc876cced43be84547079eb3cd7bf47ae02f43a89dfa64e745d5a6f9049cc0f4a8b1b8400407b8d3c9145754222e96733769e26f412cf313d9ceb73d4d5612fe83b483e717612b0755b4c5e8bb83fdd1128e8ded9aa74b7c621673ab8aed92853c220482d74"}
[2026-04-05 12:20:03] Lead stored successfully (both tables) {"lead_id":"012de882c9caeb89607f6eb1c60166b5ff562b4d4d1e71699d0ccc3c5909e734c93ca7c2ae968598df78f8bb1f927e"}
[2026-04-05 12:37:26] Lead stored successfully (both tables) {"lead_id":"012de882c9a102c003384845c04e7a6ae3b14f4805e8be67e31f579dcbe51c7a34fb53e449b57038fc16d2dff2bd490550be03c6f6e61e87124ea96cdd317602e1dc29e4d55bc96374b6152f"}
[2026-04-05 12:39:51] Lead stored successfully (both tables) {"lead_id":"012de882c9351beaeb3a90c5adbdb60d54f0acdd6509dcd56f45147f72bcb98ecaf895c5a738b4f1e4837698379d5144e4f243593b8ddb74c39fa591a2d0b12fb2aa6afdf749a38cc7303eec44056c0e54649bebe7b2467e6b6c8410913134d23076c9c2ab9015f68a0ad7c5b5780b6c2e"}
[2026-04-05 13:16:18] Lead stored successfully (both tables) {"lead_id":"012de882c9c653e857995f7e940844b9dc0a7eed33d525f93c1429a1c2b891dc0039d0ad6ce4b0fef52f8bb167d15703354b16c508e518f960fc88a120a246bcd5a9cc3671a084b943604df2d36a72ed2032d1a9cd574215ca4ee850c859d0ec2ad585cd7ee9acdf9271c6e20076e9a17b"}
[2026-04-05 13:27:51] Lead stored successfully (both tables) {"lead_id":"012de882c90367456345988c77ba3dcb547bcf9adbd1291ce0502e34a13fd153aa7df875598b15a51c6693ef16da01d6cb62c74fe2721738356eaeaa20676f3a702f52600cbddbd00ea4ec7e"}
[2026-04-05 13:28:16] Lead stored successfully (both tables) {"lead_id":"012de882c9cf7cf953715966efb03f051b389bec76ec6aeb219ea30a906f4a18484a10574329df44699c31a7558e9c172579659c186025257e4abecd82545c3ae6538e9186d687e78f8952de"}
[2026-04-05 13:35:32] Lead stored successfully (both tables) {"lead_id":"012de882c962b8bcad519ac65d51495caac28bacf7f6f6949dbdf3bb506218d5291c115d057829e27fd4f253ba44aa7391eb9bb6a428748b95ff855fb91a18747dfe08cc880d50bf4a96e249"}
[2026-04-05 13:42:24] Lead stored successfully (both tables) {"lead_id":"012de882c9cdfa6859b9fa42d16bc2a798f9e85f9297720b815bed2c7261eedc8abfee8226d4d435fd516e5c4b39cb07887ed494bf9c35c9db20f03d174eeab7ff9f9f9e48955b6d9bcd9d6f"}
[2026-04-05 13:47:25] Lead stored successfully (both tables) {"lead_id":"012de882c9e6cfff9a27f4cfda0e00d1ef96aa7f1721ab43070da6bcc75034e41d09a399d6cdb095dd2f2c76074f4d877e1544c3ad725a466419042cf378da2dbe9738d691ccef14269d2de00099eebf7f37ceedbf31a03c0ba18a38f16646b1d9508e331eb91a0fa9ee23b36c96a5e90b"}
[2026-04-05 14:05:25] Lead stored successfully (both tables) {"lead_id":"012de882c99f86df242928a5bffbbe2afc1d949c5bf46a5185d79b6423d093b2d3566d36cb28ce0d1eb8b5628fa8da"}
[2026-04-05 14:17:30] Lead stored successfully (both tables) {"lead_id":"012de882c92c5e3a0c0ffa52edd4b78592fffd48212babcb570cad0be295312b972990c51aaf6158330ff001020359eb2384136d98b7b2aa0fabf34e00f4bf585af63f92ceedf5a29d96bf57"}
[2026-04-05 14:19:54] Lead stored successfully (both tables) {"lead_id":"012de882c98bb4d0f83fbe1e954c24deab979ea7cc2de5b6c40bacd570ce9c75097c8071ea713eae8946ef4702d9223ffec59c66f3fa16ab5976ca54d6e8b9ce261d829b771400eefd88365b"}
[2026-04-05 14:26:00] Lead stored successfully (both tables) {"lead_id":"012de882c921c9f1cf1f01f99319cce26cc6904367c4681f3027e58220ead5bc344446fcbd0d774caa0fcc611dece3779efa9c0b127037011aa893e7b6a904f254c446a401c5634e1f0440156a9de12bc54637c094e8b27b56eeb60f2c68b661d44d2b95019ec4d3eb02b2f93156df1688"}
[2026-04-05 14:46:14] Lead stored successfully (both tables) {"lead_id":"012de882c99f128078db8ab474b5790f8c01a9cb0e957f175c10f84bbd88576b2e3613b1a99692d29f9d0307b16d1e29bf19e65303f4ca95ca2b6585390394bb758495c354f459b0bc475fa5"}
[2026-04-05 14:47:47] Lead stored successfully (both tables) {"lead_id":"012de882c9f5f4e12bf61e716ba96d3108e1e1d1254d930badb038a47b57ff2f11101597d2293cb7bd27a5ac065b90ea96fbd3a041a3a60310d5d264994d37a041ce395dde03ce73b8451bea0f3cc3a40696f998a96b1ad0f437dd3b10acc333601cae6d43ec8833c50d238eccbbcfaadf"}
[2026-04-05 14:57:05] Lead stored successfully (both tables) {"lead_id":"012de882c9cc4b529eca98a86e11311ef68593b4424a89104b3c2ee9170330d4f5d988631219cc1836ee605bec6130678c5ea20d4b5fe2029c0bdd949aa5c3c2f53cdeb222b357c95d66a749"}
[2026-04-05 15:33:51] Lead stored successfully (both tables) {"lead_id":"012de882c9fa354cd2945fa110f39b965238412e8974f51a50cce8006e571e72b21cba28c16b1125f306fc637f3fcd5cac1866372abd7fe6b0c5418d1e892e7fd45b11d954de2bb8d584fe38525f1359d62a9c969cf3201e3a6c14cd6780dee14538aa32b6d38905a68717ce4f2cdba70c"}
[2026-04-06 05:04:20] Lead stored successfully (both tables) {"lead_id":"012de882c9825fd36d0967bd2208508c5ac0ce76568191688c115038425ac653f7c398f927c93f5e459afc4f67b12873c44fe368ca7c6837f7925f9152b9a91128f93ffce6c19193f59a3e18abca439a541388bf91fb087011f5fbdab25f46af628f68d101f7f95dc8488c3b1c6e98cb44"}
[2026-04-06 05:32:31] Lead stored successfully (both tables) {"lead_id":"012de882c9add79d1b631f9b3a00d0b5885fe266c2134d78c1553ac69a442fb44f3df93f361ea58f0a09a27bb6ad7a6ab5dfad20dd46f3c482a9ab5ba1dbd10430cb2f8dca4aaae5fa0890817f28468d369b59613eb90198c98b8e4c4e7b246cbb86c37ae369ddebaa68aa49b39990a0eb"}
[2026-04-06 05:36:15] Lead stored successfully (both tables) {"lead_id":"012de882c9f2be9d938a5d5a8eecb2a731bbb66e806eea7df7f19c9d7c06a0b00a14f88f8c9e0e46101b85d863e86872b75996b668f68272968b829fb76c50158d25875011c0be49b54962a4"}
[2026-04-06 05:43:10] Lead stored successfully (both tables) {"lead_id":"012de882c97f8def0bf9d1dfdc97a03591a979981c53a5bd19e6a28f3d031c0b7248091a83bf901b09acf8512cf0ef4c151aa2d9db9005281aeeb57fa810758154df2eb296f15267a3cd2f13d7064c8873fa02a4bd4ec65e5dcc54293127b9f3334ae30de54930a2dd83556173b91a505b"}
[2026-04-06 05:43:28] Duplicate lead ignored {"lead_id":"012de882c97f8def0bf9d1dfdc97a03591a979981c53a5bd19e6a28f3d031c0b7248091a83bf901b09acf8512cf0ef4c151aa2d9db9005281aeeb57fa810758154df2eb296f15267a3cd2f13d7064c8873fa02a4bd4ec65e5dcc54293127b9f3334ae30de54930a2dd83556173b91a505b"}
[2026-04-06 06:13:08] Lead stored successfully (both tables) {"lead_id":"012de882c9e9142aba1da07370bdb83f4f42a809e02791ee03707d2ffe4fb60046a0c5a9402a7caa9c2995bb610d423c78d4f84a8f00d22731d3e80c2e1b688d3bfc5af492925d62e57c331202233dac5b40731e1c424ceef953abc714de2d948e694978ce9996064612538b38b6e05a87"}
[2026-04-06 06:39:28] Lead stored successfully (both tables) {"lead_id":"012de882c966c61635ef9d1f33ae6ac2b8aad34c3aac428f4aafbf9691cf392ea9e09c8797bc9516b028e2a7e54d93c52542c80d67d8e35a41432837b47ddf68672538d45b048511dd8450c7eeedc9e367d9348aa2631f92ebbd96740d5811416ce08379409a7226a853ca39c88c64baad"}
[2026-04-06 06:45:42] Lead stored successfully (both tables) {"lead_id":"012de882c911646b3b7201a2abad5017d9dcb73fa513874d90f4eb850b39fbc65aaac76e05e8e26d68850163cb7e252472768582c3697b8b3c7f01a8c4ce111c0f4a44eb4b4cc0e90edf809df8f0becd6e00dd921de6469c9c79e0d3b0e7ccc6721dcc071bb8be1c0fa76609df1a84e35a"}
[2026-04-06 07:06:35] Lead stored successfully (both tables) {"lead_id":"012de882c928d2729f2f04da90cb86868654e6ff9360762d07551b291966c6660f073b712363dd30be2db3ba61d6c0be2f2a7473b9af4855d6b33e93ea6fbe2af51de4bdca61f520afbd74e5d352092cfec2271634a2ce1d9eed1f1aafec56117a70e24870701afe27dc3e14fd518e3e96"}
[2026-04-06 07:07:28] Lead stored successfully (both tables) {"lead_id":"012de882c953d15834aefdb763e8649b16fa44d55abc31dc3cab12d570d91d0d812e6650409f09de187cdea72a7f7fb73054c63a8f0a6b12b461928dd213139904dd97f96afa43532a18ed9ee70c875921380d5d4e386ab8658fae2bbf22e93f606d15852fea6cce150751b82691b28e81"}
[2026-04-06 07:18:00] Lead stored successfully (both tables) {"lead_id":"012de882c961b33ad8b0a1695422a7888e4d7b2cb28e8c6393848bfaf5b85971d1715431b64e0afa4a9aeaa0b5f261993d27dae455d27da103f26eb6f27c50d712e00216ddb3248619df6c4fb8b97401f3c81765b859f4ec834d2bf39529ef57b0ee8e2eda17454d844b85ced0d5bca334"}
[2026-04-06 07:46:19] Lead stored successfully (both tables) {"lead_id":"012de882c9a46442d4e2938768030553ce10023edeeb202766eb7c707062c89369ee8ec45374d901c243546d4d2c3fc26095ea7884f87182da38354883440aa53db343d9e91dbe6385ec2b2f25276fee3e469bbb6828845aae59f48520e278884f99f584193967e7abead046bea3adf505"}
[2026-04-06 07:59:44] Lead stored successfully (both tables) {"lead_id":"012de882c9e85a0c895a868439314ca341271b28fccbdb57afa94e61bc62e9c41440ffa71963ac4b314a979979a1b6d3e5f3680af2843a2550c93727cf4dbfa46ccee7b4e9ebc39e4b63782ec2e9341a6e9e4f822ad6325d7da46fdb860e45f4486e8111942e90196b7eccb1241116707f"}
[2026-04-06 08:06:48] Lead stored successfully (both tables) {"lead_id":"012de882c9b76e5a7f33f55cda7ae0206f4de1a7102a9cda7d2c5dba6c9b3943a21c4bf215171d44b05b4f74da0a5c221d2ab571d039f27dc3918e98e8e326b1c63f466a0f94a5918d892a4888344be2bf0d1ce2d928186d9bfdd9384b34dd1e83ba6b725dd7005e0af041c3f1fb250391"}
[2026-04-06 08:10:47] Lead stored successfully (both tables) {"lead_id":"012de882c9e8c41a1a444ec5cb8a3121ed96605c24a72eca69b57ba616a9252deb72b3b0aca4198984223926ad36dde8a19d39cc198fcf697f31f4e9b0e300dbaf1068ee8b5b43b5e9975b77871611b86a9e5ca18f75af513b67c610e0c72f726f4168178bad9b151d33a6296341515103"}
[2026-04-06 08:16:16] Lead stored successfully (both tables) {"lead_id":"012de882c96cbfb6c1be6c72a35760f608f8310af9a165fb92b2e9442b4c34b616b45167fb6022bdd21ffda88205ba37f2ab7500b13250cb30db8bce493122716e4cbee5426c75cce40f13f7ec4d012972802b0c4090eaaa7c761e05dadb8fb87b8b115c0df379ebd4f9b66bcdf628fd10"}
[2026-04-06 09:02:33] Lead stored successfully (both tables) {"lead_id":"012de882c9df2e622fb55ba752848acbfdbac3dbf9a8100ed3471612e08ed3220e0027190037af88a63c31c2a1c8e01639614e326dddc95e13a2c0233b6793b21a66862af869ec58144c3562a08860b12f00616c41c9b556300fa920ce0a74c0f1b88c981abab99db03782e840a821cf29"}
[2026-04-06 09:35:26] Lead stored successfully (both tables) {"lead_id":"012de882c91dfd5786497e8f22c57d2f429b0aed5b90b13016fe9af4c635d98ea8345c811719e31b0f4ca8a5ea35e7bb2251900baec26783ca8a0a03c37b0c69f49419b30b4339e5b87624a0ada22147c34c06716e810e8154f0005cc0d9b59f6416214997524c609dbb10590e9f8b7173"}
[2026-04-06 09:47:06] Lead stored successfully (both tables) {"lead_id":"012de882c99a05a89bc67fe2d4d734e524dd2b230a87cfb34f9bd55f926f39578e663b74a21ab0f32662aa8f0b05fe9f30ac4e9f6e8683fe015fd499994720141ea6f23684b33594a8204f9c7c5506048cedc079ef2b24c373cda6baf8cd39d32499d5581b97a549608a16919b63154087"}
[2026-04-06 09:59:44] Lead stored successfully (both tables) {"lead_id":"012de882c9015e0f6b24521368c8e83c8f6d57eab4101e6465a229c62fbdf582dea1e865648eec7b93a3a3c8e5c1640dd36ccc388ae35326263f976920b0e46bf7e92f904f11220ccfab8696c35e5e56ddae46afc3ae36a8082bd16e525782fc3947b91b1ed0a928634cee4c15d89e78e2"}
[2026-04-06 10:31:04] Lead stored successfully (both tables) {"lead_id":"012de882c9fac2aca840caef3f3e9d5f92b65942010ce7e7ac23129570c9e4840d7eafbf7753ae7c3bd599e0db1a88f333a37dc0eeb22bf0f7936e7d3171e8bea6af35e788ae20b43b190576"}
[2026-04-06 11:05:12] Lead stored successfully (both tables) {"lead_id":"012de882c9bd21627d4bcaeeb3c9a6616ec0152822fd5cdbfd850e2c8cd9cb7072c6c9d7fca800dad24c35375887fb10e846115e50b7c94c25ffa82fcfa16e6f79106a60904002daa5699f1e"}
[2026-04-06 11:08:19] Lead stored successfully (both tables) {"lead_id":"012de882c92582c56ebf515c281b10014242e4455a960dc77bf150c0cb64d2b119fd518a4bc14224ed793561396d5a0c45399c0d3fbd48d1b60329d99eb56d7cca4f0411b2e7c468161a12e3307b0328e2a5364b958b135202a5327f2a8aeb82362d89ad27cc1e4494e3a8167dac7c378b"}
[2026-04-06 11:14:29] Lead stored successfully (both tables) {"lead_id":"012de882c99b4271956712e9babb00d73b5c8cb16fc8cbf8a9345d8acf08bf8f05805d6f7cc38578af66fe063f8b583b439413345c9270557d991229c7de3ac74972ed5fbeab6cde09cc997e0e3bd81872c05fadce481b475c99c094d426f74ec65f2dff79eb778024fbe443774ed59c44"}
[2026-04-06 11:31:44] Lead stored successfully (both tables) {"lead_id":"012de882c97107919ea6b372ddbadd73a454ab39d77b5af918ab78b5cd5e4a0a2c7ed9c06481839fd1d7a91b1bae063e2f3976dfdfa50a5abece8dd18e220ccf3628115ed54fe94181cb5307"}
[2026-04-06 11:34:52] Lead stored successfully (both tables) {"lead_id":"012de882c984ca6dd0076b7067f835835678f99836bdd6369dbe544f7fc4744cc7df8c1e169bf1df0edf92e43337713acc2de36721230757b7e3543ae719d5a96c5e4b540647181e2caab7e4c5fd1a698409875179a09ab41059ce4ceb50fdfff99efacbc82b94ca7187db252c3e57476e"}
[2026-04-06 11:44:01] Lead stored successfully (both tables) {"lead_id":"012de882c9c19d1bc04796138c1f6641a3ee952a80e9d982f2e71cab8f0627251d5c12196e223a61bf15bc54ce36c6e1cb3117ab1069d5f21a5c91333f075c855f2fe4fd94bfe772451d1ac84bbb8b63b72dbe3342e6b98fc2d199b59ef23a48e31e21942711c442567bec783a0bac9502"}
[2026-04-06 11:56:50] Lead stored successfully (both tables) {"lead_id":"012de882c9b677eafedcaa304d4b70b969366d1ee240b28efb200647b561387f1af71e348cd536aa06f4e428eac878295adf53ad14b84631abe8732909e66d17ce6d5b141acdb3b500fe798e71eacd3307fe143e9fb57b0b5227dc42ffdfd3db8cb1ed5f0cda3d7710a9818206f79617d9"}
[2026-04-06 12:00:37] Lead stored successfully (both tables) {"lead_id":"012de882c9ae6041d554fd5c71e0e1280a511368f778425f43cc1d2db91d4bfe336cd3f0165c701862731578064906f9b670146751eb603813bfde8a9631c7e6c85d68b2d364ab72d4d17114"}
[2026-04-06 12:01:49] Lead stored successfully (both tables) {"lead_id":"012de882c9a9cfe77035a5363427f77d5f87f7c8cb72f14ab91061e7583a68dbdc6925f20a275ca5def57437b1ed2002c03521ac1b3e9d302190dfce437f4a949712f808cc7e479a1fe4d756a4e037b586cddeb9d763d637aa47356a1e6fdbd42954aafa9ad070a657fbbb7e44fad93698"}
[2026-04-06 12:12:04] Lead stored successfully (both tables) {"lead_id":"012de882c9a0af45c1a9195b38c098cbf746034d8e48e2290fe273c5619261a6420cb43c78f6047bc9b4b65c06715dc20084d5409d561d6934f6e00fa805abc0b420a033eb5c5b738735f2e3"}
[2026-04-06 12:48:28] Lead stored successfully (both tables) {"lead_id":"012de882c92fea65b250410a473b683979adb506686e9ab3eb79418d5054edc714f70ea9c8d91a23750fb0b6537d0860047f290b9a186d5bcbdf64e3f6b1828fed5c37cf86bb527f5b5c61bb39bb6d4374b342faaf152ac6ae2241d9de59595f9dfe9c4245f11b58a2eb6674f32053cae7"}
[2026-04-06 12:52:55] Lead stored successfully (both tables) {"lead_id":"012de882c9cb5e5500b9d6d8006fb05f278e0568aad0636025bad570191213ef8d311137df4e3d060cd0dd850fb2fe5814a4c0e43de552d3975efb157b8761bf5ab5e1455d8f6db5f89aca106abccc281a8875a1d63fb3919fefa456e77784b49378e22de5db864647d728f07072f00378"}
[2026-04-06 13:42:39] Lead stored successfully (both tables) {"lead_id":"012de882c938fd20de732ef52619aefae74e023e29a9bfd80d2cac955f92af04c5ff53815baacb094359ee9c70381bc73fc7bdbb0f7c2aaee2b1c07369de39066b87776dc3e89c83a859b044df8cc63073d413612fcde62b5e0382ec42620f5ce90feb9eddf2938fdedd2b29d56d16a0ea"}
[2026-04-06 13:44:18] Lead stored successfully (both tables) {"lead_id":"012de882c913b70f7c74b68bedd2022a69120ec666772af7c784004a19dce1c62fb11104b1be610046ba7e72fed47b7f6f0563eb145f4be898a2fcb68ae2f201bc2fbd0065d22a2026dffc65762a8602ca1cefb4f401b9d1f95a7455b43f1ae012c342d5aee099ef9d4cbef2c918bb2d95"}
[2026-04-06 13:44:29] Duplicate lead ignored {"lead_id":"012de882c913b70f7c74b68bedd2022a69120ec666772af7c784004a19dce1c62fb11104b1be610046ba7e72fed47b7f6f0563eb145f4be898a2fcb68ae2f201bc2fbd0065d22a2026dffc65762a8602ca1cefb4f401b9d1f95a7455b43f1ae012c342d5aee099ef9d4cbef2c918bb2d95"}
[2026-04-06 13:57:33] Lead stored successfully (both tables) {"lead_id":"012de882c961b836fbd1c248ca59838ea001e898dc66d8b22c5d0e02d1f1dc04d7bdb1133f7eecd2962210239710283bf455b580d1bacd59693c79cee48b5af31558165e44cf43410867e417"}
[2026-04-06 14:16:44] Lead stored successfully (both tables) {"lead_id":"012de882c939042082655ad2569795e7fa929031716e83ce93d89d215530fd6800ce4ac5713b9dadbab73cd86a7c407ff2d93496eae79cb2efa74c758ee68f52ad0c1b1bff3cb8549626041316dd9a2b90b1a256496c72a17312ab92a9b19cb069b3556cebfa37c43d11aa65d03172b110"}
[2026-04-06 14:30:50] Lead stored successfully (both tables) {"lead_id":"012de882c906ac8a300b82338712bcbf5f1bd80ad8bce0a9d6d7cdffa51fd097cf21f9e70d0571a7b4ce358beb093f"}
[2026-04-06 14:33:56] Lead stored successfully (both tables) {"lead_id":"012de882c93ebddbe145fe8d53a4c3e57dc19f2d42c2a81dd24047cc8ee292a2236b7c03c8c2fdeef286970178036cf2f7965e2c17b6885ea3ca7446100ce019bac1cb116be627dc91f63fcb"}
[2026-04-06 14:37:13] Lead stored successfully (both tables) {"lead_id":"012de882c9c4286b6688377e2c2fa32ee334606fff6ecc7cf1642aa301ad3a2479bc69d159e59c1cd0413d8c69b9826a0b285687d84c30fd13eb9978fbfb5730887abb7efa815e67d8f56904"}
[2026-04-06 14:42:43] Lead stored successfully (both tables) {"lead_id":"012de882c9046666b7c8991b1edf1865f0aa0a409add4e768158db5cba65fd75f5b2377b982855fae7d96c1189cddf42e964ba0d865af04444c6ec69f4a841b2460c77a6509232728642e8f2"}
[2026-04-06 14:44:48] Lead stored successfully (both tables) {"lead_id":"012de882c9259878a46a17ffbf39626df8179f3effefe39a0966bdeac063553b7f3936cdba81621193b9b9b3c995731c5049ecc22fc3c5fd7e322fdf0e6b9368dfb9413a6c44be11bc35aab5"}
[2026-04-06 14:44:53] Lead stored successfully (both tables) {"lead_id":"012de882c99e2bd41a520de98d8e17b2111b47534751fab16ff02da5298c3c1a0497cdcc903865fcaac95f11dd050bd86b48a2017c0973e9e8975eebc80f00bb0134ec3a925e9ff08f5d7a582e17ade00bf8e150f52524492cb41f33baccc662837380cf7ebeb970a1e28be7cc59067708"}
[2026-04-06 15:00:02] Lead stored successfully (both tables) {"lead_id":"012de882c9469ddedde0facf3b00bb47422f941495a9e0cae1b1cd672b0e0b49f11552e5abe6bd9d9e4bca985326e42a21c9c83fe07b0a72aa0b5877922e484ed63e73e9f89c4cdf61e33c339104e4882b82d167adb52d6ba986a9b39f77584c4dc3e5bc6ac50c8b77e887c586ae5e83c5"}
[2026-04-06 15:13:43] Lead stored successfully (both tables) {"lead_id":"012de882c9530a9c27be4e4bf7cde21be0e4a68d44e044329ef81ff67182570a1342737e36ef9e1bbb2d29ab7058b40c410bf2e8583cd81259528abbfae0882c85b2aea8a1e632982e5e2fe3dc83c0f5f1347f4dba3307984988a87540ea0d67637659084010bfa7be1639906c1173079d"}
[2026-04-06 15:26:33] Lead stored successfully (both tables) {"lead_id":"012de882c937a158f17a02360d9b44451e76dd5b9879e02aed8722300eeee61afb35130c542ffe8b234db4ab2ad2e027b6f09c89dc6cf97223284ea028dab41da396021763483dd634ef1d5fdd897ef95258cade15a685fa5c36ef610d70948440fbd5191ee29ae1bd2ce996759f273f25"}
[2026-04-06 16:08:22] Lead stored successfully (both tables) {"lead_id":"012de882c9ca7de4f3639bb9bb99465231ceb13f890f4ce4d41a11a2c2a944bcb49ab6ee17566bf9ee5d73f6768d4b30d05332506db247492ae2caac7b6464b5b8573f22f75a2014740ca490dbb38882fea90dcabbb074519908dbf02b5acb00843422a653c20f5220bff4925266fa99c1"}
[2026-04-06 16:11:51] Lead stored successfully (both tables) {"lead_id":"012de882c961fe37fdf8cedd8710d738ef6f97b77543421390d0636eab6beb94a84c0ebb57d7849a2cd1bd66c7d0d2c4baf0a86492098a22d8c99523c5f18efcff2103239a8ac670ce31eb1244f06a0913ac9e76c0a8961c317e9ccc1ee903b0133b2f56a99598af2a2d4a8894309c5e2c"}
[2026-04-06 16:18:54] Lead stored successfully (both tables) {"lead_id":"012de882c9242996118ba6c9bb580181a6a25b13b8bf48c55d94aa797b6bff14c98dfa362d5424fa1b506fa8b8eb01c56504a7a8cb8daa0c50071c9a8e808c3681c12c5642ecec281d05718e"}
[2026-04-07 05:09:56] Lead stored successfully (both tables) {"lead_id":"012de882c915cf23334654db4bdc235a0dbae3d55d2faa49f11f2202a8f4b265de00b64072340efed5d62b3a8fe4bb9cf42ddbf44e9a0c5c4adec2841ebdb42a621243217d243c46618213f01d62a65898a2b28bad02c3d2169f19ad282ddb91f67bd1d83409d3e34376e88930f3f26c6d"}
[2026-04-07 05:20:57] Lead stored successfully (both tables) {"lead_id":"012de882c9b02f4fcb4aff06b79c70fb90cab62b2334d870b9a1e89789f71fcf4e43e6747893cd7162633c3ef66ee83a4a35c2a0a40f206800ceb3f5aed80429eab00b7b7613a3c1ed6a7493927a694c3bb4101e7a05e081b25842f5ea729922e1818ee62a25a8832d899395f261438025"}
[2026-04-07 05:22:11] Lead stored successfully (both tables) {"lead_id":"012de882c968f8f134e0fd14c59c664dd31c513e63794e7c595ae22f8be916a5c7535012f900a8b8197ba7879ce10e62636a680608f45b8dedbcc87ef89953ade87a677e718f3039844d9f5fe11b25f724121626538e1172d4fa24421d1ca19aacad96cb081c3d62695e9b06db661145ee"}
[2026-04-07 05:35:32] Lead stored successfully (both tables) {"lead_id":"012de882c99a0458a27e5485fa868357eaea34b1d11bfae0eb3980a0bba70a0c93c8f5d14a2e1a6394c8084d05c4dd1535f4bccbae7f186203ff6f40827ee09476779eb4e73ad86f04142ed3f62f173983cca24581b5dc2249b2504992bc6abebef05f0b6feb09236aa7548ad7380ebcfe"}
[2026-04-07 05:50:57] Lead stored successfully (both tables) {"lead_id":"012de882c9e393ad858f04ee3e1e0e1f77457a8091a6320400e2cd5a96fc2ec172e1804f6ac0432d028f7104f630aa6d21777d3d7c671c27ab508f720117805dce0c318db1a9ab7d97745fb75add091b6cd47cd6b5cb42741a551e60747768200d0a936cf27f751345f221049a4d75e51b"}
[2026-04-07 08:05:30] Lead stored successfully (both tables) {"lead_id":"012de882c9aa582fd30b739bda26649aadec01c439c18b9391d28de8ecd370ee62d70580cc8592e615f83eab525a6c2adca613a94ebc5e58661106fe34c5175bd73fdc7d99cf8b15d189cb6d61617a55dbbaa5d74a0ea1f8a111d860b557379268adb39e54a63a9f76b0353c09d17c4c"}
[2026-04-07 08:33:10] Lead stored successfully (both tables) {"lead_id":"012de882c91b52f867c2b3c2a3c1fe6b68e28236463ba521f1ba27707fb7a8e1c43a50b412791272eb8cb4067a06de7c30bcd9cbeac7d412ccf0dc951cb56a073f5421755595f7ccde1d99c8a4ee55b2dc4fc27be44c6cc8ed8e401d57c67c042a128fc22822edf9de874942f2d26aff"}
[2026-04-07 08:33:31] Duplicate lead ignored {"lead_id":"012de882c91b52f867c2b3c2a3c1fe6b68e28236463ba521f1ba27707fb7a8e1c43a50b412791272eb8cb4067a06de7c30bcd9cbeac7d412ccf0dc951cb56a073f5421755595f7ccde1d99c8a4ee55b2dc4fc27be44c6cc8ed8e401d57c67c042a128fc22822edf9de874942f2d26aff"}
[2026-04-07 08:42:04] Lead stored successfully (both tables) {"lead_id":"012de882c9efa64b9f2b735da0a0c540340a3d82e2649d3646ebdccb7b5411a04be1b333d2a2334ae29ed42fee150dcd74ca30a8320bf53c5020d240370b442519ae66fcf6043c97a44d2913"}
[2026-04-07 09:09:26] Lead stored successfully (both tables) {"lead_id":"012de882c98df9735dcd8c911df7e9131144e63148c5585256a4846a52f5945efb2942d7d0ed253360cde4e8040a0ca6078840209ad330c6b98160b779fed21835e1a0bcbae5bc95f1d3db0392448fbbe3ef140cbb4a6cb2fe82a59356d573f1b2469486cc1b4da617091b148de86014"}
[2026-04-07 09:26:47] Lead stored successfully (both tables) {"lead_id":"012de882c9b391c74c4624bf17c416b6894ed90d0363ec0dbf3a74a9eb7fa89ba970327de4b50ea9b853968d8e87dd959a1e02e1d5c0d1bfb72c01386c36b89be83d2f19aac1c16cfe33b27776f08d6f44b218c6bafcfb8a1cb55fe0b6132e3e297e8fea54782031028cc3d1c7349199"}
[2026-04-07 11:02:40] Lead stored successfully (both tables) {"lead_id":"012de882c9d89567f7a441de8a20f7499a5fbb7fafc4eec0c9fa2f94bd88fbb739c99b6df3891d4f04e9b194fe71c65d800358232c7849e5814fca3bc17d3a9e2766b1ea8b4324def60b0019ec4d693e2757d821e0d5713111d231fceb757bcb1da1fe9086ae2990cbd15de07e97d887"}
[2026-04-07 11:11:10] Lead stored successfully (both tables) {"lead_id":"012de882c943d13ef549bdeb874cbdba2b61320547fc6aaf58fc6bf722874e075510650e0ece4f22922b9bfccb247d4bfcd4eaf2da77d507fee7bc5a2fac166c25f300b65c5a8624fd7157e6"}
[2026-04-07 11:16:55] Lead stored successfully (both tables) {"lead_id":"012de882c9b65422c0245459e0679bf7e90caf774bad39bf096881da29fc77d33d5a41d48f51a4e7c2d8c2ea1333c9d6d03031e03d9f6b5c9c14635dd1ae0e3386746c44ae741bf58a8c284238c2cff3f8cd9d0324a3b81e87a8e194924df098607eeb233933dd7901d65a88e4da9d03"}
[2026-04-07 11:42:29] Lead stored successfully (both tables) {"lead_id":"012de882c9ce8f6b7946b4a0c862cc5de354f3dcbe7e4eef44a7324bb10109ddabab108470f85270ef89beabfb9dd2526e1683da75e1f363822e495948c2e855f1cc4f66ff9e2ba03049a7acdce0bb1003e6551f9a1b7a1cef248804718c41ef9768a0e0f6162e91423034cb6a2cd0d8"}
[2026-04-07 12:11:27] Lead stored successfully (both tables) {"lead_id":"012de882c95e79cecc1779969b5bee48a0cd107a09c9fa48d14b8c6495fa3b27eb04373501099be6ca63758d990157b868b12d1eb01bac5ab772858ee4dea7872709344e8870896d5d1bdc052dc39b27c8ee90d4a0d7879ee523aecdca1605efd0ea53328de95014e950578c01a7467f"}
[2026-04-07 12:22:45] Lead stored successfully (both tables) {"lead_id":"012de882c94d0ba51c09c3be259f26e085b9139908ee3207ffc8ce1c7d9bd08f3d11ea8e17a316daa978d369f86b99644032b192f3834561171668b754f62e7d4f982c80d0dac3858b345432"}
[2026-04-07 12:30:45] Lead stored successfully (both tables) {"lead_id":"012de882c99e69bc122e24037bef38b8b25593f9357bc071da2d4dabe8ad4c9b3d8581af8b21c276863a840e0603fe1cd2defc99886a05d905e69ce47da3d8c7a3d7173561145b6e8ad45d1f242b968b51783dc464ff3318e700735a616ab995e208900715e96738c331ec1d27903b55"}
[2026-04-07 12:41:58] Lead stored successfully (both tables) {"lead_id":"012de882c943d16c27da64bc406e6350acf6444257b60bb320325e7845bad7e5e50e0493cd042ee60c42bfb91d5150bdfefb0d65e7c800e80cb4d3413418f13815b5c953512706ffdb396dfe635ee46fd75192733d614e788374a553fb01b8f082570f46a14bd35f9c68344ec1b7d4ed"}
[2026-04-07 12:42:41] Lead stored successfully (both tables) {"lead_id":"012de882c9c672f959010d1c049691f791cd630da20fd5c257dd38e1612f7b5d7cc1f27298a9bcf8939966dda797123980c5d06b107cf015eba95a0c71d08afd913b7655c8ddef03d9b517a938f487b79abb15af34bf66afb3b0296a7a54dab57d426aae538fd91607f54cd72445245a"}
[2026-04-07 13:02:52] Lead stored successfully (both tables) {"lead_id":"012de882c9840527f5b33762ecab79835e1ea7f74755491f9cab1b203c61408898be535a09e957f7f3b8ec2a6025aa04b118a958d76eba4f567cc14bd8e316201e6c92915d687346c9ec90e820e5f12591558c30fd0da0994f906ca53c7b65a566ef4fa1e1b40f5695a694641777f1e5"}
[2026-04-07 13:21:36] Lead stored successfully (both tables) {"lead_id":"012de882c913d060207bac9549e043958445c808dd6a7704966acb9e6efa6f9464e858c27f10f9c3b054db222a7face801ae7f99b81a3924f4087139505c98f735a0058946f3009898cbd2f5edab57e50e35dcdc716f98a8f8aa1e6c37e300c57e802784a8f7add7b4083d82d9d0e1cc"}
[2026-04-07 13:21:47] Duplicate lead ignored {"lead_id":"012de882c913d060207bac9549e043958445c808dd6a7704966acb9e6efa6f9464e858c27f10f9c3b054db222a7face801ae7f99b81a3924f4087139505c98f735a0058946f3009898cbd2f5edab57e50e35dcdc716f98a8f8aa1e6c37e300c57e802784a8f7add7b4083d82d9d0e1cc"}
[2026-04-07 13:28:36] Lead stored successfully (both tables) {"lead_id":"012de882c9e11b70c101a994da916efb3c8279c1d34c51b44273ed908bf21554aea1073bb0a2db60134c545b93025322c56cb6e5122eb5c38d62ea39e7eb97f0877752564ff46f84a5e10bdd466e6f2848fabb06c29294ad334e9fdcbab0a692f479d7ab0071a6824820d6deb054c0b7"}
[2026-04-07 13:44:00] Lead stored successfully (both tables) {"lead_id":"012de882c951db55ab0af94e12bb786426212ae186a49086d7a400e731bc3a84891b37aecc797d47340e3876cd748436d9ce133feca390afe2fa58c9b6125140919e4cfa0266be7f0164abe03e3c3dfacf2d04135c1746f0ee214697d3b774cdda77687bd12d46e0fcf22ef5138a9c9d"}
[2026-04-07 13:46:08] Lead stored successfully (both tables) {"lead_id":"012de882c9d961633c6cf528179db7c70eb487057b387f69676bcd9fded4545acdc0ac804e654f8edfd1db3876774a58a4e58e7720e29524feb2380e40ebbcf137b0b7a3fb883e05a1dae23b147af33876d9c005f69db53eaea9612aed55df0980930c50b7e980188b2f350bbccf6176"}
[2026-04-07 14:17:29] Lead stored successfully (both tables) {"lead_id":"012de882c945ce3f7db60c72949ef35c091a0fea16e5f83c2e82d28c5a648dd11117aef385d9ebcba75c913f82d21980481730164e2e5f27fa67d4825499db6b7e682eda86b90f473b0199719d08d36fd12927a174c16bd3c193434bbc55f7f0651a6c5741b85e03e920ccefb5e084e0"}
[2026-04-07 14:21:50] Lead stored successfully (both tables) {"lead_id":"012de882c9d59db9e6607a603c8804c4bcb7ded42b74b91e346f2e46be2341001f4cc40dd0fcb5fbbc8aafc5519e570f8efeea8b95fe9ce917c2ff58443c38f170016b2763d164db5e192548"}
[2026-04-07 14:30:21] Lead stored successfully (both tables) {"lead_id":"012de882c995991c752b3c44c9555b13c83587b98068a0e4a34e0a085790519fe23ee7f2e14adb2a63101cdeb1dee5c71504924b02e01e7c4d39761602fd15bd35a771f593680c490e1944f6"}
[2026-04-07 14:34:16] Lead stored successfully (both tables) {"lead_id":"012de882c941d8e8f53354a38003726e3a32820dbb31fb116e014e874c50f31c8f0e7451e5f28081893c1eae5b3ea7a5c621d2b870cd5e8ead5d398ab8e9ae626b607866a185ac34c4e355b882e0f35415010d59135d7bfbb876db1adfd7133bb5eb4ac61e65e294e30a1652296e29ce"}
[2026-04-07 14:36:40] Lead stored successfully (both tables) {"lead_id":"012de882c90caca01d6f52490b4118c13b65267eb6f354a3aaf4c54a9e0232581341a87a63e980ad2238e6e166a826a0f779bf7e5a2c316717af2ec47a0f8b5c88c421c1a321fb6749ed9499f3ca1161c93c677a49b9f863ced617ee783ebffb25e4fde41ac43d2b84c8d37ed41aa6c9"}
[2026-04-07 14:46:46] Lead stored successfully (both tables) {"lead_id":"012de882c9055a4fd45fe1b5557b7d269360937cc5ad9d1a39774e9d58205c5d46c179eb4abfeda9690341996325dfb05382f58f0e991841d07d61fa2daf5805fa683219f0a2f920b1514b6596e8b9183284934135b1237b22b6aef114883a3f45f78c7e37022ce43c44768555628d3c"}
[2026-04-07 14:49:30] Lead stored successfully (both tables) {"lead_id":"012de882c9e07e2f318c07b75dfea7a0e548289b93ec231812d29766bb72945ee08c3c38a4bbe96991828ce5816f659f3e5c3b6f7a373d61cb24564f320917777e86ee3f46e329ee04511aa3f9ab3b495b0327e340fd282a1ebfbf2aa323354f593ad860601beae7f9ff07c77a4d679e"}
[2026-04-07 15:05:23] Lead stored successfully (both tables) {"lead_id":"012de882c9e2dc349ba1d84560cb8918db4a9bdb15d11a20f460fc45a97cf5ac34e33250243731b89d2d1e6167625c1a8b14dccdab46d6b3f66c32d0a7022bb5f2d3ce63eb73f7c588b9fc21"}
[2026-04-07 15:25:47] Lead stored successfully (both tables) {"lead_id":"012de882c92919addac84fe4c221f261205b4ecef1ced7c7135017cbd0ad0dac6a964ceda5d54ad4feafd606f1e7e39bdb99e5bb0cf289168160519d120308eac063f92c371c88563c1d75785d281955185c5efe562c2c4a3a91928a54a2558bd1afe6173188b52f7ee446a2656b7600"}
[2026-04-07 16:07:37] Lead stored successfully (both tables) {"lead_id":"012de882c993fba4e1257f57f0478a48c3bf38f810d837ddb4ff0e38e1ab0d5f6f88531eff4386f30bd1887797ce0f156a59173ffa300adb26c856572c9fecb465b52d04fd51a3592cbf65401cff18a6f8e3701a25f091696960f669410922a5cf6a2046e59a5c3711bcc8322199da68"}
[2026-04-07 16:09:44] Lead stored successfully (both tables) {"lead_id":"012de882c9e4681ac436633482dc70b2e1fcafb1fdc076c0c9e8378a85bfdb0802c4dd943040d9927e770790bd6996eb57859c4349985b138684dafb66aaeb47e63744ed6d1f9c9aba2a2ec42549515a860f42cf68872c5cda81ce63d9f2090707f30fa561c73a922982386e74d8fd05"}
[2026-04-07 16:33:08] Lead stored successfully (both tables) {"lead_id":"012de882c9260732383e0bec1cdfa118743204c4fe3777b1c7f9807835c5572261622420f99fe18d5cb90647c217fe01cd04709f71775be4fd8724f3b191605bfea99c3150b5500b751d0658"}
[2026-04-07 16:38:47] Lead stored successfully (both tables) {"lead_id":"012de882c97150f4e2553e50c3a36bc80b801dbd4f7a65e6935efab099830c21f6898858c858f56630efece96ecc89260649c960ac8793fb1bbe1728e09c8cb3b2fcb2055b730287ef5f3ec5"}
[2026-04-08 05:03:32] Lead stored successfully (both tables) {"lead_id":"012de882c960d9fc3e48b5b49067b6512ce262c2acbc80e19f3a48482f69b7069a96f816147f3b2db65e93ea052cdb2108c90815a2027a76192ef200f0b0688007e644264659f315ac5eb893aba56c9a951645383a2bc3d60968f91eacbbda41386698fe4c54586fc10210ce34c220b5"}
[2026-04-08 05:03:55] Duplicate lead ignored {"lead_id":"012de882c960d9fc3e48b5b49067b6512ce262c2acbc80e19f3a48482f69b7069a96f816147f3b2db65e93ea052cdb2108c90815a2027a76192ef200f0b0688007e644264659f315ac5eb893aba56c9a951645383a2bc3d60968f91eacbbda41386698fe4c54586fc10210ce34c220b5"}
[2026-04-08 05:30:02] Lead stored successfully (both tables) {"lead_id":"012de882c9fda8c0f35b84fe4ef8f3db118a2d328ca5bfe87decab4a92551e282c90d3ad55263850d1808107af27b8325561cc8cc0f2ae91cf4b04b3fa5f6d0b0bd44f4ec17c18f5685388d2dc523f6fd756cd1a6dd8fc05a74b6909d47a7e2b6ebaf9b70fd400848f90bcb1a795c621"}
[2026-04-08 05:54:45] Lead stored successfully (both tables) {"lead_id":"012de882c99b7034479710f33fc97f4bd24bafbac42a3332bfca23b1388a4879ba499ddf0af0a3defc654658b3361bf878ae12dd57484ed3b7de42cf54cde3f2718b1412a82d3a6e8218dfe04156b8124e5cb0fa77f824f02c66d387ad4ea50a98fa2c42b3513f7764d0bd0c04cf38a9"}
[2026-04-08 06:00:41] Lead stored successfully (both tables) {"lead_id":"012de882c9e4d3a7b8e5b827083eae2a4367aaacc4a27bbf455cccdfc0aa09cfce6a71bc9c237dd6faf29fb7ce31893a1f1f1da2692308d55db3f6e9c1f47ed640046a5b2fef34e59ea57e4e66e3c58cc6bc6a2611a8b0cd8966a0bb16afd9ecd73f5c3140ec0f1137a3c2fab9fb1e1c"}
[2026-04-08 06:05:52] Lead stored successfully (both tables) {"lead_id":"012de882c9b3f9c8735877947ff7c7a757771d6fabcebdecbb0d3e3b7950fd928bde1ae50d393c5def6c434c35aa50c4dca647ae20c5163f1476c81efebab762d9a3b173dfd0a51290915e538634660513fa2b9e6b473ee73e837dc53d2128e3ac7efa5b9d0eada4d6f6c8cfbbd09357"}
[2026-04-08 06:29:48] Lead stored successfully (both tables) {"lead_id":"012de882c9618816864b319e00182acf9eae66485c1f64e5dc7be2ec4c44503a9d8bc99bd61d16045c7089a09633d2d4f2cb779b1d973a8f7be58da8b558b4f5d3caffcbfd4b5159975eca6727df06181dd79487a7ef49966cb8864084c1a1e6d52ccc2c38852e0566d587a65aef1979"}
[2026-04-08 06:52:32] Lead stored successfully (both tables) {"lead_id":"012de882c9103b22363a0f7dd677fdb886467d10a9ee57e54b5a833d7fc881c5e1e430fe0ef37402d66466c4aeb7c2eb6312076a5cda8bc62900901014b1444b0b50e52ab258b4584c506191b26ec73dce75bce777b52679a66ef79f05aa451eb9f36937e82a22d51ba2dff69475d4d0"}
[2026-04-08 07:17:35] Lead stored successfully (both tables) {"lead_id":"012de882c9893eee0197365fb19ad3d1b2bae7106e12d5fde3c5b54ce7634d5641cacbc6b5a7f4d64e896930e64df33710109cf98670f0e79ec05090d720c3c82c49a10b078df062b6553326e5354605dbbb3a6e6a62d137922f19090ab1566dcedf0d104f03d73a9b938d7a6e5f6072"}
[2026-04-08 07:31:55] Lead stored successfully (both tables) {"lead_id":"012de882c934b70bda05e1e833c8372b61f198c378607959a9ca9dc016e55bb6520ca31bf3198d5d399fcd9ee1838584cebd538e7dcd1a789a0f519c07aad131862c181543ee1b9c6478b2bc2af5f47f8806dd1a7e539b8249a987f7a7b8794ed670fcd6f5cafc2d0759870b0c5ea9cd"}
[2026-04-08 07:59:47] Lead stored successfully (both tables) {"lead_id":"012de882c9e55ba9e7cf6a524abc4909bd7665b632b88ae155b58ccc5357b6c1c7da15b48403ce44d2a5c963e49405a17de4d2fe9e4e83596aa359dc2eded00a1c0b7d07c1a3f9081dfa0957d5c0a67046fe713f1bbd1092d38017465d3b3b1a14c91c996e5e7ae6c54edef282123af4"}
[2026-04-08 08:20:55] Lead stored successfully (both tables) {"lead_id":"012de882c934069770066afd92582cd0f9d774f4f11bac402397464dad15d7cf985be160375350eebc840bafa2a3193e80408325b3f2a06558fa0d65d888f9dd10a86ffec746d95882d04b32"}
[2026-04-08 08:30:53] Lead stored successfully (both tables) {"lead_id":"012de882c96afdd6753dfd80dc3ef53cfbf947f5d207955122a7d6bc3755d3717712e77e7d42a9b8c1aa5eb9b3b8bf0c5aa48fb1a969a6113e51b404893fd46264981ff433dbff640540085cc2d6dffd03d61265bdaefb35fbfc31e1e9d040d87bd49a3710057492e5bec45cd39936bb"}
[2026-04-08 08:53:23] Lead stored successfully (both tables) {"lead_id":"012de882c955fc9e419272f8b2e44a94ed6ff4295cdffe08b5de763c59ac5e40969831e02adb54bb829253bbe5b632228ec18277952fee304a1b4ab7f39ea9d8aeb84a6aa6e7bcc4bea78a58"}
[2026-04-08 08:56:21] Lead stored successfully (both tables) {"lead_id":"012de882c9c911ed93454e9080d6a7442874ebb1ca711487ef1465cc8658e8e0d3577c857bfcc123ec08d0ead9f536503a2b804d513db8bed0eeee51a297e230269f119f3f9b7d273020c5d3349fe6249b8bd98ecf714cb5c33b055ed5aefef08cd0c2191b478c09bb3dea21ab5844ad"}
[2026-04-08 09:21:48] Lead stored successfully (both tables) {"lead_id":"012de882c9ee30debe5dee28a0fb2eed5fdb5119147d89eb6f381fe83a7227299072d091d8b238efe1f05c913c8a804867cc63e09a63d3a432e73c2434d61876aa3c2b990727588609372df849a89b22be116c645568059d924cdc2fb12f090b8a0dc6cf3c6bca56324a80764f9091ef"}
[2026-04-08 09:45:34] Lead stored successfully (both tables) {"lead_id":"012de882c909f185540c8d19b77280a3840bce1afc125de69900abf2940bce42e63cdb4253238ba50e9acc3ad2d0223673df2383af8f25035822227f1cb5bfeaec8fe9bb7f491e0e4ac7e0d24fd968d2a32ef74586e4b593c14454d9eca26f58de14f9aa642c7c493e5c085f5a478bce"}
[2026-04-08 10:01:09] Lead stored successfully (both tables) {"lead_id":"012de882c986deb7325d7a9c32206cd3e9a03042efd37b9a17c17ce823520b2e98edc90a79cb3737c42bc206864226d143b64d611dba2c48f1c1d3ec9e111ce8980b836b0df77bf1991240fd"}
[2026-04-08 10:07:37] Lead stored successfully (both tables) {"lead_id":"012de882c9a64b0b83fa6745173d7264756ceff01908d5a7e00770f889c105756cb1b41deec4e40bf8bf2fb3432d9c60dda8c92b865771cf7f163897e1582ebb63bebd32e85a4443a47d87b7e5a51855553074ef5493c9a0bcf309993b3dc14e9ce70c59c5239fa549e631f71e4545d0"}
[2026-04-08 11:05:00] Lead stored successfully (both tables) {"lead_id":"012de882c9902a80eb082549221cccb813c01f590d40566ea8bfac0ec8978aeea0996cd0e092c23e1a62bfe0db9ebeeafb20093f8d7e507babe87cfe1447d676bba80cea1afdffec91fe4ac6a213074d7634696938150fe7989d70e0b56fe2170c0b0f19664a1d7b4529826781072279"}
[2026-04-08 11:05:08] Lead stored successfully (both tables) {"lead_id":"012de882c99470b5e9acd9dee9420ffd2a121a2f9a4b1b79215d821c3186802b8b1cce2d702596b2b37ebaa11975a1b65d0bd94c06075a4bd715344e83f3b49e596f14788b7ce5ed567c4c73b7408e2bd0426e8cc7d291d78a040b102e689d9f00216c82108c946d4de1ce9a0cf3cc1c"}
[2026-04-08 11:15:23] Lead stored successfully (both tables) {"lead_id":"012de882c9784dc53ba88123513a4185365fc0167175b2d895e292c9ce68c9c744c23cc6e01887aa653e824c3e2cc7c73a02884b8e8fc21f9bbd964d34f4ccb8b90799d6d6c7ad1372cc2018d6114dcbd53f4a805c261845af05cfc7fcbf4d272c9615070737b69dc49bccdb40350d34"}
[2026-04-08 11:20:26] Lead stored successfully (both tables) {"lead_id":"012de882c9fdde6272a12ef001a0ba75e812cb9aa75608b0f117155f0a415febe62fee8aae4441c21ee79c13e5e4da268c7b2a18d62df27bc9710ddd39915746892dfeb74f5b729e34c49416cc08eea31ce811b7922f35121a3916cf34d8ea9f0e8e70a457ee71a9200bd129d36f0a03"}
[2026-04-08 11:20:39] Duplicate lead ignored {"lead_id":"012de882c9fdde6272a12ef001a0ba75e812cb9aa75608b0f117155f0a415febe62fee8aae4441c21ee79c13e5e4da268c7b2a18d62df27bc9710ddd39915746892dfeb74f5b729e34c49416cc08eea31ce811b7922f35121a3916cf34d8ea9f0e8e70a457ee71a9200bd129d36f0a03"}
[2026-04-08 11:47:10] Lead stored successfully (both tables) {"lead_id":"012de882c9bc3ea96fa570c0c1b86cbb0029550264ecf1c64ee231a5c435cf4f030e0f235d5fb36f732f7329af39b8dbfa2d77f343e3709a9ac7060cafd724799f9e13a20fecb15303c37322ac7fc1c7f7c2e9f9af961fc73a85477a59c5742bb4148d7c051984a8a26473c1a8c0032c"}
[2026-04-08 11:53:56] Lead stored successfully (both tables) {"lead_id":"012de882c953c96e5c955aefe7810ce2dfb5f5bc16f52e0c7b8f9e3e7b620fd97e32d66bdc0b015f453a9457205741e3d388fc31b72b4ddaf43d7a064b4ad98fa5b4a2169df83bd836fd5e25ba1098814fbfe6838eb37b153e860a25dc5b82be00a28d53fb86c1c7f35a74928ff0be7d"}
[2026-04-08 11:56:26] Lead stored successfully (both tables) {"lead_id":"012de882c9dc386fd2bfbb28bbb3d64608b698a514853012498ea12f4310a18b3c7c06801beac216df4426e8f954279eeac9f51a79eb41740ef6207a11e606b415973d64a0973570e87c0de29d8b3b672277c298e2fa9fd960acbf1c7b7035efca7e4861b2bdad8e8be3b2905d0e6f42"}
[2026-04-08 12:26:46] Lead stored successfully (both tables) {"lead_id":"012de882c91ccd571cb84026b9f3fc2b3de245f318535b7f17e56ad098f37f2298e31a6da007995622d07889a0d77616c51fc6429e7f3b5c494bd36ac295102c57a09b777a9fedc12bcc2ea2c1fb79b897d8c7a7d23baabff6eaaaefc39b2d6c5d14ee9f96919f452645c9d5bee51a3c"}
[2026-04-08 12:27:19] Lead stored successfully (both tables) {"lead_id":"012de882c9284f74bf80b64c128aa290fefed105764d1b9c5c6ea2fb7ad1403c62fe9277b0f30a3e0380454ac925c87a2009d002b67bcf0c963926c8070358e0f74631e3175cc04c070b4da2e04e91fc995c05db5dc5306109594ea90ddb1166d33d5d07e7cebc0cfc5e860651a7f99d"}
[2026-04-08 12:44:16] Lead stored successfully (both tables) {"lead_id":"012de882c9ea2dd45f81b4f6859457e3d67af0fff76091be8879d7af951e77b871071f8e257f29d55c9829641f1f1e4465ff1cfdedb17e91b4686378ebde168fb1371f2d8644e8972f1b452a"}
[2026-04-08 13:02:06] Lead stored successfully (both tables) {"lead_id":"012de882c9caa96bbf953100b65011c051b0666b68774c6bc0aecdb3358e43a500f8875d3860cba6286746c4bc3c3d9a6089e76946792f513af5b86599b632a6a9e26bd4d909275621c1841ee4d4caeeb9a396e16dd84b5cf7c0a69ec9d75190b5ea69a67ca27f423c03e58b5b0a1e69"}
[2026-04-08 13:04:11] Lead stored successfully (both tables) {"lead_id":"012de882c9db28ef16a206e1daf5fb5c982fe9689bb13436d405b10bf9fd968cde5d628f7cb73f0b4ad3fba09a088b482982a977ecaca7e716eae33ab4cb4c00d91632373b4f518e7091b3d622593175ae1e83b1dc55e7ccbe557aba1f373317d9728cbb09e81117c71cf2a0c3499036"}
[2026-04-08 13:06:16] Duplicate lead ignored {"lead_id":"012de882c9db28ef16a206e1daf5fb5c982fe9689bb13436d405b10bf9fd968cde5d628f7cb73f0b4ad3fba09a088b482982a977ecaca7e716eae33ab4cb4c00d91632373b4f518e7091b3d622593175ae1e83b1dc55e7ccbe557aba1f373317d9728cbb09e81117c71cf2a0c3499036"}
[2026-04-08 13:26:32] Lead stored successfully (both tables) {"lead_id":"012de882c9000a38de1720696f7ca2c692035619c11b61d5b3e51b658961055f65fb2ffb8cf6070757cd8799df4da5bcbd95f633456112f707154f80d747972318f4d51b442ce6be3144a19c60c4af440f2f6a3fc807fc3d87313d3647e441741c14a50cbdeaae921864ceff34eb3141"}
[2026-04-08 13:32:28] Lead stored successfully (both tables) {"lead_id":"012de882c9cbb12c4e01c4475725196f4edc8a3560c96af158e1dca7a54dfdcf86c473b6a65b25cc3a076bedfceb9be322bdb94b988ec90cfc073b55a95c6dcd7d614ae822e98877bd6bef2a6b3aaddfc83822cbefdfeb5542175cfe1e37bb41e597631a1d24bc1f86c938ee4ddfbbd3"}
[2026-04-08 13:36:21] Lead stored successfully (both tables) {"lead_id":"012de882c9f7b92889373b48d5f18155f6379bccc0ae7993f5c0362522f20e123de2758b84d6b42d6ebb873d8fc3c42ea39a9ae3d3661cd587fe7f026c3c2d234d30761bfc499018b3b24ceefa386725db2fae8fa136f7051d735c63a040093733489d8470c2807eec1dd39baf57a62d"}
[2026-04-08 13:49:31] Lead stored successfully (both tables) {"lead_id":"012de882c91275dadd6c2a7f2c1cbf4cd9e71f8eec5194b9ffd49a5225b097f8aa3dbe7d982af19a6bce051606e16cec1ab3fafca7504549a94d2bbfdef0286cef6be164e78a25927a7841b8f7b3d4030fabc4db822adbbbba1f316afb5c01f9c7d8573a02da9b20d354f1b963f17452"}
[2026-04-08 13:58:24] Lead stored successfully (both tables) {"lead_id":"012de882c972dacf63de99c49648c4d7a5e32f65cda6c05eef3562bd50628e5ef47d763386f18b8a920c68b0c958ae8e4b5d182df9699dbe01e2330826f1679ef4976b14435d4ff043cc7189"}
[2026-04-08 13:58:33] Lead stored successfully (both tables) {"lead_id":"012de882c9677e7962ca286f98b3c02d23a0c3a986ed34f360057330b2c5a845ca89d1edc2a6b5364c4f987ca37017e726449ad433312443ce6d56cf30adf4d218f9c9dcd6f5ad27b190e0d8f5bb66ef1fdb2c416ed7e0a06826237c60dfcfa22fb3b67529fcf300b66aa73af2bd92ea"}
[2026-04-08 13:59:07] Duplicate lead ignored {"lead_id":"012de882c9677e7962ca286f98b3c02d23a0c3a986ed34f360057330b2c5a845ca89d1edc2a6b5364c4f987ca37017e726449ad433312443ce6d56cf30adf4d218f9c9dcd6f5ad27b190e0d8f5bb66ef1fdb2c416ed7e0a06826237c60dfcfa22fb3b67529fcf300b66aa73af2bd92ea"}
[2026-04-08 13:59:24] Lead stored successfully (both tables) {"lead_id":"012de882c939c9371f602b08f39c3f1a43c9c4a555b4750548e4a2471be3bb355ee8e1d4099fd2e58a8a29f26ffc8c11668de4804aa043b0c47fadb22dba2a30c9630359490fa5f86e0ef943"}
[2026-04-08 13:59:46] Lead stored successfully (both tables) {"lead_id":"012de882c9d7ae7a36ede1a4a620417c2a100d8e42531ef673c31ffbadee14de11f91868f5ffc565890ea8ce9dbe5fa8bf803676b801a81401c34edb0923b733d7576bd89f8836a2a4a8611dbc63832862f9f84151f65a495697ccce939185a88877e31f891bf86d9b5590662484b564"}
[2026-04-08 14:00:06] Lead stored successfully (both tables) {"lead_id":"012de882c93e850ee344bb56980d644b437b3c9f599e65ba9908f0e4ceed34376b879e5e4dc00ccff2a09c060a5df2c4364e130b87cb9d6daaf4e27408bb98f0204b352d8269d22d27026ded9b5e55c20938b8a59b1ffdf7980f4815f826b1f36a2fa63d37cae5c7c8da353b1ecb3a1d"}
[2026-04-08 14:05:33] Lead stored successfully (both tables) {"lead_id":"012de882c9858c516c2de803615a45642179f8553272a76f186795a374096e51d01b0433aa5ce042a940846e07b25258b9f000e51b58cf9c4389fb348e5cfc38eb89b1ce35538ceaba3b2a737937957e3b2329a9f00b55e261eb178454f422f349ebd4371355e23415ed23495faf9dd3"}
[2026-04-08 14:34:48] Lead stored successfully (both tables) {"lead_id":"012de882c9c6de3a5fe55a451bf2dd11c874b370ef23bc7e3cce0660f4be7fa1a324247755002599f2775a0dbbf069f1b69ccb69621187edb6687af9ab6bbffd55f3a7d68d4b42e9a7b1f6b9849382c1c4c636d27b632178e6d10ae0c13e6279b762d7d7ebab373dc86998b4e752f009"}
[2026-04-08 14:45:32] Lead stored successfully (both tables) {"lead_id":"012de882c9395e2b4423e3e0e60a1d64a609833f61bb6b9297d858529ebfb7dbdc298a9eeb027db657258ce15dbd72606a217305bc9bb95912e513477d5d472f48efae2006ba91b8e2b20dd12803a47fca1653a727ada509d8ef96c1f073bf32784c1a143c14197c7ee303c2777e15ab"}
[2026-04-08 14:49:30] Lead stored successfully (both tables) {"lead_id":"012de882c990559131e6ff7624b95bcc0a9837589de65e8c363b0fac6db2bcb3f6e654c379ecd3990816a10e8abecfbbb6d10bc96e0293cbb68d12ce74a7a8df51f74a445a1c8860332fe197df9fa37ed4bdbb7aa905f23f958cd5e726253e5fbd58450b99034d2548be0b5ed5578835"}
[2026-04-08 14:52:03] Lead stored successfully (both tables) {"lead_id":"012de882c9e534c6d810f549fd573a99c0fd0d0b90896d86bb43df6b11c0d91bb857330655ec3e5e8247dfca9fc6edd501d7565932473fef6d8cbb258be1cb7738b478a9c4c5595bf8233dc14a337826c11f5a2261fe80cf2192375069148c5d71ed085334346d188f8cc7bae78ea582"}
[2026-04-08 14:55:27] Lead stored successfully (both tables) {"lead_id":"012de882c9f4443f8bdf5e74909442e47c3502ac90248f6a8d70b43d5bd25458c079a75c7e134c035b0cc9c37e64eb66bba36722efda4bba598ab59f6963fc6d408a89a82f9ae933a2bb741ecd8964182b4d72bd001edb54a59e84f5be6fc66d0126e5c450c660622be353cd43240bc6"}
[2026-04-08 14:59:55] Lead stored successfully (both tables) {"lead_id":"012de882c93dc68a95f57f77fe779eac1d867beb81873a04224c781ce81ebf200f96a6708c31260fd53beb21958274bbe7ffbad8412e04c2a6628325ed718b3d4a2af21ce676d4526004aeecfa1d693ef521d4b1e04ddd044e36616e94878a001f61d98c15eb731c666560eac35a0a48"}
[2026-04-08 15:10:19] Lead stored successfully (both tables) {"lead_id":"012de882c9ccafc242500bc890f16eff4f650348b913c252f4cd5690bb2d5292b6df5b160ffff4856cf7e970e696128e4ebc73203e247895b5b45e72963edddee7788f9830b29260f4cf4ad140b2ef3562c12acb32b15a5dc2d65cadc93a12d3a8ad0f474921cb14617ab0ebc8a21201"}
[2026-04-08 15:38:34] Lead stored successfully (both tables) {"lead_id":"012de882c9c73d3d152309353be8c664990b7cda64bc20a46230836506d22dd6d67cbf1480adce2f40d0fe16b12d625afce36cad0c1628a4817501f821826ee9331b53cb4d05ca776525b487f6f8f4404b6a743c5d34e168e24130c90546b9d05ae7b2ed1df4a616cea37aaaaa68a492"}
[2026-04-08 15:51:25] Lead stored successfully (both tables) {"lead_id":"012de882c99b07823307c4ae8dfb28d19073fd32dc12b7e53f1b4c8a3eb9a09ca1463eda817a2b8da9e1fa1b46bedaf8f5be91b40ec4c0c51cae374e3de5d70d9701e457a2ddb47d527ad35bdd2c43a05974e5de28745b778a9cf0f3ca94503d5d6474c5c1c171035ae2a61fe4ebfa26"}
[2026-04-08 15:51:40] Duplicate lead ignored {"lead_id":"012de882c99b07823307c4ae8dfb28d19073fd32dc12b7e53f1b4c8a3eb9a09ca1463eda817a2b8da9e1fa1b46bedaf8f5be91b40ec4c0c51cae374e3de5d70d9701e457a2ddb47d527ad35bdd2c43a05974e5de28745b778a9cf0f3ca94503d5d6474c5c1c171035ae2a61fe4ebfa26"}
[2026-04-08 15:59:34] Lead stored successfully (both tables) {"lead_id":"012de882c95e026952ad422dcdf8128a107a611adc480c0546851ccbc1cd003b1bf17737c70f49a7ce15f1bd87127864024f74784f8f6713faadff02baceec03607bf7d0db9c9ed31162ab9ab87c1265a0ada7eb4328846586177dd26ccaa8892b7290c877d9b1539fa4e78cd907b86d"}
[2026-04-08 16:03:56] Lead stored successfully (both tables) {"lead_id":"012de882c92e1cc055d71cc3d42f838e3923cbd032e6bd6b7c0a5e696605c18afced0578a3555ba2560ef979fb890a4932b0a827f835570f87e116d75ed53bb6d1554508ae9d7d65533319c9830dbfdb94d290933eae745c866efa2d71ec48588e3a7e207916d75550430b4f370a941e"}
[2026-04-08 16:07:00] Lead stored successfully (both tables) {"lead_id":"012de882c94c75d7581690e047a0230a4b97f0b899f418256d4f17bb04f8e9c2eaa6dd717f9cddc7b65727cd832f76c84fb367ecc80657ad936b552df8f14f4036d7d4825cf42cb7d089912142e27b8c5bc0939df0f9ca83d1d0fea22bbad95b3882addd6028db2e56782c0757956d43"}
[2026-04-08 16:07:23] Lead stored successfully (both tables) {"lead_id":"012de882c987c3d48deca37b7cdce6c375fc20d37566a07e6923ee17bba06188e05df7beb720a8befab3bff3013d3510d212303e137b08c6207707768688ba2e9ee6a49667bf4617c020cc74"}
[2026-04-08 16:10:23] Lead stored successfully (both tables) {"lead_id":"012de882c965409f74c8c83c8b9d4e6bfe3882cfd29bb2caefc0b3b17836d62d2d6bae3e88930409943f6b04229f13cab6bca7f2d7a37b6ea498061506203d20fe7b4f919352fe8be19aaa22ee7ed90bf5cea77cd8c5ede80022d9b027badfaa82130155ced94a531c6fce4d9aea6efa"}
[2026-04-08 16:27:26] Lead stored successfully (both tables) {"lead_id":"012de882c962f47ec1e7672b330ec457d187c5f21b34d4f8bcbac696c2701ed6ecca65167e8a1185b88f91edb23f793185842a6a7a51ff303b5713eac2ce2e0999204a0e318f317387effb8f325e1facc82d67ab51d4de969c575b7d67ed0e48d7a9e2a50185212571d165b0839c52df"}
[2026-04-08 16:34:22] Lead stored successfully (both tables) {"lead_id":"012de882c917194dca5988721b883f3630d1654fedcb69284488a7e6bf741bad0f4c067db21c3a66030e54cc228cd430d30a5fdf4e40f2a0618e353678d3ca9e936a45fbc803a0e76478392a"}
[2026-04-08 16:36:59] Lead stored successfully (both tables) {"lead_id":"012de882c96e3275c58e6459ecb852b97714a2fe3587d7b63676131acacdb7665cbd8b45d2300b9e547daef12df6f4fe01fa5dd0227dd17465d580134f600ba68f3b2db40ffa9006b344d768a1448b48fd24b3359f6386b35ba5e590a9fc55773cc5402c6e064f5612c2e90a1a6b7b46"}
[2026-04-08 16:52:20] Lead stored successfully (both tables) {"lead_id":"012de882c983760388df249951cc1c4046e65dad363a83ac80281a4cb52c339ae656e65c25e42316510b1bf6884921ce9bfa3ef6c097b74ffd849d05156f5ced501ec0faaf87f27c6ce9ff9b59b9914beb13bca3f451ba17d22d9d0044177760226aabb79eb920ae81d441e30554a0a8"}
[2026-04-09 06:05:24] Lead stored successfully (both tables) {"lead_id":"012de882c93feddaf21d5a88b459e9fc3ca4b515eeebc3bb49828ac270f0a19ec0afc0d3095d60f547832f96f1484d4e4566185ad42085c17cf6653679f4b7474a701be5666ee23c02e916a290b2b878b1425f8e838f2dd5797b38f69cfd93fa56c449433696845b16adb494c5284418"}
[2026-04-09 06:05:37] Duplicate lead ignored {"lead_id":"012de882c93feddaf21d5a88b459e9fc3ca4b515eeebc3bb49828ac270f0a19ec0afc0d3095d60f547832f96f1484d4e4566185ad42085c17cf6653679f4b7474a701be5666ee23c02e916a290b2b878b1425f8e838f2dd5797b38f69cfd93fa56c449433696845b16adb494c5284418"}
[2026-04-09 06:20:50] Lead stored successfully (both tables) {"lead_id":"012de882c980494e695466f0e5e4dcbf6aa5525048bffcceaec4aae427d3f811fc39187c5a9a08136406fa26dac52e46d931c5429b854205471f9e32277a91424b3d8ae4c97a0433e55e257a1ce65751fddf22cbc1138de57566062cfdff983446319bcd752db2c82a77ad351a334c38"}
[2026-04-09 06:38:59] Lead stored successfully (both tables) {"lead_id":"012de882c95d3e2c5e88da9ae736aa3eeb001b897df3ee053ddcd8390b2747becf09ecf17eac912cfbbc9e9d747f8fdcb02df42801d50e3568de74b7d71b50f25754e3b88bcffe40195ff4f8"}
[2026-04-09 06:50:27] Lead stored successfully (both tables) {"lead_id":"012de882c92793c93d573512457ee7aa1ac7cec1ad57ade8dc1bd2497ef496445223f4b15e0f6dbf86a7f8d70ac9fa93ac5283dd848148bc366f4b42dd7b06b23e4476dc17d014bc0b12f19b86a7be461add4eb759517153109281aba3f048a40d51d885444b3c9e1c5fb636b8ca30d7"}
[2026-04-09 07:09:41] Lead stored successfully (both tables) {"lead_id":"012de882c961378c84d5db199ccc73b2e369484797aff466c5b0c368609e226343c07b295b704fa9e09821f2e0cf23dcd7a99425a3f05160c02f6314b3704625849fc7b95e95e280f904ab10"}
[2026-04-09 07:17:05] Duplicate lead ignored {"lead_id":"012de882c92793c93d573512457ee7aa1ac7cec1ad57ade8dc1bd2497ef496445223f4b15e0f6dbf86a7f8d70ac9fa93ac5283dd848148bc366f4b42dd7b06b23e4476dc17d014bc0b12f19b86a7be461add4eb759517153109281aba3f048a40d51d885444b3c9e1c5fb636b8ca30d7"}
[2026-04-09 07:35:09] Lead stored successfully (both tables) {"lead_id":"012de882c96d0de946a55146d4b0c2b5344730e7066a0328bdb94b39956ea01c0c29ceac2a78260d2d027f60294f8cbafc2f6934e24eb7c2d5c7747bb212985f648b15b82af7a316d8753c450b40305790cf4f820012cdb9e53054d2a37c86b74795ffba0c96001174affbe8da6e88c2"}
[2026-04-09 10:22:25] Lead stored successfully (both tables) {"lead_id":"012de882c98420fba5bceff248862ba7d0ab176c56ad674aad6f641758c62d1eb1af98e0e5fa12cc716e43790b55460da78b67a1a57640601da4aeeb6a6e904e52a9476115a521e4947c561d56dafb743eb250918f66c0597ab6b5b30147703df255e9606e58dd1b8cf6dae707cb6fd2"}
[2026-04-09 11:29:49] Lead stored successfully (both tables) {"lead_id":"012de882c9d642497f4cc28d01e8b798de97dd48dd3c1a0c006dc6d84d2433ad0d12b69a4fd75d0eadc6f35c40aec9a9d7bb03e3d89ad26bb1d037805260b83bac095541ee00227038d8ec7e"}
[2026-04-09 11:40:41] Lead stored successfully (both tables) {"lead_id":"012de882c95064aa250558778e2fe21ba63b72c1d74ab6ccfb00f5e6decf3337ed673f918d4ad4b9d0df3dcdd88937522a6ec89a70b20eed130d3671cb715aae75075426cd3e1a0f9b9a0ca61c88e5f16f12f7edc03b32520a7e9d680af527f435f9d55c737cc53c1d14905941235560"}
[2026-04-09 11:46:52] Lead stored successfully (both tables) {"lead_id":"012de882c9f13d091de3185fb297b06afe9bc4b1eebd3c24297d7c6fa0ed497c0f99c127d4143e4a6184e835d2a15adaa3fc8485629b9ac6f2fc236bf089199a2c622fa830feca0fb0f853924607b3beaa053d9118a66b88c33a7f7622128f0efbc67cb59e4661cdc2823a5df424fce7"}
[2026-04-09 11:52:55] Lead stored successfully (both tables) {"lead_id":"012de882c91e1123525a63a7f1f48c57296a9bcbdc9fab19c13cbb868906639548d270773c982c759283b2c012a3dc297bcc6a9ff5557ba0771f273ae38cfdbd9e8c6065b310184402efe86c8e3907c1b5efd13b5a16375338b430d6bc908a0434bf41fbe3c4990979edd9b8e9ef2cf4"}
[2026-04-09 11:53:34] Lead stored successfully (both tables) {"lead_id":"012de882c98ffe76a5cc9aceb9558f4842a54f61b1be70b5a0ed390ef251801fe88c43fa700e18d360877c361e5a9a939f0e567a30829d9de47547982864980be4f1313750c941f0bbf0d5947223e5f6d3840cb94ce28f6eaa8f154f4d66f612a6b24fe50f68c55659a781fa2bb22b29"}
[2026-04-09 12:03:59] Lead stored successfully (both tables) {"lead_id":"012de882c9c2502a56d50a7f0b82a8bb9f015699b0793a345e85c8e30fede01a708cd6abec716d53bc9d2bcdbcdb642604210605c808bbf6584aba2be4b02c065afcdc810ed0a8b4748e4d15"}
[2026-04-09 12:04:55] Lead stored successfully (both tables) {"lead_id":"012de882c93f336fb6de00e2a511eeb62f5ec92e347d2a1f9df15e9bf957fc87f272246022c7d969ae3831a0f8e977f1ddc11dfef8690af8241ae129a8e97d0f57b30ddf24cd8ed86f00de08ac242dcc39457b13e0e4aa632806e66325af7235f1caed1010a3d1470ed7d6d878c68c69"}
[2026-04-09 12:14:00] Lead stored successfully (both tables) {"lead_id":"012de882c96621130669e0dca40db54cb8a7735f7d3f8609ddfa5c0218fb9ee446ce5aba87fa30b977c5ceca5dd5f2a4b0f3f0d436850c95ee6bdd308a1b2f446fce7944ff7b7cbc4b1604c87f178c3c4c717b2a10fbb6147f241bcef5388da08c9bcbcf5a890bccb47bf5eec42f35b6"}
[2026-04-09 12:27:41] Lead stored successfully (both tables) {"lead_id":"012de882c9cb56c3774e2ddc14e41203e126a92f46f48fd78d4595a79a10ddf5f882925d8eebb8c4177c7313a5f793cc9184eed3dcad95be5e2993acbf61cd523f4438c71847315141d3a3931eee064d71674e2460f8a42fe6119e0327e5eb3fde8f9f49a2639faeb0ee050229dead8c"}
[2026-04-09 12:31:42] Lead stored successfully (both tables) {"lead_id":"012de882c9ef36367bbfd5977544bfc8ee9a8b6c46b022e458b84297a2be2938a78bd17a0d3f116e523f9e76f3ce16318a24f6e0fecb963ba69ba62e26c156d8ee18694ca4420327b03eb392703ffc8de9ea0d1670d0983f5ffbae164933cc93dd53e10abe2ee36923fbce432b00092a"}
[2026-04-09 12:32:06] Lead stored successfully (both tables) {"lead_id":"012de882c9de4ff6265bff0e824ef2868051615da8040617225e9016da9cf7de657fa0dad257eb6e1da715252dca01819e30303d0e25ace95716563d640af4955278059866ff0c5b819a49d813fe7f8a5efe94c510faaa51c3558db314d2efa802852b95881ff49e42d3c67d155c361f"}
[2026-04-09 12:54:20] Lead stored successfully (both tables) {"lead_id":"012de882c9c221b72e7322489d504c35eb776122b6a2bab98a930c55ebb62f27671bac08592ac11efe0008c521b7b5518855d9ee576f83f64fe99f114ce1d7bed8d431a763cbffcc905cea3d6d5865ae8ebe67f38bb65e4a76058a2b4d0d8db5d889871341f418019d5bd99531e2e6f4"}
[2026-04-09 12:54:21] Duplicate lead ignored {"lead_id":"012de882c9c221b72e7322489d504c35eb776122b6a2bab98a930c55ebb62f27671bac08592ac11efe0008c521b7b5518855d9ee576f83f64fe99f114ce1d7bed8d431a763cbffcc905cea3d6d5865ae8ebe67f38bb65e4a76058a2b4d0d8db5d889871341f418019d5bd99531e2e6f4"}
[2026-04-09 13:20:36] Lead stored successfully (both tables) {"lead_id":"012de882c94670f95418cfb0ac8299584fcf788fa1537574e56d7013064175aa724acc034abf1af5ab48903a16887ee81879118100e154ba8d5a20f5061ffd4da49c8ba34741ea6903a5eede81c2f71e164a1a50040d98a2d37eb7f6875502adfbbe59eb5a91e7c67b58ea324567efc0"}
[2026-04-09 13:31:26] Lead stored successfully (both tables) {"lead_id":"012de882c9293d9b3a80319a8f06de0a304bc9b8198c97f8bf0ef687104b083a9d81d78b0bf8f1ce4dc8462758fc5a8e658ada4e49e5c990522c94b811876b2f56de4e07fd645f2ff2989a1edecc0b6472b803d22fa956cdcc90f0eb138b6cc8b6f72c89f055b0b3f19418d14472a2c3"}
[2026-04-09 13:32:52] Lead stored successfully (both tables) {"lead_id":"012de882c98245381d483263f6aa45b4f1f906856a1c617a8077bf1f8ae6afb8649a28a7f060edc07f6a9433024fa4262ae94575b65ed93c9437210152f9383da5e73bd6abbcecc0a08a8cef8007f9ede3d9b676cb1e2d1575db2a9e630c6586334d2c87df2576389f383e4dcab77081"}
[2026-04-09 13:36:25] Lead stored successfully (both tables) {"lead_id":"012de882c9e8e873bd846fdb46c019c83178246f08dd6e7f5718a03f4272a8600acb6cd9c13119eb166cb9428ac83efa0227f1cabf99f50f889ac2e8853af6b2da1d62d11600a9fdffc304f22e32cd8f1327a443f57edba842d1dd2383ec94cfcefc487c4db9120fc11811b2df0a44fd"}
[2026-04-09 14:23:05] Lead stored successfully (both tables) {"lead_id":"012de882c96f42d402ac8e33ddaef06c37c0588db549af7ab417894b3ddd5c90200738b3b134ebc430e76e8356a6bd4efdbf0255332a80697b5da40c10c143ad897787e94a10b8c0ec347a116a36531650123aee81b6a46bd0ed40a920f8d0debc068688f36faa89334e10d64463859b"}
[2026-04-09 14:28:57] Lead stored successfully (both tables) {"lead_id":"012de882c9c111304077242c0fd0e71e239d446852b28bbd709921e257d9850d8e8de03cdfdcd07b423b8003e6bfe5824089d9c93ab3b938dc7f491432e4c2b4c1ddd2907718994b477f1deb618d3af702ea302dc407e0beac4a8095d17e69fe22b692a97941c7c632f10404b5b7bf18"}
[2026-04-09 14:29:08] Duplicate lead ignored {"lead_id":"012de882c9c111304077242c0fd0e71e239d446852b28bbd709921e257d9850d8e8de03cdfdcd07b423b8003e6bfe5824089d9c93ab3b938dc7f491432e4c2b4c1ddd2907718994b477f1deb618d3af702ea302dc407e0beac4a8095d17e69fe22b692a97941c7c632f10404b5b7bf18"}
[2026-04-09 14:37:06] Lead stored successfully (both tables) {"lead_id":"012de882c985caed2d376dc55985aba9fbf4c9fddb473f174ac76d0f17d5ce861f43e5d7681127faec04a800ff3254954069ebb889705f868a901f17178a624cb5b5119500e800a1e36fdf481cb5c369f265f111819bfbd972f803b665abc0f67d4f17d6751cdfd653ba8614dd933dfd"}
[2026-04-09 14:44:37] Lead stored successfully (both tables) {"lead_id":"012de882c989caa9607d8ba615d8283a00e07c9cec2011e37f1dfecff4cf0f63a41c7b970126187b5187a017f98a75f8933b49debe44726b9c61f308d6a56dac8c4cb87e9ece69ddca9ed89c88518ef0fca95175d8b5445c15b8e60ec578a43e1a9d9c082ebbb86684dc831b4307ef04"}
[2026-04-09 15:10:52] Lead stored successfully (both tables) {"lead_id":"012de882c96fea1fb47e19701d28af12e9c59d74d3dc54c7f3024ede43e28c5a6edde4853478029509dce266f4b76eed8814089b9b176cdee9a98ed03a3fe7d66231362f4e0344162cf507c947d48bf155ae072e9ce7d360a51a49875af2e1a5b9396122096f53df3ffa4702a266a40d"}
[2026-04-09 15:36:13] Lead stored successfully (both tables) {"lead_id":"012de882c94488f84259aeddf63787c13dec40b35ae26171b842dfb8fe7e34d501ca83f0cf40fde49612fe977da81f19ad2ce599c22a6802b9f91a1ea92f9cf8383c8f62e9659a0cbbce6aa6a3ecb2f05f9513e6fb8eb0aef99b776523885af24d0c3e3a9d53f76bbf1607273b6a05bb"}
[2026-04-09 15:36:44] Duplicate lead ignored {"lead_id":"012de882c94488f84259aeddf63787c13dec40b35ae26171b842dfb8fe7e34d501ca83f0cf40fde49612fe977da81f19ad2ce599c22a6802b9f91a1ea92f9cf8383c8f62e9659a0cbbce6aa6a3ecb2f05f9513e6fb8eb0aef99b776523885af24d0c3e3a9d53f76bbf1607273b6a05bb"}
[2026-04-09 16:12:55] Lead stored successfully (both tables) {"lead_id":"012de882c92f8318beabd286eb4e91a12c7c5ff935bfae68c97d038cde17a1bc7649ce13477b090d7a58c2757cd0f071e34e0a04d8cb5d6c33a37234dc749f657b89d17c68624586c3dd6e250836feee98a3c2d50ae7ee7dff42c2e5045b42f8ca4fb88018900f946470d9906100ff52"}
[2026-04-09 16:15:51] Lead stored successfully (both tables) {"lead_id":"012de882c91feb07aa17aa7b7cc27c6f45a6673fbd36f39d3ea657a9e339f5da1e24f5508c3741acdd9199024801259ef7e00a4a45437c4467648a417985872e12d9c7282a8b1a7b89056b82a054091a305ed09d55405b9694342eeaa6062b90d43e2313a26b82b00038b51faf2691f4"}
[2026-04-09 16:18:48] Lead stored successfully (both tables) {"lead_id":"012de882c91689bd5ed6dfcffb4780d68ace6cff971d33c4fa45ffcaab305b4e51a3587dc2b98cfa70c481d1d57282325111a7ea856ca68116e953bee310ec8c6e638df56047ac28264060e4a11dfc4228681d764cd8fa26a76b47c009c34e39048b1b7eb9d74623c7bf2ca1e89438ff"}
[2026-04-09 16:25:06] Lead stored successfully (both tables) {"lead_id":"012de882c9f791cf246b2eb39a3ad6fe7914a00cd8281489d26db6e0a1786b93fe26458e876c36e8f4d62281ec31626f2e81b07f2f3f7a07386759dcd228daf85cea6a3021b19c8824b57be7"}
[2026-04-09 16:26:31] Lead stored successfully (both tables) {"lead_id":"012de882c94f37f3e5fdedfff3acb33bf223eb3697cad41608b5e49563633091cb60f67531af69a598dae143fb2eb45ee92a236c49506b5dd35618e49d57761db9cecd8f7afe465375197d7f10faf035693ee4676bd8d5f45c606492ada67b6b311c7f099db8df3a5ab2762f21d5ed67"}
[2026-04-09 16:32:03] Lead stored successfully (both tables) {"lead_id":"012de882c98774b46ffddc5a4f19b3b4ca9e8a26def14f9b3868b860741e89958a03db8a5e7254ba050043214aaf45caadb08f5526f2ffacd529bbb09696129972f1d81b272664e4d7e64f3162682972a9ed5db7b979654d90e4d7179e339447ca22f0b15e4530cdd4679734416b2a4f"}
[2026-04-09 16:36:34] Lead stored successfully (both tables) {"lead_id":"012de882c90d1806153b0988173df56c0a1bc71aca58e3c104fe74547e9d79edd8bb343bf2ce2930033144c8c606e79d58c785acb2088ca0fb00f444ad721ef43767870728b65acf75109521"}
[2026-04-09 16:39:06] Lead stored successfully (both tables) {"lead_id":"012de882c9905b3bddb01261b39d3558dc71edacf03ad593b1e0b7e7922d9d3178044c496a050a872a359c4ec549ec69b10e0fd4cac5e903650364866adab25484371a7abe2003d119358f526a41ab751d100ca52017e22e9c057e974b4cf850d1ebcf0b5514e32942492aa5a0913ed8"}
[2026-04-10 05:08:20] Lead stored successfully (both tables) {"lead_id":"012de882c9f9f590ead3ab4319ef6c71e3dceadcdb5efa245d2f852fcd6ca0f05ac6fdf117f3f33610b676dc2728b3ba8d9da83d6597660571cafdc933119970b5b802e8afe2d76b7a3f98ec7ceb80c723c2091be7296d2e60b5aa17dac7767994651b577b3c4fc0fa2ae2a65f9ad20e"}
[2026-04-10 05:22:46] Lead stored successfully (both tables) {"lead_id":"012de882c93e814b9546687b731ef150f460e9dfd9969887caeb6369854b343d418ee7591e14ba0d74744222cf7fabf8c23a612f4fb1ce69519368a2113c0b86a47bd27da80dbb023868fa03"}
[2026-04-10 05:32:49] Lead stored successfully (both tables) {"lead_id":"012de882c9bd0cfafc734a86aa80b950e61ed7aa551f338df72fa4edfe211a529f4a04b38e899d092d78a26d4d953dac85083e2c88c14cecb924802e8b183fd0c3f90e89256000e349ad989c3c6b6715e6554a1f1b59dd73525b147088f6bc8f8ef5c232811d8889f44dad441bf15a5a"}
[2026-04-10 05:45:34] Lead stored successfully (both tables) {"lead_id":"012de882c97601219445db3e6881df0d1c28cd7b90fd4072742254f78c3d6c907b6597434222c04ef54d4306f62701fdb5d0a17ec1de206429d8e063f4557ffebcf3a31930e434a7d1380347b0762682642935edb56ad47ba940b35971d90e36592ddd57e49fefe18c3acabb073eab17"}
[2026-04-10 06:47:54] Lead stored successfully (both tables) {"lead_id":"012de882c98c3e9b39d07f9975d13ddd09b69363f9bae65009a82b653cc89e1c16a30c4d4cbac7b3d6791e6dfa9083ffe5764be739fd00b5109580a3b9d82e28c36cbecdcabb782c59f917add3b58a5b8a3825ba66737349de70d8558be86ad7b073361418f71401753113a3c3acae6a"}
[2026-04-10 06:56:40] Lead stored successfully (both tables) {"lead_id":"012de882c9672a8b6acde4a5da3c1a1c6cb9de42c64bf748634141bdc645744eeab2d339859ef7a136e90a60ac42242b8ef5e985cec7395e06117555a343168ff8312f017f77058e4761babc691f849836151ffd30b87748836188a4b3d37e493634eb7e12fd5d93f02b64d38ebc1070"}
[2026-04-10 07:19:57] Lead stored successfully (both tables) {"lead_id":"012de882c9468488b91408600415c380a2e73e9e898c73f6cbad7a12bafc4a8576eac5b3b07393c58e5d1fa6fc5581b7778bc7542e8faec5def33ee842d6ed2b1e5bb7e63a2b6b96f16ecc16ba8e9c2120c7331cce14080802a006a6063a395c57578f1212579091e15106408fde2d9667"}
[2026-04-10 07:50:25] Lead stored successfully (both tables) {"lead_id":"012de882c912fe5d09104840472e1996f0a08fee433ec9122e083548a7e4c4c52f42a92e461df74e64d99e2124c4254879cdc3d9c05a7f24251286d3a0f97073b7c0a04830e79b05b103711eae38a8323f1aa7543773013b631fcacf5922ba732dfe04d65bbc268961f7071b8d47ecd87c"}
[2026-04-10 08:10:11] Lead stored successfully (both tables) {"lead_id":"012de882c97b1a5cae8ef8709a2aca9f962aa1ac38a0ae578fc9b96cf079366428768fd2d0300b1ec318eaa751aeecab941486b55f3eb9a91245eb14fa8df52aafa1c40bdf452f1fa5074432"}
[2026-04-10 08:35:15] Lead stored successfully (both tables) {"lead_id":"012de882c96be4e627ba7258a92973d66a2b26ca52860ae11f9073353cddac1760fc5838e0af5842a34e31291626227aa79efe997cb386f80bbcac38a53f0dd6c3685309ac6ebd7efa6516b5"}
[2026-04-10 09:08:53] Lead stored successfully (both tables) {"lead_id":"012de882c908735c803e2545ec98124a90422cefa419a83c73b38e1472e36008ba9e90247154aa55d0c96c58165df07b21819927d4e13f1387089d892904d7dddebb6df6081fd2d471f380ce47ac219dcfb16d3ed169c3ed1547a88be04de87bfde9634470f3a603fef5200442e1073670"}
[2026-04-10 09:19:30] Lead stored successfully (both tables) {"lead_id":"012de882c915dd26e66d2fde4c03a681bf5ea93918eed586e58699499f3ae8aea111c7ecaa69b5991a0fe551e77f52b51cbee0c9c77d13a0a6372926ca215ecf3f90f4f0ebd16ef63f146276a537025de16b9a0a346c17d755788bdd358e6aa834e4b0c4f3692e17bb09aaffc3ddf90e61"}
[2026-04-10 09:26:58] Lead stored successfully (both tables) {"lead_id":"012de882c95fdc57d4ed5c35d1d2b9ea5f8cbf5c1f2bee75292dc540a28281029596375ba9d7addc13065b014d33670b593bff36be03ac8016097435630b5eff761330282ab3e1c2d309b1cdabd368e5bbdc5b1018eb151eb80f2f042ce48ec20effbeba3d5bdc326fa240bb1ef257d9f9"}
[2026-04-10 09:33:11] Lead stored successfully (both tables) {"lead_id":"012de882c95774480a80c45b765979f460ea81d0916b533234355ca6acb0ef4090ea12bd4ad1cabe7b3c2c9e6f6815502614ea9c94cb7f8663bc12d41c44ed877dfb5d6b0643fbbfc866ae7d9e034c34e6c0880ad097ed1669a29fed4a05d2b37de38c36c3da19c3c905276ceb73b71873"}
[2026-04-10 09:42:20] Lead stored successfully (both tables) {"lead_id":"012de882c90668ba6f7c8f9d9b73d5ec04b4a298dbfc1e04c064400ee82f047e29ed0d65ee71bf1d7d13c9804b8c5834891fb0dda912ce0a5fd6442b7c60a17ea8a2e6030b0b41fa8f92ff4545b2ab1f98a56b0deb7db76aa4bb048092b0875a8fff60e0641223d7c3db0ae640abced9e3"}
[2026-04-10 10:34:53] Lead stored successfully (both tables) {"lead_id":"012de882c95e9c2868fbc6adad01c3cbcf0da73fb66fe477711788b65e29d6598ed0cd09653865649ecb87f1db7c4064b5ea011a9f4cbfb95a86351614f49ae6c2b83ab2823514b758b8dba8d603f5daf85677ade6480d160803148b4073920197176a6df8f7357f9fccf342edff618d68"}
[2026-04-10 10:47:48] Lead stored successfully (both tables) {"lead_id":"012de882c9f752def6afd9cb081e6a3d2fe0cb551a50c45efa249708f50aa80c8def15cafd314cf483a5f9bbe818211e50b848c759247f7c05591266bfed79103c83edf6cecf7a73b0b5efee9136ff9fb2a577123ff5f35db0f41e78e35d324cf69cb827bda0dd0a73f4d9093f34ca96a2"}
[2026-04-10 10:56:06] Lead stored successfully (both tables) {"lead_id":"012de882c95f20d9f837711f72eed0c22b26a31a0939b5a35df1ba5fbe592a783a1cee9879d69cc4706b28b9f56d6bd4c2597e2a2075107fe044fb27d78542ee44862d9497a6eca497a845251b474e8d5b05352ef69a06cec7992c263efcf116d3bbe551642e11b61957bfb0f5b2c64de3"}
[2026-04-10 11:45:30] Lead stored successfully (both tables) {"lead_id":"012de882c9c9c61ed81c01ffc47a24f1b7941f8236fcfc05e741c54758c47df160ea9cb1890bc047fbfadb60d0f6346ef5d500dac4c0c251a50b2a0ba8aa1b8924e74e52055b7e4501217337c1cb0dff56ca7d186537a838661d1ff3780527c88e2acea5d993061216421a1d2adc45c677"}
[2026-04-10 12:01:52] Lead stored successfully (both tables) {"lead_id":"012de882c9d2ce6a4feae0793d4c4d09c3ce117fcec4e78250f31ca228f9c0e45e011b5f1de508428180efda932c9dcd497488e740a2a5e749e915a310c9bb53debc7787896951ec22f50bbb67414deecce9c80fdea91efbed730e9be33d0d5651d263563ae90ac638f7afb8c70b9f9923"}
[2026-04-10 12:13:40] Lead stored successfully (both tables) {"lead_id":"012de882c9384b0c58e8f1ae3c76169880559e3909628f1482a052d2c72492acaa5c64d5bcd924ddbc219e90ff6cca1359b64c1f4300fdacd48e29733f0d04cd958044c0b95d4e8d351ffff91dbe02fb7917837646438f186e7bbc158e7802e2126bc1bb8b3f4b0b9b35ab232ee7b57b06"}
[2026-04-10 12:28:31] Lead stored successfully (both tables) {"lead_id":"012de882c9f3b6566a4530661ef95a9e1f78f4c1c079c89c2f9af53bf11030f010af7ee594db7435945347db2a0b433bfdee1f6c2e42b4d29e8d7977054f8e5e36e95fd07715f1dd6b3946b331f1e9ea29a8ed72df3364d2b4911b4d50975fd84dfaed541d4eadf11ea74a7f4956760b53"}
[2026-04-10 12:29:09] Lead stored successfully (both tables) {"lead_id":"012de882c9833bdf4a1c45c7956c7ec54bad51ed7d2ca715bc35008bbe5394f7532fc5c95c4d80fea8dec4aed44d2142b9378d24bce1fe80602227487f01c60243cbdf08510ff6524d265bfad1688c82f5b45d23d4f0a02e67d949df0728af320a1456bae9c26fc539d640c0cc3cf7472f"}
[2026-04-10 12:41:26] Lead stored successfully (both tables) {"lead_id":"012de882c9b1f3b44250a86b3b5322846331b753d570604d39256527b6b7eccb5b1f251fd71ac59cd98b75fede4abae1031618f0642a4e777a522f8d417692feaf2da77d589af94329d840c082ead6b986a1feaeb455ad8baad8917a2e9924b4f6dcd414318529ea5b3e9a6f881604807a"}
[2026-04-10 12:45:53] Lead stored successfully (both tables) {"lead_id":"012de882c90a50aa441690317f836ccff2da450736b7ebbc8e4d727b5cb6a7254200c7d8a4ed882bdc7ed3c2ab4e1145217e264c8196c8a7064b4a7c861704331636613816f82bca1cea8f7da5c7a1bc582a53b94b734b507a4e471512673ff47e497ff3d8a58ba45fd75158a16c088b01"}
[2026-04-10 12:57:58] Lead stored successfully (both tables) {"lead_id":"012de882c93c9fc916e4635f72562c7f366f2c12fb68a3cbb33cdfb8b038aa0e5fadd32a778deadc3f888a3a0c2bac986d3c0aa5deae9c8eca1b30b307d1af4255b15b2945264aa0e61ddc7c6fc193f10ddaf87eb05664f98c8f27cd31947bfd3e1cf30c434015a2fafb2f8845aba198e2"}
[2026-04-10 13:09:17] Lead stored successfully (both tables) {"lead_id":"012de882c9f1de42afa8abedaf4ae77537dce749468e705862704d9e09d9f7e51e52714d3965bb4a70c34bb089f7e0e2da1c653916b706ebcaaa27b8f0b23a1b9fa19d8e4ac2c72b3d0275a133ddd18e6169f8602dc0ad7b9b4577eead829be01af7eec14ce44d841adc6f71132f85bac0"}
[2026-04-10 13:11:05] Lead stored successfully (both tables) {"lead_id":"012de882c9faa91bc6cab994a0c16eb297a3a0262a63767e57e33adf16ab776f9d868809a3911da4d7e1d62072ba18d4b89c278361b52081b711ad3fd3664763a0fb2d41f04c31b7a13229fc8abf0b2e7487c936f1f873e1446750e2bd50c6e1b18fbc4532cbeef14ef422befa576611b4"}
[2026-04-10 13:14:18] Lead stored successfully (both tables) {"lead_id":"012de882c97531263223c2f671542c4f4273f0b09049412620bb4d470a8b4761fd8bc7b45127e54d904dae12f303231adc1d0535307489d0112bf8a40ea9d8737977aa0c2318ac4cb9c918919a8bc46fbf3f3eec6cbc6ff6bde8943f1260d041b222d1efe59b942710024427f2f4dd2f3f"}
[2026-04-10 13:31:29] Lead stored successfully (both tables) {"lead_id":"012de882c9d7f032f89f6436398ddd9eeccc462d19eef90625e082aef5960b8cf3c6bf75aeee09f4adfb45d855a98f0ebe067bcafbbfdec81beeddca9e79e65458b14ba81c0fa54ea3b97dfeb286c722c09d9cc4685a9030b0d92a12041911b6e72f9387afeb3270dff96433941355ca55"}
[2026-04-10 13:46:18] Lead stored successfully (both tables) {"lead_id":"012de882c9ee0620a6663a3601f3ed6f7d942557ddb25b5c54acb79e95b934c3fa9d24074b4c647993fabdf189a8d0299ba72768b024ee8ed484bcd5c446ad6d66dab8cd17d02dcb166d831b6ce821ef00d8b59914a1d80e1e5419795dd182995849b5266e10b90f7ee7fc08cda197a69a"}
[2026-04-10 13:57:02] Lead stored successfully (both tables) {"lead_id":"012de882c9a9e80eade82865d4c12e2c6ae479d9117703e899b2634fa777db7e1471533453aed3f6153780acc614c2d9e89516f9d243097c2dec34fe804ccd08d028d417fb3f3050c44f92bec30c7991c58e8877325267c1fd7cf71b48f7bac28241959275cbb50dac5f33f2d6efae2b13"}
[2026-04-10 14:12:55] Lead stored successfully (both tables) {"lead_id":"012de882c9810c0d74f595e9c5ba03dd8daf94dc215dccaa4ef0e10296680aab8f68191a729c5a00c0616779879e233d3db6ee1e0cdffa03a5ae9bd06effeab53cd4bf1ca2ef93da507ef7642ddbcc3e8b00557cdc4d95621da1fc482b00bc653564bcce1b6a44705087028fcf287d0ca5"}
[2026-04-10 14:21:54] Lead stored successfully (both tables) {"lead_id":"012de882c9aa6ebda62cfaf2878d6d119e1f812f898be6a0dfab23ab9cc42c3deaaf21c09942119e205122527642e6acf7857f5666d917cae07baf1ac6c3240213c5b300fe72b227a0a49e0ee7bcce36f16582c925023d96a0af65203825380a32138acab2d6dc952bbfd7c08e35f09f25"}
[2026-04-10 14:26:41] Lead stored successfully (both tables) {"lead_id":"012de882c9ec9bc1c5c6b587a2b853e84bc5600b0a8cb020198d4f21e916a35ef12ab31ff08abe3735b5196b8567926f175daee50bb77cbb8dff77e1d7e49bb1961657e7ce0d418ff4dea8ba"}
[2026-04-10 14:37:51] Lead stored successfully (both tables) {"lead_id":"012de882c95c81984f85946f8f5e59e27381723d9b18481893d370d24a0bc10e5e52e311ace8f56a63420c3c02d09a962426bb1cd9065c1e3b10b749f1c2989a0c2876322220b2956512c987fa3e2da36180f320afd37402aa74f647f2a5079567fdbb400024d0cf705c43bed39e28bd09"}
[2026-04-10 15:00:50] Lead stored successfully (both tables) {"lead_id":"012de882c9d2480b6afc272a6a83621fec00d40632f4df0aebe17bb1e61c74ecce6bbe47ff6771d4c365e470412568f4f64b964ae9c954908a13f359d054c4c20c598cae58022951f0301bc44014e107bccda46542576c1a2e27d718309fb27e681446400877653acc3e1131d58c7bdf57"}
[2026-04-10 15:05:06] Lead stored successfully (both tables) {"lead_id":"012de882c98cf6f104249caba82d68d1259469a13ae50b5796fecebdeb3954ebee2257039a78ca7f65bbcc036dc6ea772406dc58fc2c268a898754f843e1623715d3e6cdc76cd3247d2c787c6230be55a7021403647c983f9432db85b97ba385e4ca5341733c176acca15bf22427a3647d"}
[2026-04-10 15:11:16] Lead stored successfully (both tables) {"lead_id":"012de882c9093fd6eee9d9d7744021f7bd66a001c7727f0c5c8c90448882a12df927fd65a2df30854d9466cd8f480299927b9061d8b12376c11e9a5cd79ba83364ed7a36602ce7395de1585d"}
[2026-04-10 15:13:42] Lead stored successfully (both tables) {"lead_id":"012de882c93525e4715d848795c6a6bc88580683bc07383ce1f00729dca10172155a2d8d73115f94a5aa805a6c68da236b1c2b0287a7ac4c0899d945e4d0198b80ee71243dbaf2e74d1ebc4c"}
[2026-04-10 15:24:59] Lead stored successfully (both tables) {"lead_id":"012de882c9eb475ceacbe20161b2c80e94dd587534fc5e440956293e6257762dba6ed6f41d926344cfbf24ff09ec00d2d1665fd91dead2b7e8798c790cc8b62c8b0a7361ba0297f8d1d06927"}
[2026-04-10 15:26:11] Lead stored successfully (both tables) {"lead_id":"012de882c99df2e1d775536f31d30d68d3bb9cbc19b47b2608247e7690e5d56dc412910c6c1e1bf7e66a70c871f27ffe5fd313e19fdf3a6730bee0e252fbe038adc3e916c38c04b18271905a6794f83ba716bbdc75c02bb15af6d946838e276285820338534b967f085868e582bce8b60a"}
[2026-04-10 15:26:41] Lead stored successfully (both tables) {"lead_id":"012de882c9d19d55e243437157b65e5e6b48e06a31d431818f58c4d7982b55424003abb5c1bf08496fcfa973f694c18a76e070db29e302fa6538786872b5049bbf8a7e6e2d3674c3b4abed5a3e53fa0efafc8796587b6ed41d0e51dfeca0bb334bd5c8c62835500e97ec09476f7d1fdd19"}
[2026-04-10 15:32:56] Lead stored successfully (both tables) {"lead_id":"012de882c9d5b6efe29e6f8acdfb89157f0106d5f300625704427ca4cb15dc2362f1945acd1cec7a464443144dbcbf70c4e15ce491dd8eed6eb755ac80fcab4bd5808379272f043ff8b62097eb94316cd4e831964caafee06115d23060021a3b1349b5727da926a0177541195af31d34a6"}
[2026-04-10 15:39:06] Lead stored successfully (both tables) {"lead_id":"012de882c9b6818b517d23d8ab268a2967fc2fef1ae4f5034804fcf52f33876a7933c43e18b871dfb6b3944423d4d1508b4fe2a8836c300f3f358872d80bc252dcb70997f4880e0753c8c7d147981f300fa39f0354aa744aaf5008a09795634aa4de1c640dc42c4969f8a47e73b24b014a"}
[2026-04-10 15:49:15] Lead stored successfully (both tables) {"lead_id":"012de882c97d75f109eae9fee8573850733ba4deb9f6553452450455631cb86158c27fc0450aea7492ddde096a3bd49d51d940065330636e294d266abcd832dcb7e49b9c0c351089df96ee68cff47ef5acbe233bc6c3bc8e35e8fa7b2fa3def69548f805b3ac434fb9e77727b0c686b382"}
[2026-04-10 16:26:45] Lead stored successfully (both tables) {"lead_id":"012de882c9f03d874f6eacb515b879cea1f148a0a0eb4595afd5b12b4fe20a68fa4336e954a10d7747fa5efc89ff86af0962fbb9cbac35a0ae4abc4fffda2a0a2a73e1c73259b0186a24f04afb9726d75cf11fa3b65843e1ad649f154d75d6127e51ea9850370a559eb3b968572a8afcac"}
[2026-04-10 16:29:20] Lead stored successfully (both tables) {"lead_id":"012de882c9b5b06bc32a3f842b4675058491b24a15bb4b60c08b86ffa6713a726a9d15fbc3f889f44d63e797a8166031968902b987841630ec5d17931cf2f0caae620275e4aaa8d739e951e7f89c3c5e28e8d7f3cfa73067547f7073b267b84b36f9d216831bef425777c13c9007a31952"}
[2026-04-10 16:29:25] Lead stored successfully (both tables) {"lead_id":"012de882c9370c424697b853d4a937fab0a01ea160b84c3a3d296a3bc5f4264e5aae6a28e3876cdabad4ed3cfc998b304c8da2a9b4fb310188cb8e6e7210c3b51280376f382b4580920d8445"}
[2026-04-10 16:30:18] Lead stored successfully (both tables) {"lead_id":"012de882c9b87acd2751d2d5686ea1402fc086c533b1b7b5e4dd915271ae003972f8877b156eeb860bbab3c2a479c3b9ada1160212e0b9d38d68c70426fccb5a35a807a053b337718c6e08aa"}
[2026-04-10 16:44:05] Lead stored successfully (both tables) {"lead_id":"012de882c96e5b3f8ab9b1797105a1ad467f240271aaae6be8e03a6822874d9d0749a1d5c2f7ebb97a46a9a08cb6ba90a6572f5507145d51390ae0d06009087b005651cc96aeaab89cf703f22298c9b9c91b0890bce1287e03f6eeadd8530f775a9334872fb3701742ced6fa3fd8d0586c"}
[2026-04-10 16:48:39] Lead stored successfully (both tables) {"lead_id":"012de882c995393ac6951dde834c36f3a298d82ef1a63cb0988b275ed2e3d2d769741afa8252a3ead6c0896877e0be8a4a4202062f67d6432f62928dc74cef925bbeb783fb109f479bd9296978c6dddcea752bc48081f7d178945413aae2121bbd4f6d80d5a13e94231e00dd33cc9b4c29"}
[2026-04-10 16:52:14] Lead stored successfully (both tables) {"lead_id":"012de882c9c8472ea994ad4dcbd726bb3c7e32f54e00ca8ff0c849be58681903f4cb0af0a01e29a6d9f09d236057995e3a58ad8478b0aa6505af22a591d9a6f3b941b34912f557af30b204ffbe88649f04c9d070b8a1fa7cb5d5d3b6d5a05cfb3065ac5b4c258ec779de9d50e3de08768d"}
[2026-04-10 16:55:56] Lead stored successfully (both tables) {"lead_id":"012de882c9a80092fcb6c08d3af24f2ac4db64c157eb70779e3d9aec91a6e92ec212bb27bc5e664031a13ae2d0bca36d3b1248e0e80eef70108aaaa032a01b1f1dab57b781f6a25104eefd7c"}
[2026-04-11 05:14:06] Lead stored successfully (both tables) {"lead_id":"012de882c93165ca85a4b71f5fbf474f1125aca3ab1548a98ad103772e240912f085afe82106a8e2d317eb2e746a5a9882b3b2014f013ba234bc9182381d5facce391b03108de5b942204811ed78636d4253cc0fb129f22fd4e861e5b69f775910c896e5912a8b6502612cde084868e6d3"}
[2026-04-11 05:15:10] Lead stored successfully (both tables) {"lead_id":"012de882c9d064d226975d6ecbf7bae14201fbbea1e63f33f43367a04185257f9b0fbbf1f2c0d0b058a6f854cfe14b192460f5b94f87b01035f542e58cd1c12fc6088b2bf76813fb5fa651994ce76a136cd2b7a5e392fd4dd1ba6a3878f5473fc87f190f91d432a23d94164e68d252e0c2"}
[2026-04-11 05:32:25] Lead stored successfully (both tables) {"lead_id":"012de882c9a45671bafedc17f4caab5eeb8b4970132e9f69ed6d534130018ad638c9d92548f5cc503acb11df80d03439858f1a18cae2e67755f8bd97f34570c046a8a3c62a90acab21db9df3f654d1ab82c1b05c9706b810c8fb378a629012ac7e49d9bb50617eb28cab91b6f77348fe71"}
[2026-04-11 05:44:20] Lead stored successfully (both tables) {"lead_id":"012de882c9653a676825c4a5b66f7cf5caa992ae72d9971eeab561cc1fb00d55ea41869fdeedaa389f28e9ca7af5128eece62fa532d7368962d596526c333b203fb24101504a203abae30a79afbe11ac2803de8e467899c45e3e7a2130a8a236e89cd9f76fc8f4a6acdebc2d20741e9b4d"}
[2026-04-11 05:46:51] Lead stored successfully (both tables) {"lead_id":"012de882c90af8c9973924959bb9ec1dd37de9b06b27732a070d0329687bc817ea12d203d80da4e407533281d47c1e8600465e94f3590fc0e35cefc3a67a0692f44523a9a35fc970b491f890e67874854a9a1bcad05db28388f9c986e8bde2ac6ea4d1b941d6062eaf586a1be9dca770b6"}
[2026-04-11 06:24:25] Lead stored successfully (both tables) {"lead_id":"012de882c97ed4943cc62ceaec8de93c6bc705e450c1d71825d8ea93a87d2fcac0e5e2ffc86511617114dee769f06928335c0116a052fdc6ec7f4fef4724c0bec91ead797ee5855267aa01e85f6287dcd461df75a69e8f5aa0af63d24b67ccd887bd58308a02d33996598e9b5773ca7a97"}
[2026-04-11 06:29:30] Lead stored successfully (both tables) {"lead_id":"012de882c998291819f2d1abfa3762ecb52858d382d1dd937ad2a238858c900bb3c11dcd264fe2d33e676567d64d1001acdd2ab2696c6e3b0f9ac3de454d6c3aed05cc39b565c5cb17e5310988ed38b5449339987a8af107537047166f3c76a4fff5930e43bc8fcae19660fea0af3c3f0b"}
[2026-04-11 06:41:46] Lead stored successfully (both tables) {"lead_id":"012de882c97bb45d8577f2c4fa6dca0fbc8bb5bd05c60baa56b09c9df1594a61ab62b4e0da0939841880f025b84899fa6a6af4a87a14c73f51588c4576dc80d739e97247a197426249f58badc7356bdce5658ed5d8735ee9632614f33145b5f14c241894d4007c34a2240c8f78db25a03b"}
[2026-04-11 07:10:46] Lead stored successfully (both tables) {"lead_id":"012de882c95a912227b494ac03425e87bb11861f1318d4a1f8af4179d479ffbbc29d4bc3f0bf69dd5a8ed86b26c771e1fb9e97965fa1002d774f5859f098052d5f71bca18013a0f79e5d3d2128f469b6e2002f5d071297d5c0ccaec52c6f6f84d70f7b4bcbe7933654ef1e61a83228ac"}
[2026-04-11 07:26:34] Lead stored successfully (both tables) {"lead_id":"012de882c9e4e74ebd607b539c27d86fe23d30459704edbe520b267b78574ce8090fdc5ea2afc40cf91e3c5c9c979a0f4409534cccb3605beb1636306bf920a4c436e482ac22f7e786e68884a1b62318d5b36c15a4def6a39d62e4a98e410468a57427c09d268753dc8b2ea4adb67981"}
[2026-04-11 07:33:04] Lead stored successfully (both tables) {"lead_id":"012de882c9509176361aa4edc25a6eacfa02174fbcf24b260f97c68880770a2cddb743e831f889af5d8a60caa1814c261e89080382c6fd887be2c468beb6af6963e87c7c6b8d23858a5d5929872fdf5e496d4737dd65851b6c23da47c49b827a4b594b6528150fce72ffeab1be8e4059"}
[2026-04-11 07:36:16] Lead stored successfully (both tables) {"lead_id":"012de882c9b7bb9b521bb04e906835adf39a339620f61b6f6e5b8e480b17ad69136c2061e2932dbd9b87851d2f58b9091901d9942222fcd4ca060294debb260f0ebccc7bfcccbfe63679b72cda4703606d0d3585dcc19300ea61592023b9de47796f1dd95908dd559cfb25cb64ff4490"}
[2026-04-11 07:39:09] Lead stored successfully (both tables) {"lead_id":"012de882c9ed9d15b5f147aaddf47622aad2ee632e31281d8f3467ef79d05ef5315c0b27c0024fbf787e9848deb3afad57f153c897a7b27da9b75b927917dcded114183ca0f6f7c51eedd98c172ac60f9f650186782e20c055e40397af864cc7943d4212bdea6b50c8d7ffb57d064c5b"}
[2026-04-11 07:39:42] Lead stored successfully (both tables) {"lead_id":"012de882c900195b9faf692134dd657da3bf60ed556d4ccdad608b79de229652f8fd097013ede4864701f02ae0386635b319079315cb7da80f452967d083d6d5b20b9a0915d5f17230c01bc14ba350aa72567faca8e083554046242bd93eed6ec7d57e0ec8a10732c81e1e9f43458eb4"}
[2026-04-11 07:50:16] Lead stored successfully (both tables) {"lead_id":"012de882c95cb80fffb692b423db3bf7c3c0cc794730bfe0d4b5179ac96a19bafb9abae2d0eb31e5dbcb9c5a1d9f297869190348833ef6d0d386cc07448bc9bc56de69434450acca6963680cb38ebc0f308c5edbf9ae3262af17bee9530208977ad1a760fd8b5a52d1ab430d107a5c91"}
[2026-04-11 08:29:32] Lead stored successfully (both tables) {"lead_id":"012de882c9e689fe8ff771dddb995f7bea7c776e77a0db2c913a10c28519fa2c5a3536eb070823d446838975619f3400aaa3d37c6b2c50370abd4699236d40405568708a52bca9e3dbf84b91af2ea53b54aefcaca36c646bee6afce60c5285e766917be5117ebb1745961894780abf79"}
[2026-04-11 08:31:09] Lead stored successfully (both tables) {"lead_id":"012de882c9f58bb5a808dd0709c6bf5a99853d237d2abb47f746ec50ff956357af1db0c95aed1554344be386fb1a2603cb6bf9461da129de7915d44775ea5d20ec8fa5c422655c754606168def6d77fd6b5d7c90ca252112f89dbfe64c86b6e64ff829132e3c32ed609e51fbaf70dc79"}
[2026-04-11 08:39:40] Lead stored successfully (both tables) {"lead_id":"012de882c905e183f1818752990af69836132ff5280097bd5393deb9135493f5edcf89755160709c58e4adcec407969539643fb5d6e5736e0a049f3151434d5958e6f02cd4f3fb46ac3ce451ccbc4b518c910987e66a89b6194bae3e2364a186e206c6ef8b253423c4f43d7c9e812893"}
[2026-04-11 08:45:06] Lead stored successfully (both tables) {"lead_id":"012de882c95ed6af04489bc7cf83958a29fd9b27a85eaa9c41d5728fdd13fd8410a5d8c4ad5c899340490983f045cdbb3ea8630f7e3b8f8a337b1e549a18af2c39f8c2dd0384caad9728d2ad188d0a64d2495d8133770e7f43052ab4df903def65e2b62547d434e59a193558938296c9"}
[2026-04-11 08:52:59] Lead stored successfully (both tables) {"lead_id":"012de882c9719ab83b737071de6c5890ac031e09eb7ba4832e4b44ce6930d48409ec09abbd98bffeffcb5645e11eaef45735927369b67d694d06a072ca7c4f197713deae52dba98e5aa7fcac51823f56449641117683c3e2aceb9e5a6355a8aba0b9547f14d11a20405a30d53cbbc3db"}
[2026-04-11 08:53:14] Lead stored successfully (both tables) {"lead_id":"012de882c917754bfd0096a0f1337a0f77d90dbdcf4104214b91eeefea3b2f86c536791d24ede50fb875e7274de3404e7acb1927f4d480021fd029436e590397e43efd4506afa36b950d4f32e4e428f6043f7040e852e9e8bc0785bc0474ab473273744fafc76aebd77b7b8ac723d925"}
[2026-04-11 08:53:38] Lead stored successfully (both tables) {"lead_id":"012de882c9875d7bf12b46bec15bf61d69b673b5b7070389eeb6853247f55f77b9081e3baf743ea109e71161f5bcaee7f66ba5581f8bf7f1d1bfb10f1b29fd0f86920c100998948a57abc07b560d00457ce230100c38482ec73e6b20fe312ad4dfb1e9649899c2a12c176b67e833ac92"}
[2026-04-11 08:55:31] Lead stored successfully (both tables) {"lead_id":"012de882c93931d05c54219d87e1d1d60658883cd57a06820127abc81101906d41324cf4c5c49cadb4a9f83f42061d5bcf9c9333fe06c6a8ef505ccbdaab3f04078a0ed4806ffd3688e3bcbb6fb38d99101218fba27d3477c54e0fab896ded71250843c456253699c20f6fe3236b77f6"}
[2026-04-11 09:01:48] Lead stored successfully (both tables) {"lead_id":"012de882c9aa9dbe05ee6f489fac5cc707d2651430d2f04d333cd835b8d5e8185d265960d6c7f87833d83529703ba1cb0c7fefe0bd13bedf5bf14f99a37452fe5199fe48e69f85d2c98428015c2114fff46c3ef66fbe01aef26e949e7915a67f7e0d853a48ed0a473a6948778b306930"}
[2026-04-11 09:14:52] Lead stored successfully (both tables) {"lead_id":"012de882c97fd16a576f5ddce8650d485a4f9cfcee77b003c8da279ca87746727df73f0a21ce8094a70cd816a69c6a2caca3da9f6dd65092a543ee9ccbce0a840357d99887ec1a056b98ca496085868c0ffe3dc340e914bd413fdfbd900a1441f6eac4495d8f41acf3e028fc2c147c8e"}
[2026-04-11 09:18:54] Lead stored successfully (both tables) {"lead_id":"012de882c9d05f9d6ac4626a140e61b539285c4babcb111bc781d27d1a4e12918e802e300d232daaa80cc0ab24207a094e4649d7c25434cf66c09a6db940da11a1e1b86c012216724563ca4bc2c4953d3320f253aadd0daeb314bca224ce91a34d3d086e15269238aa2b493dd1eb8440"}
[2026-04-11 09:25:57] Lead stored successfully (both tables) {"lead_id":"012de882c99da6d5d1b8f9148c0d6db60d857de3fe5e274e76c92100c4393f97ab60323d5f40f0c1ab54c46d2c9aaaf6947a0d7d0812e3bf5979ada904ba2668956b4b78f7020c4b21b97c6fecc85f5ab53de1cb05859d04fa1361ce620397c4d4a816ad013fd0fbd3dc02d094b758e9"}
[2026-04-11 10:00:59] Lead stored successfully (both tables) {"lead_id":"012de882c9e1ad549ff1e7607f01ff59eca49b2c16a3a1eef4efc211fe2591eebf2fb9dd5ace5ad6c4fb09948b5f4211402a2242e33f5016257063e9d1e22dbfc913318906512662d284ce0110b775e6bdd36a49d52b17f2e19be432f1b1ff3394b52f154ce04d0cad3b42880d4ed52a"}
[2026-04-11 10:02:13] Lead stored successfully (both tables) {"lead_id":"012de882c9d2001e8eea3b2fed41f6244b017d9fae7b7d11e456f210801c2f066002964cba4fbd9b158607d8fff90cd06bd3c4e55e80c8405b59500a2d3371e67e67a471c751b8a077054bfd9295af019e2dd0faead6a72df98f16c8472f846fd2c9a51e4e99315102cd7c7816078478"}
[2026-04-11 10:11:10] Lead stored successfully (both tables) {"lead_id":"012de882c9a9bb25697b3b22d36ae85c85ac9a28e624ff54e8b94cb1803c24b2159ea3ec40c8f6244c0ab86e7ba47a443074ca9841ec76802e3ee2b5932f128119acc3527a1aef592ab3a9cddd946690703bcb7c43ed5c4af90be4c1102c11fa78dd68f0c45eab5b49a9ccf0f6e2e4ac"}
[2026-04-11 10:11:45] Lead stored successfully (both tables) {"lead_id":"012de882c9ed0ec379560bd2cfc95ff67cdb62d57b927662a980621596eb141facbeb984dab7198d47fc685477b669ed4a6d75d6fd06a0146b28fdc8be9c7c9594e7bdc12076529bf3912981157d70c7a630f7f96ee8e1438384a8f1a7ddb4bd4041508694cbce96802435e5a28d6fb0"}
[2026-04-11 10:21:51] Lead stored successfully (both tables) {"lead_id":"012de882c92557e6fb870b586862bbebacd369339bcb1a9a850f8078b189f1570ff6238cf2f1f56b8cdeff50f9bc524add7e2428782be02ed9b2bf42b6b6d3eaa21b34524d964e627a274882cf0ae709ca71efd5457982beb4485cd6607601a617973fee8c53595e2cd080ef702dd0b5"}
[2026-04-11 10:35:32] Lead stored successfully (both tables) {"lead_id":"012de882c9b758cd050ccf4bebb0076a0039a40cfd9f0780479d80aa0bd54084c505525cce67568634bf11d3f646e87aaeda8ee8944e005ecd6ced2f0dc5aa8b3f1fd24cb929b0e2ccc3b473dd9d867f3b007cb580b413f39e6784f3a1c6eee5a3b68d79b2f1d7123b0dd30b0812ecd9"}
[2026-04-11 10:49:14] Lead stored successfully (both tables) {"lead_id":"012de882c9ef97ec8ded8f2f2992abd54e9b886d80fb00821bbfe5ef1664ab5f6c104ca2276520715f15695f3f744e883ce50673e2642b22d479ac44fb56f70a83ae03030cc7dc934d058a77"}
[2026-04-11 11:02:41] Lead stored successfully (both tables) {"lead_id":"012de882c9451a914aa962921f0dc3b423f2a15bb757d6ecfc2e26c44a9aa4052bdea7db12006b476585a75463afac54f06dc5cf1310e00b8c09733799f7c04ff51c8fa3ced3548e0fdca3c6"}
[2026-04-11 11:19:19] Lead stored successfully (both tables) {"lead_id":"012de882c9738033d4015318a677d6f7036a9fe57d28a5f8329dad86c5e48b20a2d20b1542b22341182e8d5a231a6ec161e5d73a335add5185dbf0e5902a65ef14cecbb20e659b0a0feccc3039d7a2bb300c5d8b99d419e311a29c9fce54b7c36176802c2bb296cd070c2522d3798717"}
[2026-04-11 11:37:46] Lead stored successfully (both tables) {"lead_id":"012de882c97f3d5961b5049ffaef8addfae724244d1d646384bfb7799f0aa9dd917f5813f44b4867d1e3e2f32be9dc977be3af4945fcbc32726b72e5c4b15aa14e620fbab6327bc513750c9eeee21b65bb11af5c2bc7bebc4db004ee325598bd926bbb963822f1c93c2c7e35c1cc5d18"}
[2026-04-11 11:42:23] Lead stored successfully (both tables) {"lead_id":"012de882c9584c6f0325902774b286dcf8aaff84e92603c934d1788bc22193aef87bb746757a3b7763318e180e8e8fd8c90816cbae734ac09ccb318cc4359d8f3dfc5f9721064a464fb1f22aa666dbdb2064fd057b164f833cc78089a6dd0bb03fa0dac2a523f25044d7b8113a107379"}
[2026-04-11 11:42:33] Duplicate lead ignored {"lead_id":"012de882c9584c6f0325902774b286dcf8aaff84e92603c934d1788bc22193aef87bb746757a3b7763318e180e8e8fd8c90816cbae734ac09ccb318cc4359d8f3dfc5f9721064a464fb1f22aa666dbdb2064fd057b164f833cc78089a6dd0bb03fa0dac2a523f25044d7b8113a107379"}
[2026-04-11 11:59:14] Lead stored successfully (both tables) {"lead_id":"012de882c9ca7d67046916f25d30f4a9727ebf4164cbd7e634c5b931f1dad847df16acf774e64f15dd2d938073b86bcea2fdcd56758d374f4b33ac6d629db3697442d326b1de37a9062d3acd52462163afe3e432546023f451a5ff252705bd4187e4b01b1dad23127e7be6a8eccedd63"}
[2026-04-11 12:03:27] Lead stored successfully (both tables) {"lead_id":"012de882c9f8d32ff22ae8155633b992549514dc06adfa22cd13772cedf3d75de977e5a30f240e03955e3d76ff4f5885b92b57040fd0fbec1d0f2d0373463dd329376ed8705ca03aa692a2b8578977a986657a359af2c054bcc4837f5e41a57522362602a496124fdfc8772ee44f67ef"}
[2026-04-11 12:09:30] Lead stored successfully (both tables) {"lead_id":"012de882c9f7ccb4176aca789faa86e6cbd2caa898bd7475888734605bf17a894e881b7332ef5bc63daf437df37be23e4e40445edc4c225ac4bcb17b5631045d5fec17daedf16f578f28b84f160de0420fe14710f28ca3fbf40ded8e59b2a9f97f4107193d14648e8d054de5577d911a"}
[2026-04-11 12:09:53] Duplicate lead ignored {"lead_id":"012de882c9f7ccb4176aca789faa86e6cbd2caa898bd7475888734605bf17a894e881b7332ef5bc63daf437df37be23e4e40445edc4c225ac4bcb17b5631045d5fec17daedf16f578f28b84f160de0420fe14710f28ca3fbf40ded8e59b2a9f97f4107193d14648e8d054de5577d911a"}
[2026-04-11 13:13:08] Lead stored successfully (both tables) {"lead_id":"012de882c9ae84a5c6e6f379b5bba5ac3e5e131bcff7279e238f6d33fd6e344b0ea11bbb20ecb5533f2586702335309ea4a19b0a315bf48615d7eb9463217f5836beda61a48d56d32c6e31d6dc10eb3728aa53cfdf8f93261dbc499f4d292ea7422847293b5858cf7295821d15d36ae6"}
[2026-04-11 13:19:27] Lead stored successfully (both tables) {"lead_id":"012de882c9de2035c54dd84b5b90ecec3b6acf2f4a0368abb4d16fc0b98b26345eed3b775126f5441a65b9cc69ba9a25179428636fb3b72e08080e7a25b64d4fddd6221db64244be97a0464400f682efd8ce5190f4040d4e88cd6ba6517f7f6344b92dafae768228f0be62466fb4085d"}
[2026-04-11 13:19:41] Duplicate lead ignored {"lead_id":"012de882c9de2035c54dd84b5b90ecec3b6acf2f4a0368abb4d16fc0b98b26345eed3b775126f5441a65b9cc69ba9a25179428636fb3b72e08080e7a25b64d4fddd6221db64244be97a0464400f682efd8ce5190f4040d4e88cd6ba6517f7f6344b92dafae768228f0be62466fb4085d"}
[2026-04-11 13:24:49] Lead stored successfully (both tables) {"lead_id":"012de882c9ac54cb14307c8235467e384cc37350de78a160c6b18d90bc617599bd0dac2648688eae573d2ee692264df3d89b1c46812ae6fcd667b23667a99a4ea1637ef58cb71b40b6ec397a"}
[2026-04-11 13:34:48] Lead stored successfully (both tables) {"lead_id":"012de882c96a42385c7f9f7d6410deb6d95a41bb57a19074ce3b24668353e9deef5411aa1f3fc5c678368004f039d677c4ccb42a224c76717c25896926ed73be826b8c18fb3d6fe6ac3c9c1b"}
[2026-04-11 13:42:53] Lead stored successfully (both tables) {"lead_id":"012de882c91bb60501f17f75735f1de656008e3ed16bb8dc7cc24f4c9f338f15b94e95697dfb7c8cbd611d7a33bcebdb37f5552dca9b10950f44e1eafb1c3494edcb9041328140097b04b277"}
[2026-04-11 13:45:44] Lead stored successfully (both tables) {"lead_id":"012de882c9c37307d68c2147a4023be97ecc4cc42f46aa13f3e4ba9046a11f13438d8bd52b4847a0c71ccebdab83a795e04b609c904eae7d7ca543e7fd0205089ea2be9e94cde5bd9f5bb184"}
[2026-04-11 13:48:04] Lead stored successfully (both tables) {"lead_id":"012de882c92b0c4463339eb67184f75c83572b6a07eb995f2cca4c1683c1213589113dd6f8e73fcfdcfa178ea35a14cb62349143c04255a860ffebf4f73fc81dca2e938f3cb5fd9a105c46046d75c3ed6e47a557fb327608679b90175d094a6b48e4e2bef1a5b76ab7c9afb5d21516f0"}
[2026-04-11 13:55:27] Lead stored successfully (both tables) {"lead_id":"012de882c964505c01bddc0053ea0c354064bb70ce5ba8c2d31928d7f4f39e65a182160b575fbcaac70a9fd183319344b7a6b4183199be03cd5ee475377710443a128c102a992ee40674ee1193ddac855424caf06661c7728896c1c4264cb2af51f115a987f6a3cddb91d88f57769b76"}
[2026-04-11 14:00:28] Lead stored successfully (both tables) {"lead_id":"012de882c926de6061ed84f2654da55f471cde47b159f432d33d6a02f1763ed6e6b099ee51485b943f2621f7d88929f3a01ee08b50bed7632120a7b39603e2707daec30a4199fc6797e6bd5a3eb249e865e8336eaf4014a672d3e43308422ec5ebd5f4b940207fb46b4ea4d43f251460"}
[2026-04-11 14:02:12] Lead stored successfully (both tables) {"lead_id":"012de882c9b7f9ff77f54633c40714c9187ff0da59094f0625abad2936d48da22e50efe5a46a67d774b372e0f98a8a5a0d3d42d226b535d4fcb87aa1834b05d0bc4ac11e06ab59698ff9dd80"}
[2026-04-11 14:04:39] Lead stored successfully (both tables) {"lead_id":"012de882c940880f682550eab04b3138c0ce465374976685589af7017835ee09f4725858f77c2789bb9ea995952bf48a1209960af8f6ee8e8725227f20ddab3b1f23676ba6e5afb9b19680c6f06b4f95ec04fb1bee274daba4651836ada2e14435c36b37d2636e5dd0f9d61871989ea4"}
[2026-04-11 14:09:01] Lead stored successfully (both tables) {"lead_id":"012de882c9709e22eecd3b1825bf9c53933e308caf7614943416903cf53e3755de011c4d5dd2ef7d95928bf58ad0f847a153628c5a0f77c1906deb40d1ffd47eaf16efa9f13a1a3e598274ad9901510e6e520170259709c4127e7ce4dcc3433eeeadc855e0ef95a26f0e30979caf3d87"}
[2026-04-11 14:09:56] Lead stored successfully (both tables) {"lead_id":"012de882c9eef298e29d58e4a15b1a5e8983e40769fa3ab20aaa45982b38595c6669cba6ff74efbe6675c8e32e9660415a8499c97fff21a555fd3e237524d17615633c6809ea1c832c87da0a1f66eb170183f05c6af26611838cca5ac69413480afa630fc10e4e59d5422d8aa46bed97"}
[2026-04-11 14:37:03] Lead stored successfully (both tables) {"lead_id":"012de882c98de7b83d9915c1a236dca95b10c3aa09cde133236625c30fc9f2b6ec8d7e26731c181b08269bf003587399fff8a1e8ff02bc8274953697b2938dd12860c91e99453b2c28ec1edcb0d23fe83089df8cb678d58aaaf83d76dcf2068197886b7c61bbff90d6ea2baf57ae5cce"}
[2026-04-11 14:44:46] Lead stored successfully (both tables) {"lead_id":"012de882c96b9295cf9b058f04f7b23cf07134cc72bda754efa4b169d9b9df0d5c8522a947c62769e4f3effa00ad57cedf97fb55bf115711fa967e1a8e681e213323980b2340117d5204c7e98af88a23366a8a66e03ea6a6b6eba5135b6cf6e4fc2f0ddd17501b2dbca62381ceb017b6"}
[2026-04-11 14:58:59] Lead stored successfully (both tables) {"lead_id":"012de882c9619d48f135b20af1efc26051a7622b7283914a86935df81267a1a13de548b235b40571298c21296b66b12f5e0885768000dd89a12ddc899507331fabf5bc839781ebbb08bff6c161e09dd7ceafb0228e70ea6530e54c4bcb0a4ffca5d44bbf77697c41c8733d346d74aef4"}
[2026-04-11 15:07:17] Lead stored successfully (both tables) {"lead_id":"012de882c9154be366d015195853b553283cd790ead19375db789bcfe7fa54faea2803b5a711631b0e6e80baf928c0177ee07e068d516f953cf03a57f7d9f7bed034eff7b490b93071a2fb3b"}
[2026-04-11 15:16:29] Lead stored successfully (both tables) {"lead_id":"012de882c9c6caec30deebb1251558a341216e2110e51bc1cc5bed1427c4ebb65574af926b055cb8f8de96a2f46181c88977719f4792cff98388a3d91a1e7a2e5c3e891ce92dc4d43d92c4941a248a38af36bb3f72840863234dc54dcdfe1ed011c5ba2b608fa2952fad3b2fccfbe4e5"}
[2026-04-11 15:19:58] Lead stored successfully (both tables) {"lead_id":"012de882c9703be3b2e506c9096758ed8fc7025edb9fd649418f22b2abb7de0979160ed6b8de20e46639f424dad2ab46ec006496a6406bf188eb5b1fc3869ec5786b0495c4fbc5796de077c6"}
[2026-04-11 15:21:22] Lead stored successfully (both tables) {"lead_id":"012de882c9760bed9ffd077453ac094a2b6d9a2386a2e97c4cf3d72f26fa8b27082a79a9a4730922c0e622be9003e02a1aafddeb04e813190169c1ad015d82306120de1d0fe7db172dcdb3cfd874ff34ceb842754c839e40068a8a1052518ddd1f9626c2ae509debfed847812b0835b1"}
[2026-04-11 15:39:56] Lead stored successfully (both tables) {"lead_id":"012de882c99159ac6451588c4f43257c0fa523c171eb66a7ffe2cd35adc161dd5bf01d5461ea49f9ce48b81041ffaed4fda00ec21c5b19d8fc294f24fecb832be252d22dbc31d82f9e227aa5"}
[2026-04-11 15:45:04] Lead stored successfully (both tables) {"lead_id":"012de882c95d32ba03ba75aa39bad67569fce4e0746d1395e4119cde50db5ad0375742e77646ce1332cccee1fecb38cf27c0ee6dbc3166abb4a54a084cb72a9bc184cb5cc9e245d7835b203227abfe0c2683182bd8628ed0ad2d23b6449257762990477ca17e7d5731f1c1a64629db32"}
[2026-04-11 16:30:53] Lead stored successfully (both tables) {"lead_id":"012de882c9238a2cd52269905133860c200948dee2944b31272e4e56a5b328df9a60ee4c614fd73ae4c3f2a36166421a09a86fa1b72cb8455486337fa6d7c536bed75c3f09d5f089019d6db3"}
[2026-04-11 16:43:26] Lead stored successfully (both tables) {"lead_id":"012de882c9b5a0baad721ef60f785c161855708ae8e8b924730a4c683cd6af3ec7efcc87e1f5a8a4c303833a4a20d7edd0addba8e6972853218c74c76eee8f8ac6290b7e0d889bbf9dde6e6ef2818f6c35939bee26f6991216a284aec7acbc3db3abbeb66310eef6d3cf0da24b271f72"}
[2026-04-11 16:54:01] Lead stored successfully (both tables) {"lead_id":"012de882c98cf0d3e7731b586a3e0c2c760298d0da36cf7d40c19e1980a33417c61d56c3aca362f0aad86f2744694519da47638aff57a0c62ed6e856454128125e61d90fd67dd2b840f6e731"}
[2026-04-12 05:41:14] Lead stored successfully (both tables) {"lead_id":"012de882c94c3dd045eae6a953740d082b563d6437578d1089cb64622a9c103e8a95cd6cee0b60f4d2656e186d3c17002ed5bbee86cbc476e7104794a73f2e60d1e9470d8522c875cd291f0e0ab113aa1003d629c0504c0b49af7be56b464f57196781ee4c9a551516c25061dc7d8595"}
[2026-04-12 05:45:36] Lead stored successfully (both tables) {"lead_id":"012de882c9a839837817698aba656ed348a13910fcae66171f8152da6caba3410a65ce81721a1bc2ab502b56df2c06ccd9b03977f7a4dcf17248779fc1111ca7fe3a885355d7f7198fad047f4fbc76fe0d505ec1173495d386c81072650ba7bc5fe2c7c98fafa843f8696b7d638aa326"}
[2026-04-12 05:54:58] Lead stored successfully (both tables) {"lead_id":"012de882c936bfdc1d8fccd9049757b7b6894d1c84ec3195031e5c412548f90087af5181cb5156949268480039d46d3037ac4df1c0d17684825e17edbb7d1095772e5408c83ba39bb0189aecddc7850fac583533fac73ff8ea27ee536f6d4e4c81cc30d51628c8fb7d67b39cc3dc832b"}
[2026-04-12 05:56:06] Lead stored successfully (both tables) {"lead_id":"012de882c9611ccd31fa2e9958fa5503e36ea9bdc0c7118d060beb4709307a70fcab03fbb606ed57f76d0aa31c2a8a52af7fe784b9a52929f721c3e20bf6a547e33b50c12b8ee0a24f4e1635830079d920b74515394fd657f82d2373415156cb5649439974a3ef268194224526d44c09"}
[2026-04-12 06:37:29] Lead stored successfully (both tables) {"lead_id":"012de882c960fc5fdec357eab355b47d3c92cd1a6b257f030fcc8721100a31526d4761e45a9c316ec86adb2c5547718ab5470c78b36dbf23da2b0fa935ec95d50e6ebd8b56716de5c7e617c45b4cabd2b5d8034e382e497d0721e391976bb4fb66277f2f974e5a46be7e44fd0150ec18"}
[2026-04-12 06:43:36] Lead stored successfully (both tables) {"lead_id":"012de882c96158d30d62ea422fbb176d92281a51de3be2dfba22b49a83e5474dffa9c5590e230108b22465547f42121c966de682559066725fb0f9fe5113257758891f6f0a88d1f02d08e298363e9d40d52bcc35a4a126ea596efc167c13978d9b04cb6aacfe282795d02aabd68b1c21"}
[2026-04-12 07:00:10] Lead stored successfully (both tables) {"lead_id":"012de882c9ecd0bc99ef41cffbb9cb45184e4cd29f60c1b8967f182a3269dd05d45fc8cba93f174abb5958283e603404a586080ac07403370a59b82738d4cf2f91c8312cbd2ac073dcd32030"}
[2026-04-12 07:00:52] Lead stored successfully (both tables) {"lead_id":"012de882c95d975697cba3f36bf918e96eefe180f3cce46188ca27ed5eacd7a40f7da0b7f642bfbfb638b1277047707a29fb48623f5b7c54ba59397698d296b2da31fae799d9f7a0af510c97cc8f3ee2caf2383f80df9a563eb106b31241b72cf79cdd26e9e852f4ed3b4b0ee786bb32"}
[2026-04-12 07:25:00] Lead stored successfully (both tables) {"lead_id":"012de882c9bf89ea7f2940a56419091985709036c43146c073172e50de6a2cc15282106f2dc757be1ba8198679dddb0514bf6092fe883fc26119120b14a391dea1409b17673a3b8b80591a5bbd4d11429f2ebeb5fb02c6a0545ed1ca087d5552eed1ef7f2d30d3b173d3a1b05e2c84eb"}
[2026-04-12 07:41:45] Lead stored successfully (both tables) {"lead_id":"012de882c9db16b35971162e1a0f42f63e5c8248198ed5d2ca67e05037b8bfa5a7f8db4ce31cdf7f91d7fd4485336dfce0ceb74d0d5fa082aba94c3c0c8358203de88b5f42b613e84632abc166b703fdb70f70c33d1d584aef6c4750dda07c6f5fbdae602af1d16473cebc52931b3058"}
[2026-04-12 07:51:16] Lead stored successfully (both tables) {"lead_id":"012de882c9efc9494d1fbdc92b7553477629fde5e45a3ebd49b5e69be18a23f0628b8b26c18319fd04d82192b26bdff0605bd862a1cfb0058163489445d3c8d5b7375089ea5505baf255b69b0cf024368e491eea510d42a5e4df93515fa06fffc70d87af109dbdfc2f2818eb892c12b7"}
[2026-04-12 08:11:14] Lead stored successfully (both tables) {"lead_id":"012de882c9e9428d99a3f5e7d1f92447f477ed6dee0ac230a91df4ec9c400d54a51b18314b091a4451a8d3bb03f21dfc2e51bb7d8a236a3a90e9d3d67d58e51b382aa9b1aeec09d37a07b2e2"}
[2026-04-12 08:28:43] Lead stored successfully (both tables) {"lead_id":"012de882c9a870129298b2d91e1f5ab7bffa862849558971fbd03096ff847660cef8a1d6acbb39f32297b31fca77967acdb75a7936ba27b58e695e5a7a1123e1459ca494d46ad31ed5e01f36c932c529ca090c25f237276cf55304066e330ce27ae75d04a3f7d59fa89e6ca3bb6e1304"}
[2026-04-12 08:36:33] Lead stored successfully (both tables) {"lead_id":"012de882c9a3dcfc34da946c69d9e7c3827b026073a7051dc372e4f0011e1f0d41843ec5953b72337ed8777afc3f6916c4ae9fbe826ffcb4370003ff9dd8466ee2378bd57e412688b24785218f0d4cb3f4bdbacbedbfb9bdd837a640023616d87304dd3326de7785caa7e3a29d7e3f11"}
[2026-04-12 08:43:11] Lead stored successfully (both tables) {"lead_id":"012de882c9969a4922bc1bb4d79e16cd81311204f7e149971d6ab07c0897c9b02d8a0d7e335c68578383af5ad1f8e5c059d3d3b1393ce644a3ec4643c379b712a7b231906c260f774ec9536664e13ebf771aa94069ae75db65cf40d9ed236b3d13445efdd5c46f5bc3182752af51349f"}
[2026-04-12 08:54:10] Lead stored successfully (both tables) {"lead_id":"012de882c97cbfb70504eb3f0b94713d5bc0ea2884b94fffa6d99dac626fe20c83597758042696a86971cb56f75515885a80615f7f196405585b286e86c0b9b78ef9aa128dd01599a3a01c3307c093d6f43efd673e0c62244335a3aed3596201bdcf38dad370a0fe00c8614511ce5e05"}
[2026-04-12 08:58:38] Lead stored successfully (both tables) {"lead_id":"012de882c978507b3345bc332d0cba45d37a3fc46635a527c3f071557d340aa12726a6ac0d382b1235e984784998832acbc060d7367abc7aed6f6cf8942db0949d155f65da01de1bcf2d5393eabfaa859b0d6f95880f28626bd023abc615fd9fae4cdee766e63c3894ef9dd9a913d04d"}
[2026-04-12 09:16:58] Lead stored successfully (both tables) {"lead_id":"012de882c98a827e9c23752006afb62bf9b15b62609ba2a09929d0b41370163207122b11ba956cb38832b03eaa02e280c9f3d0a37a4de397b42a3e81c84fda39bc408a9d83f2d945df4bd8fd753d047e86b036cef0b959a4be970200341af9af8792a7dd18200bbc4ed4c5b4eae6e74c"}
[2026-04-12 09:34:38] Lead stored successfully (both tables) {"lead_id":"012de882c9d50ff29f12090fd1344d609e3e459ac43b3af1e5738373bc916c36068cd050c998ec764a4581ae9e67d8d77518b5dfbbc3d8772416280de52f3a195e51e647881640e0736f34ce9099d69df08127d3880db131cba1f2d7f04434ac5f8603fb59a056545e4713ac178c4ca0"}
[2026-04-12 09:46:58] Lead stored successfully (both tables) {"lead_id":"012de882c9913e7320204df7ccd2d2c65f53c03d708f11575bbb44378939e269dcedb4e00084540d54b4767bc8ca26eaf2043b26644b8c0cdf240398fe039eaef340e482c154a1502afddb3c5487910cdf95bb923b899516c403841e5a9736dfde4ae589bed435522dc1ee5ba845870d"}
[2026-04-12 10:03:52] Lead stored successfully (both tables) {"lead_id":"012de882c9751cab8b8bf55888bd41657e9b1b351ddc6a8b8e9e1b4ee675682f7aba3f90bb55a9d1176b9e2c7b6cd17fa9d2161325598804f5faca16744bea3be3a743bfa4a01864ddb10217486eb85845943656f13c6379ae16440f54823ee50748e37eaafeab23343c6eba5f0782ee"}
[2026-04-12 10:38:47] Lead stored successfully (both tables) {"lead_id":"012de882c9b3721fe2175fd7fe87c3a552fe522bffaf7e11a06a6daf39b2c21dbc3ea251a6788e707c7cf41c02ad5bb0cbea9e83b99795faee4fefecac7054e26d8014ac51b60532a299b35a4962968445e9f6a5e02f3dee3fbdf30818bb8e717797324c5527afe5400f97e5122c0e37"}
[2026-04-12 11:13:31] Lead stored successfully (both tables) {"lead_id":"012de882c95189205271348a9bcfa65e102890302edd55a4d6711e14d46d03c5ea8f301d30c7ae9cb0392265e6ce7ac5b51421ad745306069e89a8dce26082e5aa4cce2fe7c55d610dfe04c7da19463738b4d7b9a8c0f8a7cce12d236d5b4dcd12afb0415e095519829421be9ad64b9f"}
[2026-04-12 11:19:24] Lead stored successfully (both tables) {"lead_id":"012de882c9534b5073e7d75cc8f2f176004b1724ecfa6c46eda436c60d1a7e8536718d2773b2585684468b575ffa18ee117254b96269be53712dfeb3d29cd1aa130ed134f4316dd7339c5dac2f058ce10e74e3cc396d1681c7688a689c7aad5c932e3d00416d6096dce276a9d86f5687"}
[2026-04-12 11:27:55] Lead stored successfully (both tables) {"lead_id":"012de882c93af5a84fb001274ee1a84a06930b1a51b9e2f3590b30c11490c01bdb27f1110564a4512f6834e2ce99a609ef4084b0b7be604c2e512b8ae88f4e02d9623ca5ffe44b9c7b6fc901ac9d8fe2ecde3bb3db79ce7e23231b5aa04e904e6f71190dd2882a99b9c2a9f3701f4da8"}
[2026-04-12 11:37:47] Lead stored successfully (both tables) {"lead_id":"012de882c92e9b15f4b30d596f9936102d9cb2260dbc4760a1e5dc60282c823fc5721e669d6c1d4f4acff55ce031ac6fcf4d5a1d67dab99aba8e1dfd1019975bea7fde11d207e88fa3c5bd0472459c4cf2493ee1a7e296acd69fa803066d0312c4bc0da439392a02335c2c0c59b57fb0"}
[2026-04-12 11:39:28] Lead stored successfully (both tables) {"lead_id":"012de882c9fb6629ca1508fd21e25235705905bd2be83f3e9ed386b83b7c7f4f69b2222579c2b888757bdcf81d86cf151165f97cdace9d9cb83c6e6446c6e52cf67a10864b776c357b3aadf17558657acd109083c1c53e93a4569d21189d8887cee99545bf17264202412332793c042e"}
[2026-04-12 11:48:16] Lead stored successfully (both tables) {"lead_id":"012de882c98794329804961072e327d86ad50273bdd07b27d6c84fdf2cb626d0524744d443ecf49a55a7c7c46c0191c42f80f576387eeb6576c8d54b44988932839c1fa179c1da84baed17052f997e469bfe412d19544bc93cc25a1b2b31984cc06cd16cd5a4afbc79319c2458abced9"}
[2026-04-12 12:15:22] Lead stored successfully (both tables) {"lead_id":"012de882c93c8df0bd75b81aa5a6b0bd0276f16fd95f68f5afc2320916f9494598c45440fa1911f4cd476db786d2542f715c65eb1e5dafb16c69f6577f565cf9f35cf939d0175902a4617816f9e082b027a074495d4c17ee35414e9e664500566fab470007ed3147e0a1cb2b850a71c5"}
[2026-04-12 12:37:33] Lead stored successfully (both tables) {"lead_id":"012de882c9f680aa61dca7278aede3a80add7dc07f3f1a30cd8d4e541b6a6f66f9df239a0c55b3b5e396ac32fc53ababd33253426ecd478bc25a772dba11335e760b294ca5193c2aef758d7e69be317ffa369bd279d1bebd694a8dfcd02c2d989cb206e2d7ed28370a7e8a4d4abe09be"}
[2026-04-12 12:38:29] Duplicate lead ignored {"lead_id":"012de882c9f680aa61dca7278aede3a80add7dc07f3f1a30cd8d4e541b6a6f66f9df239a0c55b3b5e396ac32fc53ababd33253426ecd478bc25a772dba11335e760b294ca5193c2aef758d7e69be317ffa369bd279d1bebd694a8dfcd02c2d989cb206e2d7ed28370a7e8a4d4abe09be"}
[2026-04-12 12:42:25] Lead stored successfully (both tables) {"lead_id":"012de882c9d757a56a29c1de5b0aa59000a04317b8fb6525ade1955379e78605dc37f84dbfbc47b66ace6920927f25a7f43684571ce77878a4daf5de7d2c16f2d2112dca9cf7e9fd6946a26d3a7987eb153051e148c9feb60c44f5b9ff533cc175a976f390d436bdbfa3ca39e6e60e34"}
[2026-04-12 13:09:35] Lead stored successfully (both tables) {"lead_id":"012de882c94f9fcb357ecf19045119ac0d32742fe4be5387750dd5b093d5862238cdf1ada4b096cd596b8f69637856854241efa5f06e3b95a7776ecfba937ed29a878acf325e00f4e84419ea735b8ce8e7851753fc4a6c765f69baba754abe508157733d12f7c663ab2b61c0e3f3bbc1"}
[2026-04-12 13:14:15] Lead stored successfully (both tables) {"lead_id":"012de882c9d25b6800fa8b7f9842288ba4de67342eb9c276d92ec9b9885cf399a8b43c58146bd97d114314d07420b960e32ea7f914005c85080d174727040742dd39a4ea2c9e3891902b49adeb11bf9b9d725d82e89d2e3d68f73c96f1bc16928c0e9d0de99605a096da1ec463f8ecf1"}
[2026-04-12 13:24:55] Lead stored successfully (both tables) {"lead_id":"012de882c92a6c37c75b1fba84b1f1e5934ca440a9f70c40bbe1f85347e09d052d5e85e73bcf0dea136aa7258c19bbd6a7e6c903b57fa0699ab53db7b1d821eff49cddd76f339e1a4b3967cb930d25a946f40bb7519175aa2bdf913fe90813fd07abd439f7c7097a84edad35b880e349"}
[2026-04-12 13:28:49] Lead stored successfully (both tables) {"lead_id":"012de882c9a529fc8b86cf403c1ef2e42ef693bde0502b75655aaa98bac5160cf55b1c5c5344274c433dd562201f828aa116f9d74573ab417d6d5e36a0805f68d5fc4037ab69a3981dc603369caa3a2824a1c2aa60e75e992b86312ca808c5d9fab3fe87d2c9fa6af99eb1d030330024"}
[2026-04-12 13:31:34] Lead stored successfully (both tables) {"lead_id":"012de882c94872a67ea622e37a78334647a74e908814dc3c5f7f0db43ca76338a07869c5cac7e7848ec41ae04a7f1c7562cb198e6989c9c564be9c8268de7b6f596c6aa325ec25ea4057243a4f219a6ff8bd7aaf2c5152eb70604674ef173550fc4b196eec4ba5602b8fa7169264a479"}
[2026-04-12 13:38:31] Lead stored successfully (both tables) {"lead_id":"012de882c9295c64b74fdbda328d9a33269277a8839b607649937300d5675a2b87b3fd793a312b0d5ef0fe2d66be1fee41cdd5ed0209685d51aab504d117298c060f83757192eaa793dccf9453b5117d126da5dcb26b1a1afc64e6e534332d8056928daea40c8eb9ed31536a6c243ed6"}
[2026-04-12 13:50:35] Lead stored successfully (both tables) {"lead_id":"012de882c9e91ab4faf05459b1cef8da170ff2c9f5840343382092060b51672692f75876e24f83f0ca1489e04035392c2431c7e0729ddf2eeeed3defdf7a9cb60ddedceb86e367e0b2c95276d691d66e47a3059f08d1c31505032994bb8cc821a0f2f010f453a434bcff008f95738b49"}
[2026-04-12 14:02:37] Lead stored successfully (both tables) {"lead_id":"012de882c92f62d09a057775ff8d008717b25cf35ae9a2d556113558534707d7a3e21166ca3cc51a37518179438f346ce94891055c80307e913552f974cd674aba96198c55da0acdc661c685"}
[2026-04-12 14:10:35] Lead stored successfully (both tables) {"lead_id":"012de882c94c5bb96e01d265095bafb5050a931090b93693c9348d43241a973bedb8d2da55cb52b112e480b198102885b281c283567e4b7a2b5033d05065624c3b601e0aaef433b018211350b8612efbcf78d1574b5c07796a1e23298a1aa47c5f9e50c834f6aebeb26fd66628a1d26b"}
[2026-04-12 14:13:36] Lead stored successfully (both tables) {"lead_id":"012de882c9882a1abe65d5002846a4c2f9b27d9382a66d178a9d80d50af6b77e3fd60155bdc23ab5f0e14f487f7e2177cde60af88fbf3db1991afa2d68fc9632a5acbc557780ac394f4c0797ec10e6de46fde4dba08c4353803177fb573bbdf16e0d7d5e8d34b49350f12f588fa138be"}
[2026-04-12 14:15:18] Lead stored successfully (both tables) {"lead_id":"012de882c9e16d4e2560c51bdc3278dcd90c9b4fea2b2113986cae493a474c4d15934c55bdc667d4cb34f65ee2717c0e8ec06666523f24cfc3e3b6352674531f6a8818a6392c6570b02aad2e087769b08105bcd15cfb8e89bb6fc22491eff915920195c593557538f3423ffb8b16a0d3"}
[2026-04-12 14:33:51] Lead stored successfully (both tables) {"lead_id":"012de882c96fb4a161baf672e902f9badf7519554fb90389bde646ecace358d8ace7a00e73c7a60c383d5e605625532520b07fae7adaf8ea81b338a6b5e0252156a9330e8487b0d37bbbd71e8f5e82a21d25a6e8a2dbd5546b3bce6579e8744ef0384522ebd07661c50e3da7003e708c"}
[2026-04-12 14:42:17] Lead stored successfully (both tables) {"lead_id":"012de882c95554db8ae974e91c1e4a72f7bb6dc0de42a34aa46d4e53f2c02a5c32a2483fe79dd98162b393316f37cb522edaf73fcaca2512b5f3c7bd8f7cf25dd6e9556f05a4da198a858e83"}
[2026-04-12 14:44:13] Lead stored successfully (both tables) {"lead_id":"012de882c92934551ba5f619ac5011bc30a0a67b554080cfbaa8ffe84da7e61cfb8ce92db2d5c4d6585d1819f9565ca599314abcd56f4411df82e8bf5dd915275b3bd36c52a0b23144d9b1bc"}
[2026-04-12 14:46:00] Lead stored successfully (both tables) {"lead_id":"012de882c9700301a2f8bea5a7a132d6641368ecae797651cc57451ff6fe5ca4fd95b0e55955f8d3e0e396c94a9c6261989f3aa3d2b1f4a58adbd4ed7e60d9bc81b96edaddc118a0424ad2dec90e76fe05073d7d8e8fa0fccb55cee24525cdf32830f4e3ccd0bb88537b591b761b88d9"}
[2026-04-12 14:50:30] Lead stored successfully (both tables) {"lead_id":"012de882c9c5eae3eccbd2c094ea0a80207115e42d03fcf5401052b855138ff98c786fae5c7a66ae7fe6f4a03ff7adcf6f88d019af91238365de0d38b842fca8ca61d7b1398a7cc69019e0a16fda618c38d4a3c36dadcbcd49caec1d4ea747a81627b302449735d5121883f20c99c742"}
[2026-04-12 14:55:19] Lead stored successfully (both tables) {"lead_id":"012de882c9dc61d0d7a3342561c42f2b5cfb96eaee65b9d28b5da3aa40fdd5e120532a79411f0e17ad0f2c384441309e02a43816ed6506372b05a2996632a10eda16ef55e1108b1c27662a56b288a012d64d8ba0917d4003f1f546977dd750f4423acf05ac102251efaca2d60ac7970b"}
[2026-04-12 15:05:57] Lead stored successfully (both tables) {"lead_id":"012de882c9e964ee372c67b58767a781cabc853bf1841bb294668f4c7f44444c553aa6ecbbf2663ebeff00dda83e715a917ee43324be8e5da68e4d745860d23c096a7ea55824399cb2f1ea50e0ba5b629c230704086059e49c258da4a155aa0781782e83beaeb1be6d736ef01c028645"}
[2026-04-12 15:06:05] Duplicate lead ignored {"lead_id":"012de882c9e964ee372c67b58767a781cabc853bf1841bb294668f4c7f44444c553aa6ecbbf2663ebeff00dda83e715a917ee43324be8e5da68e4d745860d23c096a7ea55824399cb2f1ea50e0ba5b629c230704086059e49c258da4a155aa0781782e83beaeb1be6d736ef01c028645"}
[2026-04-12 15:06:32] Lead stored successfully (both tables) {"lead_id":"012de882c93defe82d94ccda26c5e8484dcf15aee942a5c1a6e0dbcb63a48d95f0a7befccbc07c3cb507d725bf0623deba60fdc6df6127dedd3e8c58d0f5a38335080da6a525493e656fdf2c"}
[2026-04-12 15:07:18] Lead stored successfully (both tables) {"lead_id":"012de882c909239a2797f0743e20b15a5942d41226817c0930493f7d218b39b78fac0a0140592ad1232613a5cc170512ea253368a5b51d11259808b905206a2b40d20a437874d02acf488cfc"}
[2026-04-12 15:09:28] Lead stored successfully (both tables) {"lead_id":"012de882c9480e13bb29a746ee31e575908173c407c6069253873ac78abb2b9ae0594a79a440489c109b427f5084b2397399fafae71c4ea44603d25a1983c2ff6b99712034347bbb06671561e20047ba19ace100aa4aaced94998636ce0d18c080a825d83f15df6b8760a791aa64e080"}
[2026-04-12 15:15:25] Lead stored successfully (both tables) {"lead_id":"012de882c9b7775d43fb212e1948e1cf7ea0fd8fd8370e9a85081b4c9b5729afcd110bf12cc33284fb724394cf708935d2089a44569d1bf673ad9c795ff9248a5e43ca0af51c7e3ce425eb5edd61737627bf7aaa5375b7f5899a85f01cfc1e88cc6d547c97db548edce20d01e685f25b"}
[2026-04-12 15:15:39] Duplicate lead ignored {"lead_id":"012de882c9b7775d43fb212e1948e1cf7ea0fd8fd8370e9a85081b4c9b5729afcd110bf12cc33284fb724394cf708935d2089a44569d1bf673ad9c795ff9248a5e43ca0af51c7e3ce425eb5edd61737627bf7aaa5375b7f5899a85f01cfc1e88cc6d547c97db548edce20d01e685f25b"}
[2026-04-12 15:27:29] Lead stored successfully (both tables) {"lead_id":"012de882c9e97a76dfb229f696cf032a8db35487fe7e5476410be42325d934a0e6363913305ea97f098d6ef0f3155a"}
[2026-04-12 15:33:44] Lead stored successfully (both tables) {"lead_id":"012de882c9ca247319ff079c244337c40817ed98e7efb89f3d1946fb5b05121fc7f55c15dba62a2a4b8aa5261ccb845ae12543989341246388bfa6bcc15bd31cc2532fd6d0d54a1d442880ca76aad8aa0413150299080d6496c7617ba9481837f819af9ade96ce4abb243844dd192e62"}
[2026-04-12 15:40:18] Lead stored successfully (both tables) {"lead_id":"012de882c99e420bdeed4cda8298e252c9cab89fd13e5e36f4466afec33b3b273a757efc5cd12d5ec331bce04381ef5628a111d7ad13eeac7a15a1d9c34b28adade5cda5b16270c1b8d8a0a4"}
[2026-04-12 15:41:14] Lead stored successfully (both tables) {"lead_id":"012de882c9ce1ca34184d40972aab8f5206f3b3f18139d866a8dd0a04cf14f86968fd75536af70860ff5bbd26833b84498b3f76d1dd29421516d126fa294a9985f6e7c0f6eafb4d66c52cb6e"}
[2026-04-12 15:59:46] Lead stored successfully (both tables) {"lead_id":"012de882c907532be767197b665b8e2c0ad8ce0f4e1f10104a8430fc358782a6d41d3d94d94850756e730fd7e058af510e73d9014eca269860eee227e3c8c95f1ceba1283e7fc78155906e294cf827c17fd94f980e079f8b10727b6c75ad8118ec547b8aca008d684c6e8c6663c6003f"}
[2026-04-12 16:01:16] Lead stored successfully (both tables) {"lead_id":"012de882c92e12c90de2623bd6f8447bb7c24e3ca8340b409c26d9663f4b3bd4b69c4c5aa4d7cfe7c53275cf915c0a8bbf72887f4d2fcca931bb72a3ef687ad1705919aae05601fddabaf35a"}
[2026-04-12 16:14:35] Lead stored successfully (both tables) {"lead_id":"012de882c9032622b3b63586095250d06ad1796b156de1d6bdbd3fb10cfaf78fbd489673137ae1b8df636488a7d2541340714402511596d298808822d0b0fcf0f5d17781b0ec86f763d79503c88de708a8332ade16e2d24badcb0a553f0cd2e885d324c875862d82818b348779ecd301"}
[2026-04-12 16:27:27] Lead stored successfully (both tables) {"lead_id":"012de882c9e35b973fef5517318e9c11058408c76fdddcc7b1966349c73e1fc0009b2af943f04950f8f5526b436ed6f60ede4d61ee4611394bf8edc4bcb180374f283f5100d62363c00b40e4"}
[2026-04-12 16:31:36] Lead stored successfully (both tables) {"lead_id":"012de882c99178c73b7ad63c09ed26f41547714868924e7a4f8279fc4f77f36550e31fa8cc2bef64c8210134bbc90fc17629da9f0059eced498ce20be69f7bdd6bc77d3da842aa19634e0289"}
[2026-04-12 16:33:33] Lead stored successfully (both tables) {"lead_id":"012de882c9b8e5778d12f8ae6de35a924d25b2af1ecf9b5a1f97f95e5bcdb407481f406b8f3658bff534a8c70f7f2cb3731d098295f170b1a1f07f70f171beb1f84b80c985c3cbfb835857edb6e6796faba09c3cf4be473e513153439d42c792609aa8a0377a2ebeebcfe71038011ec0"}
[2026-04-12 16:42:46] Lead stored successfully (both tables) {"lead_id":"012de882c9d3141458d1f7140fd8604167bdc9964034998855a5a17baab2d66fe0d788d9bb0bd4b3c90c2bc2c3abc49077785f8218a91c0d8e16930b36730d2500c0b81f8072c60740d7203c7be10ef2a84a09670e8a701690134e7bdecc56b96bc2f2586b90ff9b8932b47223c9780a"}
[2026-04-12 16:45:58] Lead stored successfully (both tables) {"lead_id":"012de882c96b29389fcbf23c1a7df7aa02bc765a73817160cc640cb9a7819089648be7d631ffb24e560942bcb1bcf50f95c8d11cec6646b451190e27c25bbc22257cd54711038d53f8f3ea5d0cff3fe62ef03fab33447e3de18f9dbdd5cb730ee59e1c5d771c39a4bf45809a97602bf9"}
[2026-04-13 05:27:34] Lead stored successfully (both tables) {"lead_id":"012de882c92b08bbb8c70aac66c25289e0b2c8d6cda4c9294aa847d18f730fc3f8eaab4fbd06038d7ebdbc70cd8908dca57262119c76748789031d61db865d076d2c1c8186b4a2efe10f3c970ed74b6601d2f5c85ce6fdec30b971a4e07c2cee08557b462f852d13157bca2867e86f71"}
[2026-04-13 06:10:06] Lead stored successfully (both tables) {"lead_id":"012de882c9f7dddc86dcf07d59724c9107835d320252083c3b95b4918c763a6c1d4f1e778467388969b095c1af093c54f19c0590cda900352f550ba9f9e3cebb7e65c9292a4f59563c92bb0527dbf342032cd9c45cb141ed7f12ab7e31d903f32b8fae1c5127ce478e1c74838fedbb3a"}
[2026-04-13 07:34:33] Lead stored successfully (both tables) {"lead_id":"012de882c96101e6eccbf8d55803ca786b2de11ee2f3a0158404536343f5159ea64425f39b4672505a759040d2ab5d40961901e880798c5a1ac6277282a4a4bc23e46aa468cdd782774ab26dea6c421754d8d0cc7e7259bf87c6e30598f7e6f0054bde2e27a023dc3daeb79930f5d64d79"}
[2026-04-13 07:37:11] Lead stored successfully (both tables) {"lead_id":"012de882c9f753740ccb362901a4f61b0e8476a77e7d28f69fa6391f1561786e3a6a5b6b015c77c90e6871b27911d6cf876024e6f6f16fb4f6c294d63b10e4d343751b18ac11680bf5e1967b71784f9edd3d5dd98e1aeae88e67a2eb9aee755456148d7a1aa256cbe2793e3d52339c81be"}
[2026-04-13 07:43:04] Duplicate lead ignored {"lead_id":"012de882c9f753740ccb362901a4f61b0e8476a77e7d28f69fa6391f1561786e3a6a5b6b015c77c90e6871b27911d6cf876024e6f6f16fb4f6c294d63b10e4d343751b18ac11680bf5e1967b71784f9edd3d5dd98e1aeae88e67a2eb9aee755456148d7a1aa256cbe2793e3d52339c81be"}
[2026-04-13 07:57:18] Lead stored successfully (both tables) {"lead_id":"012de882c92fbc57d6ffb790129f7a9988f20fa515eafacca5ee5266f3178e0d7efc6ba7119620d6c62e78e5c5bf01971010be2dc198e557472096e8a95bc0fdecf6c6249a5a3415a1bb04a2b0fc0eed1be104e0d836eb8f67a615e3e293d40e061f8372c8e591ed953f8ad1d47ad5adb6"}
[2026-04-13 08:22:26] Lead stored successfully (both tables) {"lead_id":"012de882c9feef55f709093fb7e6e752328ab91bb7c04efb9e51172ce73afc874f0e8812b470707482b5c1e15046ded3a1efd5dce36f68c304159ddeed043f7d5efbaf31848ccc0747da45c0"}
[2026-04-13 08:22:35] Lead stored successfully (both tables) {"lead_id":"012de882c9ceb585bc267bee99ce222395717ab9467ee92df8f72d8cc8c1c29562cb9bfed62fcbd64d27d6c7b0a52d5e9fee3fa6cf2fef025305c526688c34dc4affda854588e5a345ae95048b0fece9f354337d2a685d13ef2204fbc9f8e3e4f104f2653a86d7a4f14fc7ada100d8ae82"}
[2026-04-13 08:28:00] Lead stored successfully (both tables) {"lead_id":"012de882c9e49750b7b4b4b522f9433d035a2dd2ea63809f248ab040c670b3faea74b1f13629a82a7b8d3cc26ee662d5662e83343e775101abb848d6904b262527a81c9e7b8d64041c9b65a66c2da95371f015236d189d8d406de62257e922f212133f4fdfc014973df9c8a4c547100889"}
[2026-04-13 08:47:54] Lead stored successfully (both tables) {"lead_id":"012de882c9283d748fc54e82eb0a4da7c3901759a5519e2ac8541dd0b4e67adad410b8e9e3a2feb2fe5398d5dccd6494a55d927dc5433514805f844788943866ba6315ab95b597a7494331eb68c040275a337254b3ef14d65f8fb14eb71084d859e6355af8553abcd0ec1b736a0d4f101e"}
[2026-04-13 09:08:07] Lead stored successfully (both tables) {"lead_id":"012de882c97758eb8fecbe4fdb3abd8e90c8d0a80375ab68875e2a348e4b7f9c70f9ef4c68a8774e6fc3b3075853addcb3a7fd939a9cf32282b0baba388446627cbdb80b14c042e10e8b3d62012438b84acce8521f6854811e1731e926434facb69f94826415a9291be40b149c262592ee"}
[2026-04-13 09:30:28] Lead stored successfully (both tables) {"lead_id":"012de882c95d29ed3bae97942b2b36f3f8a901b20b10b6702287b950c5d3eb4e6ad0d85772ee1c404f5db836420d5a44bc8ae3d87d6a2b3eb4b191c320ca0f5f5e0c8ac440fb9c3f82eb445d7ae24b4c689f2f6d47e1a64d1be63cbb475b282de0d73383adc1ac2d6a4da94d78cc4329dc"}
[2026-04-13 09:39:25] Lead stored successfully (both tables) {"lead_id":"012de882c9541be6f2e29221e83cad3de3cfde94a5ed6822d004adb5ce680320472a9ebb5410c7d228474cf049f9689fe7a904df90d23359c69fd5ee924ed57720f0e485d35ec4daea6c7b7d"}
[2026-04-13 09:48:55] Lead stored successfully (both tables) {"lead_id":"012de882c96ea867e4202f2c62ba4412facadb624221ed6327b44728728afa2abc579fa824cc15753588285684828e4919f85d998ee8dc9100f137452d256e96f7b2a17ba68487dcf16e61c242a6c2527d8305e981611d92367d7342c474194bc94ea20d6cdb00dc31d6c7c00359698df7"}
[2026-04-13 09:53:08] Lead stored successfully (both tables) {"lead_id":"012de882c9ab78c5686982c877ffd9e8da1c4bad43f3a9dd46d25ed1ffc1cde6e660b152bad5441c316e88b1f809d903d8e0dd1281d4b092814f3eeb8953ff87fc57cf7c713aa802795130f14b59f4efbbd2b8f4d695e788e7f9adf604c42feea9204c2c652a604f22bef5a71a91168b10"}
[2026-04-13 10:11:03] Lead stored successfully (both tables) {"lead_id":"012de882c9fd63bce0ddbfe6458505dca058b681226efe84762e660442411f771da538c112bafa2759ee8ebb5b5a1305b5b1053efe81f4800cb6c55a31c7430dae6a3efff7f88f98b3545ce61d03ae7c61a3fe1dc1cf4a1059695c103527d46bf8749048690f0fa090337144c71380b857"}
[2026-04-13 10:18:23] Lead stored successfully (both tables) {"lead_id":"012de882c96e135dca15d6d159f13443d916781751be3c31e9b93e2ee93b9bda83fd6d083b57ef6e6e0694faa785eae5740bcbf57658fd07cfc6772c2d4c737851520bc95b97fb14bc49ac2a1b4d85ce53c936a1d63ea95673212d8f6ddbf95a58241a5e8efada54cdc6bf3f3b5a1365fb"}
[2026-04-13 10:31:46] Lead stored successfully (both tables) {"lead_id":"012de882c928517d6966b3ff0d32ee184bb15f4629824fb39010739430219d461e3c88da950253da2a4abfd17986f1c9540f7a5e435bac2ddb762b9f3e6996e1ff386526869911484b58c8d8824cdd40bd1fdcd6869a1d4091f526f09fa7b54d509e51019c570ee7118a4bf657f11c056f"}
[2026-04-13 10:46:08] Lead stored successfully (both tables) {"lead_id":"012de882c9976c772ddf1dea9e02f37b50a03a8a40aacb5a6fdcbe70d2ca46c9ef994913489a41f967b4715a181f50cb6c15416b829243377eedacaa860b48e9984862a7dbf3279f19236e92"}
[2026-04-13 11:08:32] Lead stored successfully (both tables) {"lead_id":"012de882c9211b7dd12cd25e0e2107c0debb86491f09ed67c75e37f938940cb36f48a0018daebd272fd5f1d2c3ee914362479c5ae5ed6e011b2012717e8e1e08c17cf9817d43631b7b35a1effdd7f276d081dee820aa9d33196930946eaabd5e46becca0938fcb0b2e945b4069df273fb4"}
[2026-04-13 11:12:32] Lead stored successfully (both tables) {"lead_id":"012de882c9a2fcf404ee50f3ff7d594b23338c6b21163b42d3d6d1b71cfecdbeee69aefd701c92c622dc5b50ccd0b26da3e817ddb2828b16d5f8b0238f8dbb5680c158732e882e1c8690ce45b0ca3eed36d61d5f0c2115cff90d0910142e235925647ec620c1d1e99d1be13e9c960be06f"}
[2026-04-13 11:34:21] Lead stored successfully (both tables) {"lead_id":"012de882c9409a0a2f27a45f8bb7289893b39b503162123f01fae2676eafaac47ee2b3a16ff276979c4da2926ae83c89f6a515a9489d0149d62661a6fb539365c4f45a6a24dab8867e5115c2d9fb35a543522e10d88a86fb0f5338579b6b06f7ab64cc5c19b2b87f0c2bab6720da1d7167"}
[2026-04-13 11:48:28] Lead stored successfully (both tables) {"lead_id":"012de882c9fc15a1bddc3ee181456ce121842930b4ad7a410c55d432751914a2fc4ef9dddc04c4bed1549a43939e141428482addeee8abb27cde864f70b710dcfb5c7b97a08d8d396bbf54eeecb652ddeab8d88da5523d3c857689435624e5f783aa8c6f62be681f74e068e0f0d38dae01"}
[2026-04-13 11:51:43] Lead stored successfully (both tables) {"lead_id":"012de882c912945342ba3eed598e5d558a34fb81052fd99b369c0a5dbdcd8a1d5058797402da6286b113cbee90185227a60dcaaf825a1e7bd27ac0496df3c8b61dc516ef6c7c630501d256b0d0bc61ebbddb8cce50d697e5d795a8d7da356cdc9b328cb9cbc64a371215c24f9ee67f9ad5"}
[2026-04-13 12:42:46] Lead stored successfully (both tables) {"lead_id":"012de882c9c902d5bb6d7fcb6bf8877e1758943f189061720d3746e0d991d8ab3fcbf6d07978a9538ca6949248953516a32dc31acaaacaa9ae0e571cc5bef973fe45ef90c93c8bcd0e081f7b41b75b834db3412bd86aedce2d15f6f0c68e4b2f3ab647f87dca8d7d301ff63b707332556a"}
[2026-04-13 12:46:46] Lead stored successfully (both tables) {"lead_id":"012de882c960a31b2550f013463d27f626c41f4a214f99c85c07475d0ac9678fce7f7cefb3dba856fe0338c2ed0e18c5cff0ca5feaba548e63ef81ada6cb1313522c5c225045fd97c67fd91ceefad9cdf8bc444b04a3617c0a6ef29d44307259476fb74d1b7d20897198acff07491f0cb4"}
[2026-04-13 12:51:48] Lead stored successfully (both tables) {"lead_id":"012de882c9edc12e11fee1890e197d7b3cee75f423590d367aa2d4c552f52da75256a354dc1a679c95c9a549fa5d2c1954c113673a2d9d05bb04dd3fb5d2dbb2bfee6a2e64d5e38f251971da43ddd6507312ad81f3e40382045f8335075cd281e6fb9ff17186c671cca3b322d1f9035a9f"}
[2026-04-13 12:53:38] Lead stored successfully (both tables) {"lead_id":"012de882c991d56042678ef042e4231587192e9111321a4d4b75a1463d2d8cf666e8445094549656de5ac706e437ddd73d8f0069c4ee6175156440a6505a611929b28d6c1cd89b4e751dea6110a6b1aef94456a4d1c6911a5a003f0ac7aca75f5dbab664105a818b1fd3ce6055a02d23af"}
[2026-04-13 12:58:22] Lead stored successfully (both tables) {"lead_id":"012de882c9953a227a5b4ce8196b72ff144ca72b26957a4c8582eb0de2b23fb5ae914c580b4598fa74d5c0df8ec695c5dc0e6eece6a8d9190d4ba5822c98b2ebb902a2025e316d947f8404d7"}
[2026-04-13 13:00:02] Lead stored successfully (both tables) {"lead_id":"012de882c98cf241d9a071f63d41aa8b62ef52f07d39f2ac8edc547a6e859b9d1a7ac12ad164f79e700037032e1256262510e0396a45ba81ae20b7007c059a6e8e5f170b47d69f72643fcc1f409a390b994a2608eb33c482d1c6f01399d344bfc25eac6e224d3a0e5d083e4a6307326f26"}
[2026-04-13 13:06:25] Lead stored successfully (both tables) {"lead_id":"012de882c9bd947a9b4723f9728b28b1da3321fb23bc17a9dedbf8e31e3b27f7c7ff0186b49ad07bef7b927e7f22c2828e4dcc2b6c9c0dc3ef49cbb368b6617d1d622b2798193bf073471392b45aa96fcd44760089f70101e5c469a4c2085dde966de9941da34fd9bad713848159b4397b"}
[2026-04-13 13:09:10] Lead stored successfully (both tables) {"lead_id":"012de882c989724c41e6fdc996c57c5eeff21809575371ee9f2b75007664134048ee790d3b9dcc7d650a416116423ba19068540daa2621a833bce7382dc575f83ad95f22bad25b90aa0089c6ddafba2f3937c79da2b722c58a568a03b79ba127165cd11e4fd1b270704c02d4446157df20"}
[2026-04-13 13:18:14] Lead stored successfully (both tables) {"lead_id":"012de882c9a25613e7923b70ea4b421caa5e4afde61113a945c5b164ae38dc8049362959bfc160f90835cb2d322dd940a8a6e76cf54272795e4522f703b41456320455709e2608a2406c687e3f39fb0fd599f08dc18f2330d829c6defee32eafc930e1b2a116aa2352c858b32b5f22141a"}
[2026-04-13 13:18:36] Duplicate lead ignored {"lead_id":"012de882c9a25613e7923b70ea4b421caa5e4afde61113a945c5b164ae38dc8049362959bfc160f90835cb2d322dd940a8a6e76cf54272795e4522f703b41456320455709e2608a2406c687e3f39fb0fd599f08dc18f2330d829c6defee32eafc930e1b2a116aa2352c858b32b5f22141a"}
[2026-04-13 13:41:47] Lead stored successfully (both tables) {"lead_id":"012de882c99018b3154f38c27a4fc728d6b20bc797b2d53d9626e61590b5e506d21a1c1604fc006588eeb04b0e995d04a0d32d99a8ec7dcaab39123c2d51ce56b04d332e989cefc5aad2e14cafc71500a28f367b3e1bee981755abab76680acd854cf96a9634c360b17daa2f3ababee9e5"}
[2026-04-13 13:42:11] Duplicate lead ignored {"lead_id":"012de882c99018b3154f38c27a4fc728d6b20bc797b2d53d9626e61590b5e506d21a1c1604fc006588eeb04b0e995d04a0d32d99a8ec7dcaab39123c2d51ce56b04d332e989cefc5aad2e14cafc71500a28f367b3e1bee981755abab76680acd854cf96a9634c360b17daa2f3ababee9e5"}
[2026-04-13 13:43:38] Lead stored successfully (both tables) {"lead_id":"012de882c938115401e719667a1d2d25b9c6c1d9ac986ddda60ae7159ff7fef66add592c62aff32dcf368fe13d6ce7389538469ed50d46d19bc3b104a14dad03fe3c198d94fe4a2a9a25a8ca"}
[2026-04-13 13:58:44] Lead stored successfully (both tables) {"lead_id":"012de882c957f022cf4973479c16581d301ad73692b106ef71a5d64d8a4d124b6aba92845dd0f2940c8863f62242419739aff3599808353bfac78aae29fd728c431b24cd3054c28408c0516ce536c9bb0d45b27aa9969621a67bcc1139827cf1e4017876d3e56343c1cef3d3f9ac432e7b"}
[2026-04-13 14:08:30] Lead stored successfully (both tables) {"lead_id":"012de882c970d7d2e6658593f7ed84eac2d919ce04629dd8117406ccba8532a10d5b131aad9eb0874afaa3de48a9ca9781429e72ac073f5ed4c13cf56f2ae0ea2da611cb2d57496891d6fac8e6bf88e8ec5d6f94500ee04e3ae9077040afa97dc7dec7483ec213679a392945809a345535"}
[2026-04-13 14:09:30] Lead stored successfully (both tables) {"lead_id":"012de882c9e246aa5b92909bf2262cd9fa6b5735475f190d2ff8a20c810ea9eca75679bceec3de52e27eea92b247bb1a967507466d1a13bc36897c458a4c863d296eeb0b35f21ffb1a0a7c48718f4e02509bebb7b1be76370b1284cf0a2c7e3a0c9eb0c1f7baf17ce88f3b9f71313b3dfc"}
[2026-04-13 14:11:41] Lead stored successfully (both tables) {"lead_id":"012de882c9ef571400b84bd52892cc76b2a1951a4d2937c5d0a4e13639eb4dedcbab5c8224dc59d797e0abef2cb72616255ab5cf3a6ed32ca2672d9e545c72a0ec917060adf24f111bb65205135a69f39578cc2a9bd15baf86cae9ab59640135704ac2a4d5be60e5f5d5402b7680a56bb3"}
[2026-04-13 14:16:19] Lead stored successfully (both tables) {"lead_id":"012de882c967b5f71f06f3e59b34e6ef19c913d81f54405fc9c9fe5b3b6229153c0eafb8cb4c0de3c2da68528e4e787bce82e5b54af90b51e73782f47840630375b721f2e6affde45369a624bf32050a3a5d6abebacc595c093b52553349fe46576e3d8a07e153b1c1566308bd366f7ad8"}
[2026-04-13 14:26:24] Lead stored successfully (both tables) {"lead_id":"012de882c9b35e60c7b00a042ac6b12b4087ca5604bfb94933a6ed31d72fe5a30ff9af19099c1b9f13c556f3313eb6798e7ec2fca49b2e2283ef78a6b587392c04fc3228a2002c6a0813a2d3"}
[2026-04-13 14:29:25] Lead stored successfully (both tables) {"lead_id":"012de882c9b528dcf2637857c546a8fccb30d9e4340e03e43c52940d6150c1d7b6e1c90afe1a375a09917d0748866cfcd614f5310570c374c88f53f559a1ad2818d5ca2c1eeabde8b2ec3607"}
[2026-04-13 14:36:31] Lead stored successfully (both tables) {"lead_id":"012de882c9a0778b32e43a15c5b1bb614d91d28c5f9c33a76ccc16176ac5a273baaf9a18686a66a10ef2a6ab73de46e52509bb46a2702cf56cdcca3356c10db1ea017c8636bc58018094087dc32a73c996372493d100d5b4dc1ac7e08c4fc6e0c3315882b626f2a9b2db4320fd1be0ba1b"}
[2026-04-13 14:44:16] Lead stored successfully (both tables) {"lead_id":"012de882c9c5f5a0a3436462d0f41ebec8034c3dfcde8c0205b785b58b896625c845b501a2f74eddaa8017030a7a297218bc5e08c25e988d7434eab7c7daedeee79428b0caef5970e2a1a4469b4e87fafe1ab0c8c9be2dfb27c6923838eb67422c2a0b647689cd87611c98142c5d899583"}
[2026-04-13 14:50:19] Lead stored successfully (both tables) {"lead_id":"012de882c9138f4c7c8c617dc6b1dd0d9bf5b0ac3c1cbb0535c3d6500ea610b3e47f8c8b6971add40e5f162bc201213d222286fa6230da2d9663617eda143ab46b402da75693198a5f7a4812c5e962313de098f2488143672c828a5600af5e6cee11fd977948dd379c92efae9d78586e92"}
[2026-04-13 15:14:24] Lead stored successfully (both tables) {"lead_id":"012de882c9a8da20146d18189177c0118b23d5e9fe4fcb389397a60204e26da03a963172c0966e7c43647da18e4c90fb7a6dfe2fe4d70fd7f16974fe4db6fe176a31740dafdff88a2c50a8c1"}
[2026-04-13 15:34:34] Lead stored successfully (both tables) {"lead_id":"012de882c96c5b413f3d4e2e6a870ba2bb26cffa74afd97afbf7149f5beaa7348518cb4cc33e25518f22f8df83d33fcd70dae6cf479868d3a4e4cbd0199417ef569d64182d35bc7dcbeabccc4a57b192806688924b6c04e050a729a2c77edbfb45f4d09a7ffed8b567f08d927dab1e3b4d"}
[2026-04-13 15:34:37] Lead stored successfully (both tables) {"lead_id":"012de882c9a1860ced89cb25a9e4ed6e91d046df0d7d5700c8c9c070d5c3e0e2161d2fcd401cb672a8125e9cef583e4d1c59f809672642e708a4eff963b4dd768be1ec457439bd3cd41af6c3b958cdc82e4ebc37d6ea2baebc0ec7f05c365844c32eb89f47b1a59b9634cdd308dd95b2c1"}
[2026-04-13 15:53:01] Lead stored successfully (both tables) {"lead_id":"012de882c9c702aad2a530fe2fb7a4fbb0fb145ec7e5d65d5fc81a5663cf94a61df8a8024485af1a1c8ef5bfb189604d9fe3b82a84a0d1beaafbc30c3db5b5b070298bcd1a2c214c631f4885"}
[2026-04-13 15:54:22] Lead stored successfully (both tables) {"lead_id":"012de882c96d8f100a1ab952ec7f436d7f602d6a7d797ff833c27ac4536fac133c19d114325ca8c210734726f26ac7a2a7a84c5cd4d3223643ba912ac79522a59505076b9c7e7255e4f27830"}
[2026-04-13 16:05:28] Lead stored successfully (both tables) {"lead_id":"012de882c90163afb9af701a3270e38f9bf1b695c8ae84f931ff6eac4e1eceadc322162f53cee3e767db6e7cf0b446be38a9d2c73de2cad825c49a36f5b23ef2f829ce2d1d8b319199518806"}
[2026-04-13 16:59:58] Lead stored successfully (both tables) {"lead_id":"012de882c9360611e7215c25528c449c956549c15c777cb16de9db11ee2b5da84f9c8de81739ff31a21d456dd4eeb04624dbf5df00c4d63cccd05c9517893a5f667b8bd49ffb27e55e4c7c53"}
[2026-04-14 05:08:53] Lead stored successfully (both tables) {"lead_id":"012de882c954c648626eb20c47b8cce417b324011deecc139c8e6e7a81a7c950de4df6839fc485fa83403a58927f849bde03e73364f20ce0733d20b0764dc422c407cca266c8d1928c3531f96b33c782edcedeac582dbb8349d3ebc39140759669d5a9d0397886a60c567eec64851e2aac"}
[2026-04-14 05:24:51] Lead stored successfully (both tables) {"lead_id":"012de882c99e92e3e89289a5035a75c61b742d05838e458790cf6d4b7c6d9631aabc30149eaaf96a2ef4ed98ff3b46bb2654d26dd684affc309e8ba36c0771357b72140accfd9a53a02ac1b02387f812316e9e539ffb16a95cbd788733fd39408dc9b1299b96bfe4d5b529599270ca2902"}
[2026-04-14 05:52:01] Lead stored successfully (both tables) {"lead_id":"012de882c95566bda12306e9cfda9e3eec0c538f877ed80dd74a21fcb950d5fa73e30b5d680980abd20aaada56d8434e9b3fa698a5e017f0f466c09394538cf4ceb5890f7ad8be6a668799136191fc27a2d162fcf7c71395cb1d05e034e27fca20873eaa441e08aad09b1b8af390168a38"}
[2026-04-14 06:24:31] Lead stored successfully (both tables) {"lead_id":"012de882c9511f4988a88fc486d09c9d3c117d59b44484642b21caab362a6b64d789ae474ff63ae3b80efe66ae89ce22f88d9ad7312665b6c9b07348f064aea8ca315cc4c4fdbbafbf429964fae7a254d444737412fbef2bb71371916192a8471110554447d7cbfbbce207b3257b680126"}
[2026-04-14 06:56:24] Lead stored successfully (both tables) {"lead_id":"012de882c994c8b6bfad98e6f4d656740be844f04b74b3d80de3c877aee954fb0737482236c668b1b82909006a4823baf2a134aadccb2d75404079905a050ee45885a9067090fdea103a157b"}
[2026-04-14 07:25:48] Lead stored successfully (both tables) {"lead_id":"012de882c9bf1cd3db7b247f6e47f64eb13509d07ceee6dd64be091a3a1bde14fc1c5059cac0ec72eb3ed5f0ea483a689bf2996ba653c30423d5bbb4139b0166e5f8bbd91071860af9ca3c26cf317cbf586671cfef24981edfb62b90ae9bd989d889f3130d4cab01af55733db8dacfae78"}
[2026-04-14 07:28:01] Lead stored successfully (both tables) {"lead_id":"012de882c973d3bf183e41c5a922f761b0fd07f1eb48de98a441d35c9290633b9aaa78b6728b158db0debaa5849f2643ed94eb12d71a8b28255c5638cdd3a387b00136ca391424622a5e2bdc850d294af2c550e826460d0a82d508763bdff5bb5e7f518e4d0e4ceb774d22ef850a6fcc64"}
[2026-04-14 07:35:48] Lead stored successfully (both tables) {"lead_id":"012de882c9f9abd14cf1d2a0b98d1c988d2d8786722f413f897e74db47a13a09426789ffafc3c28f8ac3ee3e473198c198fdcfc4ef5e2b26aae63fdd78b0eede3ace7928c395177920b6ecc64432d49a17800670167ed7257c37b06b37b2f4520836d5da2dc5ad8a1b37ddef383818352a"}
[2026-04-14 07:36:10] Duplicate lead ignored {"lead_id":"012de882c9f9abd14cf1d2a0b98d1c988d2d8786722f413f897e74db47a13a09426789ffafc3c28f8ac3ee3e473198c198fdcfc4ef5e2b26aae63fdd78b0eede3ace7928c395177920b6ecc64432d49a17800670167ed7257c37b06b37b2f4520836d5da2dc5ad8a1b37ddef383818352a"}
[2026-04-14 07:38:06] Lead stored successfully (both tables) {"lead_id":"012de882c99775bc3288c32b9db2e6e746ce8bd610e30fbd04363d782d4023b9fcaeff6b32c8b42bc18e94646907d8b0e988a2ad4ffb5de5dc319e044b938c69fd8d2b40b9b5392b0c0cdfaff21cd54f4bdda8802c4cd8c0ccdd2d1a368fbd0072fdc81f23e5302aa07fc238d05f440606"}
[2026-04-14 07:41:55] Lead stored successfully (both tables) {"lead_id":"012de882c9ff98e71b49138b54adcff2214a05021b1240089c7430646cf4410eab488485341cf2fd31077fe716b084c246469c045c7be60e0c8921ec633aee482c9dadc12f5ef3d654a5f0376096366d0893696ed033a764dd79c228cc40d50b76f0dcb90a27907edef0457f39586f94c4"}
[2026-04-14 07:42:02] Duplicate lead ignored {"lead_id":"012de882c9ff98e71b49138b54adcff2214a05021b1240089c7430646cf4410eab488485341cf2fd31077fe716b084c246469c045c7be60e0c8921ec633aee482c9dadc12f5ef3d654a5f0376096366d0893696ed033a764dd79c228cc40d50b76f0dcb90a27907edef0457f39586f94c4"}
[2026-04-14 08:33:02] Lead stored successfully (both tables) {"lead_id":"012de882c9021cd82e556c4fd4ca23f681b7f309dbbdf7e6f0aa779793f83c06a1cce781db01466ef093ba72524ebb8c9ce05f251fa32edc7a6112235d45fe11f549557d89609bed1011df3a"}
[2026-04-14 08:41:33] Lead stored successfully (both tables) {"lead_id":"012de882c98d5e7cb085dd3ed478b522c96c635b5abfc68b86de86b06a2858efc69bd0dd849e455fe0bdbf760c5676b88ff24b5dcd5963dd4a18ef249a3171d7e9c99546e95bff9b5fa27a7ef960ab5488c55453f4453505e1fed5f064792de2354edc1c21c00e69405974d81b1e02ad65"}
[2026-04-14 08:44:19] Lead stored successfully (both tables) {"lead_id":"012de882c99afc0d36640e2b561a3739c92511e83c114c787911f245ef0eaf41599972482a4360b816ed4450ed621d55421f73b22fdda44eda2defcfc9eefd689d8758092432f3f768efcc7dde27f4c1fa5684fd15a8206cad8e00bfc09a8ba2b04009b09f4821ff4aebc17e3be45078f4"}
[2026-04-14 09:01:59] Lead stored successfully (both tables) {"lead_id":"012de882c992a858b29e48dde00d315745c78c99fc3f5ea98f697e646a88263b892bdfd46f6c51ea1d228bc58badf0ab8169c668e5844e53e6f98ae3b8ace7a344ad880672e4ff96c77ae186473e169575b81b2cf621536978720de7ea07c5890e37a9e11f2fe144cb9308779fb38546e5"}
[2026-04-14 09:15:56] Lead stored successfully (both tables) {"lead_id":"012de882c9857aaab88c84f7e3c2aa5a544451482de270a090cc9795e97550adfab53cd94956927380ead076c966724b4eca2750420e7f57958ea5489889c6ef545cddb2a13048e081f4b65251e3ce3763eb632684296124ef31571a7cfdcae2f2526d26266dc171c5f81c702571b94c45"}
[2026-04-14 10:00:10] Lead stored successfully (both tables) {"lead_id":"012de882c9a3bd428d82cc5b1568827da497a309ed491211455ebac8a114f1c1698704c5416d31a19bf5e4d13a11cd14cfebc1271980cbf7b8c2cd692a3b1cf36dbd8706c3dfb08b42aba1f91afcdf62a3b373c22822b103939fcc6033dc4be0066252e68e52921793589d52bec4d7b1e8"}
[2026-04-14 10:24:54] Lead stored successfully (both tables) {"lead_id":"012de882c91eb57a3e28200ca1d56c027645ca81c417b362f078aa14ede8944cdb0674830938451bd2af602bf9531aba0840cc9b208b806608ef08db09defc02dbdf11c570953dbca45efbbce8b9d8725b16312f41e97c501b9ac36b0cfad79b017efcb3c5b16147335e793c5e6e57474a"}
[2026-04-14 10:26:49] Lead stored successfully (both tables) {"lead_id":"012de882c95bcd01bd283adc9833cedf4857b61c16e59465a6fb4ec2760829867abb74cb66e5e16df470d950b8fb1c9893dbc2a2e3c3f97a04bc3e6e9e7ed99089e045b82dd3c6eac8f991adef9bc8b4d69a4d888aae0d3bff0c2c8df27f95e4ade8b7d1c3392c7b6e0efde2b3456f285a"}
[2026-04-14 10:41:09] Lead stored successfully (both tables) {"lead_id":"012de882c962c58ff75572d90bcaf9f2426eff3a6dacb037a00848015ad57860a6fefd309a0c72c748cf24ac08d4edfe3c54365baeeab81cf05c838ae7b8929380acf2454baa3c14a1669e0686425b363b5e5b64e0caec6de9c3a1fd35515fb3d092c3fc11b908b7e8ebdd8b8912f45a90"}
[2026-04-14 10:47:15] Lead stored successfully (both tables) {"lead_id":"012de882c903e4917ad3e0e3be6fa876c66642e81a0206e74843798ae6b7af649a5896c82023d6e85df4bd8c0f8850fa3ec065a86ce7761b16ba523a2a20ea51503cca7caf02bbafa2c4d9749cc7b2a031bc18cde8390de610d9ea81562fd50fa270658d7a9c950ab15f8f9e1d7207cb2b"}
[2026-04-14 10:57:46] Lead stored successfully (both tables) {"lead_id":"012de882c9f4873e924c95623d0da2cd081b3293de0b3925e8accc018aea8b8984538e813206000526fc4520c44c2eb097ebfef3af5cb22e5f311318db3931b22bae04be92498b7df56e1c5746066ff15112813ef5a1ab0d62fdf08bae69721a8c3a44321acf76dfe225a0d0f3c5b3b207"}
[2026-04-14 11:00:08] Lead stored successfully (both tables) {"lead_id":"012de882c933b597b2224f19fe13796458ed3e13cb23c4a271afe505ab733e44a066b73a247fae096e9477d7904d03212eb064b54850dbebc7c5388b819ccb64fbc77aae4fbea5d1e332c32e8fe534fc6755e9b49c56602426ed7bf0132ce3a2c23c52432850e83b099d2344509155b6ca"}
[2026-04-14 11:08:26] Lead stored successfully (both tables) {"lead_id":"012de882c9aef3aab91573df8da10a3d7398ddd279f8f45be4d9643399e4ed8d665855a0650c3611b0b607e59e29d5f12de442d0b1cb3fac2029feca9a80ec9749af0998944f8a5789eb217252ea35ecc692ba6ed72cdbdb8c228fbf08f9bf66ab200d6a07ce2a1cb8ea7b2d9ae75ff246"}
[2026-04-14 11:17:57] Lead stored successfully (both tables) {"lead_id":"012de882c9613aa0e1c07c50ff449d2184a4fb6b8f6fc66c50709c3d9d8ce1d156841e8f1c45f2833a94b9afa3a0407c75cd7009db4d71adb4136dc83f6d345356c62dd7796442f71d448f845c064b146b1c535d908f413941261f005eb681a78858f1a21a0d1584e254b6c91655cfbae9"}
[2026-04-14 11:40:44] Lead stored successfully (both tables) {"lead_id":"012de882c9b57d011953cadbbfd43f4faf7d13ba7a2e8cea1261e747fa327dfd31fc96d414f215938067334cd3e47b7666ab7ee7da96cbbe057ecb53d59acb0fb21ec4adc78ac974ab45ea0f556294cf4c24be753ed57a1e381f9ade99a796a6c8e0338b35f7ceb706e9254ed9283b8ac0"}
[2026-04-14 11:52:02] Lead stored successfully (both tables) {"lead_id":"012de882c90252ed018c8f53c3c4086bc76010987663ba204b0d8b0420ff76b170075101fde0f365de76595ab47bbf3501c3539154122474442e79f2058563f940ebc6282f9cfa7547b3c1dcf2ca7f01dedd5bc8cca05bcd12d08d64fb563d2545dce8e37abe9ddba6f0579522ded82692"}
[2026-04-14 12:08:19] Lead stored successfully (both tables) {"lead_id":"012de882c952322390c75885a17700ee407c676683c56dfdb9d8f808be3e07054d7fa21817db66fe565bfc4a6434c9030906560ab1609101eb78e20bc19a4871c5cc5654f1a1cde61ea76323241ba604239d8f255e6252ce233b816a225f3a66e8e7db7bdad7f6e51a9f7d2be555960d35"}
[2026-04-14 12:08:36] Lead stored successfully (both tables) {"lead_id":"012de882c93f29837159f34a1f8f60f4897edff508d42764dbdb25f28b0b9492cfec88ff0aab33dd961a570f09fef2ed1508149ccf73a37ce5d3a4def5dfccc44d06935c1b7772b68cad29299d86015f4d613f21ed231721049ffa5aadc02afa7623baf6f4da69bb09a967ac2e906e7e2e"}
[2026-04-14 12:32:26] Lead stored successfully (both tables) {"lead_id":"012de882c90ec1417eb11b3d30ad87378b0c6f6e3eb9bd084240bdff81508c1246686ee0db6965483e186d1cf631ea49d6042532f3e554c3fc5e4a822503c93c9e82b5731a404befc58305c79d7be4aeb9fea0b131c51cd070ff0cd416b15e7db3d40a3609c3b630c50176e0cddf1dd9a1"}
[2026-04-14 12:48:38] Lead stored successfully (both tables) {"lead_id":"012de882c98ed2b3822f5199b0aee22c9af9b2f94b3906334b39514d81d3503cb3beda66a866b55c39445f93457a25e435360544a9fceb550afe2c176b9941fa6c420bf7deee1d48fc9332cb26491f42b7c55dc59b893003e8584e969195ff788be6624c3a0a1c2ef0dc8854b4f9206ed6"}
[2026-04-14 13:02:59] Lead stored successfully (both tables) {"lead_id":"012de882c94b6aab479eeeb9d3c34a41a135babb0197d32a85b02edcc0e4d32f7931560597ddb5853832d951625d435b05159d0806eec4f06847663eb591958b77767d51575ec2a4c9dcddbe"}
[2026-04-14 13:07:12] Lead stored successfully (both tables) {"lead_id":"012de882c960bb8973a8f8bd6952ee87868286c8b670ef0778aa2f2c6d7270bb8c3acc413d5754af51c65a995b51794635591bb92be60a7b8c3bc93863fc23cf6f9e2ac8c4578cd6977b9ed55e9fb596b0572d2a2b0c9cf91ff4630f34bbb81c581d725c701e32a948a2ddb72a2a3748de"}
[2026-04-14 13:18:36] Lead stored successfully (both tables) {"lead_id":"012de882c99f837fd6bb9e5e4cbd6a3ee21f8e6202ff8ea1c7923ebaad5e6987a53fdb6d3455e295f7989e39110e3051ec3ed38441ff3558947e4cb7f39bb5933e44f3fce1e8d8e415d6a26b8c11b9baf7ab8a46eee91427c79dcd09f279cfb59e74609915b5553bc991d9b9e4ef7ace81"}
[2026-04-14 13:35:57] Lead stored successfully (both tables) {"lead_id":"012de882c9ed6cb3feca1149e50e1f913969ddf085dca755099dbe1975597746c3ce1b51aec2e43253a5c9e65e38f7f9c122ae3a29c956409e7835fb3305a6677790df572899b51b5eeb76c8fc74fcf4a7828638e18c646bdedae4278aea216d4cc54a286e2147801a502d0bc139da3880"}
[2026-04-14 13:43:31] Lead stored successfully (both tables) {"lead_id":"012de882c9dd63c895712cc0e4911691b51bc6ee3d6a118e5ddfbda9f48b2c7af93df3b4929ed365d2b22a102d408353782ed5ab5b646c5afd0ec6f5c502c2287b14fffa6912792f03e27aab9cde541761f5bf462b0091faa8512d36b6187f1d45d65dc313cca161199838ac422aca12ce"}
[2026-04-14 14:06:24] Lead stored successfully (both tables) {"lead_id":"012de882c95992c012cf4d4f52070b0ec0e3cc609f90d0adb9925a30f82fee538df0c189f47167d50284b9bea10f6b"}
[2026-04-14 14:09:17] Lead stored successfully (both tables) {"lead_id":"012de882c99ff1ca94e9b526f0ad6daf69d9e3e994f4a7b233048dd7eca03f7f50b07b04f58cf8b2bff160284ac0eb1d1893f696dc39f75795fd1918a3e3a7dde109b3654e8d03b278ea3b23"}
[2026-04-14 14:23:18] Lead stored successfully (both tables) {"lead_id":"012de882c92b077e3264e09699fa3a4fa6979b10553b5a1fbbed1a691cc178f7b8866ca3e3dfefa00a8586101fe67e0a8c593cc62efc2bc09fade85d9f9b3f8c6c1a6a276a1f61f2929f66277987e5722adc7f991f4f4c2d9d2dddc36b7e6fd7c8f9a83c3d67407ee8f18f981d52388b3c"}
[2026-04-14 14:50:33] Lead stored successfully (both tables) {"lead_id":"012de882c9f25d807dcfd0fb619774f7a3e67bb80e6ff836875c7ec80b2c9a7ed8862060f0e49ad72a07f981dfc6369a0d4b1cd5a220394b2c8a333861110bec7eada528ee5883a5fc1599739279a2ed8c2c23766268e059666a3d088b52c275f2cfaef2224af656875b0b2a7eff7f4f1b"}
[2026-04-14 15:05:33] Lead stored successfully (both tables) {"lead_id":"012de882c9f17019d527a4a2f2c6573256087d90d50c8d35d4a3076a27b01114dcd88d3f199267a058dfce42175038dc97054239a5a1a9f2846ccfda84ed5e11ce0483dcb854f4572fb0bae9100e6e8d082ae3ca177f775f77ef9cf5e085dbfe101ceaa434c5b5b8979b6e6743df45cff8"}
[2026-04-14 15:05:39] Lead stored successfully (both tables) {"lead_id":"012de882c9963bef19febcc2f52ed5f76b0480f25844c75ae44a4558481924032d2801dd579f98e60a54f355da52abd1ed05818696a4233c313114df000c1af7fffe981f598541033179303e"}
[2026-04-14 15:06:57] Lead stored successfully (both tables) {"lead_id":"012de882c9439efab56f18c5f533f3d73c3a586f9fcd3899cfc0ad2d1d544e416451fa349f4570ce0103e9d70280292c347d1f7078f6446b3835569b581bbac1a39ae79cc657b79d0c026677"}
[2026-04-14 15:10:43] Lead stored successfully (both tables) {"lead_id":"012de882c9f28eca8b894d55f04abfe7d2bd11694fab60520298e80c111d57e05c1154b214ebe71b8e0bf09a11fdd8a22b07423175a09aac4b13fb826e1d0fcd52f06825269de2f0c1acba485bbfc1ca21c1151074b498925c18129777a47e209f9dd2986a1ce008227137253048b13d53"}
[2026-04-14 15:21:24] Lead stored successfully (both tables) {"lead_id":"012de882c9d0364cf44f31cb1b594d6b6fdb88a7672c1b95298005bb098a8355caa181114a6ef964d11583dd1c1eda2ce30072e4f48b6fecba77cdea21061c6b85d7c295bec8c8a3a9363d84"}
[2026-04-14 15:37:32] Lead stored successfully (both tables) {"lead_id":"012de882c9249fda7c82a14514fb983bbf45aa9f4f7d256b4ca7a5d96f84134a807dbd21745299cd05f54a9578e6c5beaf505aea9fb15e0352c59e473686994ba9cdf208fb4b73d7d63ca403"}
[2026-04-14 15:38:38] Lead stored successfully (both tables) {"lead_id":"012de882c963dcb8a761490ab5f478c80bae71da0919e476598d43d40bf42dd80a49f453975200a1dd3beff7cdfbee2379b359e9e105152d6bf63ce8a5a5bf6385f88581621978b102af6b6e27e7c4f271de08c8be24550cb2dedef70f21328438968e27774f7cbdad82e2be176a811d38"}
[2026-04-14 15:41:51] Lead stored successfully (both tables) {"lead_id":"012de882c94c1a94228c28d061432ff99960e6cf667bbf84a6f096cf35cdc84fed69debaad55a338aa9cf2f58148b38e4fe3374eff135c2ab5bcd3b0128981d01546d9318c3ac0e9b66930f326bcfa05201563ed0555a8dde59838d2142e196d4a0681cbcccf331c0c8b4abd386edbba03"}
[2026-04-14 15:42:27] Lead stored successfully (both tables) {"lead_id":"012de882c96466af222fcddfbbfe71ba3d1141c51e6811f34f9f9be2cd9e26bd63726a4b7fc303828e856ee8108a016514217625cacd8ff8ca93a8302a56839537f80ef964b3c8fb5ad0b0ffdee73a8a98c810c6272d0af288829205bd92fceea85ee66d3c9bc647f9acd83b158b9d47e2"}
[2026-04-14 15:42:29] Lead stored successfully (both tables) {"lead_id":"012de882c963116d941dc6a7c2af36af305a63be817767b032728ecfef296be0c87cd4f5c3a030ef5d011e1e1345bf4ff34dce0d17ea0e8078b987673e7e82ad0d69e208bc38a52fe8a98e2d9d745949e95b68222150eb4f99416cff6729556b1c03783a6110c5c4766a2d7149158988ca"}
[2026-04-14 16:10:25] Lead stored successfully (both tables) {"lead_id":"012de882c94a8ec01c41985e69767f1cc2622e82e2a1671c41735dbffc375fa17350ffb19dad9a5093c3d95c2c068a0fca7df34a5d0f73767960faea223dd5c7a0207db34968318892f0c7e7f62ec91582de0c44708d57a761b6b866972cc109c3d91f07748ed31b6383c83bfa5a6f5969"}
[2026-04-14 16:13:27] Lead stored successfully (both tables) {"lead_id":"012de882c9b3870f4c8ac883eb287ea62cd3d78e284918ef1fa04930981c50f547de9d2125757fa950464bd49022bc924c87879d28aee038affe651b8afabad94a219341c74ed0aee7f5f33fa35894a19bda39cb1519513f44188aabf5e71c2934f10800a15caae1bade8fd4757971eafc"}
[2026-04-14 16:23:26] Lead stored successfully (both tables) {"lead_id":"012de882c977b125a9c1375975ab7be79889f22732f871c5bde0056aabcb468e32c1c10604599c9f7b50fc1a349df1ace995fbbff433b14dbfc3db3e011e78f32847ada1b97eb2d560ed05b3"}
[2026-04-14 16:28:48] Lead stored successfully (both tables) {"lead_id":"012de882c997f244a8dd421b63f99ec719c31ae399c73c70943078f85dd8cabb56afaea8f89cbf5d409855893c8b5e9db8f7f03b352a0034377c846ad056a67b2ea34dc15a9efe42dd5cce384ff49ab3f3f019b6df57d05514ce094f0bd40ff78ce7fe5cd86b27b613ec53fed25f433f0b"}
[2026-04-14 16:32:23] Lead stored successfully (both tables) {"lead_id":"012de882c95cebdd1439018d703dc75c1bb67a2ab1994b55533ba5386e3caa8cd53953e5c09be97de49ae0cc18ce07bba9dfd5a4d38d6b3fdf83c49b6f3f7942e717ddf7c0396918e583a291"}
[2026-04-14 16:37:41] Lead stored successfully (both tables) {"lead_id":"012de882c9eb935a6d2c14204769bd98ae580f94bb99f0bbcb80ec9713bb3bf982e129f82fcd4a439b3863f2d274441bcfcc936af632e47f5f7457abbeeeb0ab628904da953d0f4afab006bbc23d3fff9f58c321e948c33ba80d1e313cc2dec29aef6a036be0eb245be32047e413e5dafe"}
[2026-04-14 16:42:47] Lead stored successfully (both tables) {"lead_id":"012de882c918ed31cf0795279490056099c26b948fb05c2b585b3589f7bdce22e21bc051594905282b8bc564a0b2d752492d0dc0e7cb8e8f34dde4016bf324a09eaca2475f58c4e150df5e0f0aac1262d0eb6381dceea11ab8d876cee8fc5645e01ffc92ff6c4802c79409caefd8c79fb7"}
[2026-04-15 05:17:25] Lead stored successfully (both tables) {"lead_id":"012de882c901c774122dbd2d206e4992f5cc079746043378938d31930ab502bb271d0eefd86735d3fd996dbe0dcf2e918362004e9761786b2a797011308ebaa4e0b17265baf6252a7ca70295536419c13df354bb13b1ece9a0d39efdfa9ef15225daf3b0b1baae985b39c58b08dd43a474"}
[2026-04-15 05:41:00] Lead stored successfully (both tables) {"lead_id":"012de882c93b5d6ac5d8157dcb012f1cf66538023ac30989d8d4359a16c393811cc8348f24cfa8d7eb247a0224cae6e8fce150a7bf0a2ce78ae1120268b03e3411872a87b4dfed3cab1c7532ed45aada1aae56b4e11c271377744d926630372508c2b96411d09e967c642c9e86d46d3ba0"}
[2026-04-15 06:22:26] Lead stored successfully (both tables) {"lead_id":"012de882c9369ccde78f46aa6f2f98f91b241f3e7369f66123bcf0fff1c50a10d4c228a341eb27ca75d3449cb63045bb8a3aafd9561e74fec8da363d9e96f8c2214e9435dab4cb1e230bb6be"}
[2026-04-15 06:52:22] Lead stored successfully (both tables) {"lead_id":"012de882c90ee0eab4fe68ea42ed13cbf9cddb59cef1e87e15351acb10f2e2ff8903725fa71c1419836cde0a9002eec41d8a599219bbb5126c68fe94f9d0997ed4ce282b2f6843c39745fd5ae9845179b1db646b4ef13598781f151766c8d7078f6bef1c3fb8b9d4c11f3c04e665333c3f"}
[2026-04-15 07:02:08] Lead stored successfully (both tables) {"lead_id":"012de882c99a139861ef535dc006f166332e849b3b9104c3af28962c7b2228beb1d3c75a5dedc4864e80f49f1bc72a09a0b8d87dad698d5b41a30ddae85b9f07ce2fcb7b6825a38906d67c1c913f63879946c2200f634062902c50a0bbedb73b985c0e3432c2489c5d51c0cd1a9976e1"}
[2026-04-15 07:32:33] Lead stored successfully (both tables) {"lead_id":"012de882c94e98ddebc88fa89b689a5bbc03c3ad3f700c41602d67ddf72fd3f699f01c5cbc19bb3f958e5f5ff2d4c9b651ae55a80c334589b9101e78eef7b69113a9eb0102259fae4db92a415f1d8c990b17b4716d0c4060e0b32ac5bbd350e3a534eb8beb038f74116e38a87562e12b"}
[2026-04-15 07:50:02] Lead stored successfully (both tables) {"lead_id":"012de882c9676ad7ae4c1ce1d853dfb53e9ff5c0014a1f299106d3c8ceb052361614e901798d3465801e46e5fcf2e27528a72017142c95098dbcf17402ade43abf1e479e9614a74333c0ba9b5d96a79c9dcb03b141c4885e561f1228c290d1d96fce19ed23f3893a81cfb04198146bcc"}
[2026-04-15 07:51:53] Lead stored successfully (both tables) {"lead_id":"012de882c9d91b61889faeb34b066e995c1dac132430ea7d9ba1b122d44157d67568033cc7354ae8f1f91aabcd1a6e38e091732453a5b1fb47d6612784331ce4edb11468e06b843a552a68e848a3b11ffa9babe77c93db691fefa4decef3a749bca744691cc4fb72e28ff2c445dd8be0"}
[2026-04-15 08:42:17] Lead stored successfully (both tables) {"lead_id":"012de882c9da0f68549a7fce79e179294544f86832a3cd54d1f1f838ffb0bbe024c23b3e2a3b63b7219317714cb8da"}
[2026-04-15 09:05:49] Lead stored successfully (both tables) {"lead_id":"012de882c959ddc2ef66d9905e3714e4328b71d38eb2ff9d50f2071a8b0ac2ce0f0377328f90d6c024c6fcd6d8abecbb70264f16262354299bd2979b0de56040cf0fb549317949a11f3ae3ec"}
[2026-04-15 09:14:19] Lead stored successfully (both tables) {"lead_id":"012de882c9c9da763b68315a7be472696a9c60a99bbdf95ce275c79e290e4bf8b1e66d8360f8fc6a58f1ee716c0951eb87311300bf0c963fb5489b186f765367e24340f20e332c0b8e92170afcf09c65bac05edc8e0a096cae044a68cd70d36b7fa20e64099d8adf311debed4b149a75"}
[2026-04-15 09:19:55] Lead stored successfully (both tables) {"lead_id":"012de882c9183145df8afaf70e77b8cbbde1c7170ad7865cc1ae397780aa0ee605823c88aec853794bcd59b1716a13d1d59047914211a453b840749fb838b81ac7578de9d8e0b54023937208f1fc4d52084f283a65334d6bf6fd8965eac12b1b2a74470ed7165460290540eb4c75c723"}
[2026-04-15 09:29:14] Lead stored successfully (both tables) {"lead_id":"012de882c9c09bfa53324a678396710a337fc027c061ec2d2710788dd0b7c486135f374933e554a2a458b9394125f67b14813f3fcf479f3a5f9bd2b98ce08e273bf240971ca20db09dfe22f3"}
[2026-04-15 09:56:25] Lead stored successfully (both tables) {"lead_id":"012de882c9e20dcc90f39b3a15b5117392de43b8c2665da16861cbed91a81e0da4d68427e02c3e74660346ed357191b58b7cf36279b329d525d20a9ac046f44487528326fc2694eaaf4c953af9887c2680ef67151750ee889ff4150b0dfaa3c726e21768c5a3b94106fef5efb0e83f1b"}
[2026-04-15 10:39:51] Lead stored successfully (both tables) {"lead_id":"012de882c9ff64dc9077a5705f462b998f65de96cdb19c766c9fe0dbb953be565cc67d120837154e066c6155b9cacc5856c28a1d570b1d8d1853a6f2030d0be9661c5fb7a2de9a282ed515b158c30335cca9b349d61d9f68eed228de4a3f6ab967f232411d4a82667e39928201adbd83"}
[2026-04-15 11:30:38] Lead stored successfully (both tables) {"lead_id":"012de882c9a19827d11845d52c91e3c81ec4a87806f9f34f09ce812211f9563a2e92b63d36a7510cb9598e6fd38a6882b993140ab2e1d54bb52d957623f50551539d0d8b81bc523c284dae409cf761b3241e68d5e49c4115e009032474733c38b63876810bbfad5d0bf2a5afab759ed6"}
[2026-04-15 11:46:24] Lead stored successfully (both tables) {"lead_id":"012de882c9481ee2a4d52b32554abf42f79f436375b740df0f947b362b3216af7824e8a331133fa0d3719cb9494f3951119dbbf5d46934d32e0b8715718e6e0cc94f410bdc8d3a6f7d03d780ae8ea7a3149fbcd3b4dc4a6a22876fe5b29ea5a4e3368a33794c9e0806e592085ef3a5e7"}
[2026-04-15 11:58:21] Lead stored successfully (both tables) {"lead_id":"012de882c91b5dca0a463e3168b7ab9f43803146215be368c412f83e8b9d82659f367f172c23e4c983972c63764fdb831fbd24f0affb33ac57a7a768355ad89d579d2c619bb104b03b3c1969b4b6bfcdb96f37a4c9979a6b8cf13a4f9b2de0a57f552edde6a093b141d2bacd0dc842b1"}
[2026-04-15 12:14:33] Lead stored successfully (both tables) {"lead_id":"012de882c9458576ee8cf60813e09375c9a047954b54366565fed154fae907635fba4e41a598b7ad0f54c7cdbf828e428958d4a46fa3633701f1d5eedd35bf44d01413f351fd6962122270336ed0b3b0ba5c0c9858d9aa43214f7ce4bf1296c5ff91f429598968daf0a47e77512d3899"}
[2026-04-15 12:15:14] Lead stored successfully (both tables) {"lead_id":"012de882c945b27f9180d7d1d9bc822aab8bd8c0913b1d0f2edf3f5d7bb7fba5b86a5dbbd55e0719b3257e04f780dba8e823b9fefe51b53098531970cc47d742efc94cbb9692972d612b5b24e4366a786c050ab3077d368b6c3379ada242da0aa71ae420585900637daef1023de53f80"}
[2026-04-15 12:24:42] Lead stored successfully (both tables) {"lead_id":"012de882c9373c4e831f196f0a73ef8021ea339e9cf47c1a3ea40cf93b4a8c1814b956f6f17674231576a23b35af384b3767332a77579fb23c63ca0ba48f4ac326633f03cfc5ebb69ab3714b24980052b7d50d12015b582ec35b16d22ba4a89ce38737ede3f6ddfa2de153f4c36e0e6b"}
[2026-04-15 12:35:13] Lead stored successfully (both tables) {"lead_id":"012de882c924e622191905f2249ce7f7ee9f160e0e05fe299de6c43c0de91a8324f08885648c9cb409ea2938bb8490"}
[2026-04-15 12:37:01] Lead stored successfully (both tables) {"lead_id":"012de882c9f294ade5e8666e3b7d472867ad481d6530c189aae8819651d717edca7b49c7aea2baa3534d25355e7c6d998e55de1f8623c284bc94584969ed3a8157090e9dac5c005bd880917b3caec717621cdc25fd7d11d254f6670242df0e31d13756d823b93da8e782ffc9cfe77e94"}
[2026-04-15 12:43:45] Lead stored successfully (both tables) {"lead_id":"012de882c9e6187bbe118cad253b371fb3e7d132a91a5d2c03eb088bd2f1189bab3598aec4eb4d67edee710daeb62faca0bcd411392a1a21c91839c1ffd233dc976033ccf2a512d255495b89"}
[2026-04-15 12:59:00] Lead stored successfully (both tables) {"lead_id":"012de882c922b5c18b9165ab66d6f247ae4ef5bd136ceb1bcf81c2a40cdc19bc4774740e8a5ef7a94b12e27e048dccf8534bc3360f11a94bf92a8460806e20ebfaab5dbc3fb0782e1414836b8cc19c3084cf2fa647cca6b56c5ecfaa9e94983cde9bfdd08d99a46d4b381d174f4207ea"}
[2026-04-15 13:02:25] Lead stored successfully (both tables) {"lead_id":"012de882c959183a59d3f312d2232d7fae46c381f9fd4f008d408e987c5d8005a939ebbce0e38767a56a5d9aba5428bc96a49604e8e800fb75b7f4455204f9562128656e9a9d1aaaf92ef84546f0ce5f33837d380ecc357aac85646f4dca1c2ee2b83b2cc50fc84b6677e6f667fb3000"}
[2026-04-15 13:20:49] Lead stored successfully (both tables) {"lead_id":"012de882c92106356a9609733e5f57256bb6b29ef62261a369973e2e3d801638ecf9335c24eea6f02653fad39733e80942ecd9189c1aa193e19d709d30b1c136336c4d0e14fab3ca21ec4f8aa4b0ae36ab30cfb25535ba7f645d0bfd0311cf7a093e63f1676aafb972f29c702fbbc961"}
[2026-04-15 13:33:41] Lead stored successfully (both tables) {"lead_id":"012de882c92b3a6f8bf905168b750ccad1bd1dec17661466726a4436357edb31d9fc541d3bc04563e160113c9b34a7f54f918c8de1f40a760c8e5c8733925945605bba4805e68080d70f495bfb696b333079054527f39a66ee26b51f333cab3046616be15e1b19485a23561d48a4eb12"}
[2026-04-15 13:36:42] Lead stored successfully (both tables) {"lead_id":"012de882c913046a6d397f3c5ab265f0f274e5fbc5d9f9abe62ba37ca68f41d500f29adf9f50ee3df52033b0f17c01"}
[2026-04-15 13:44:37] Lead stored successfully (both tables) {"lead_id":"012de882c9b77288c83cb555d683f98a4d9d8749de2e1c234150ee23e585e409f1aa01a191dfa4701f9a654872a58c921b881453bbc9833772c42a464382b1d3467606ea2d9173d58fd6be7d26fbe74943a97f6030fd608fcaa500f1f89a85752fb60b8519626353c8db27945d76917e"}
[2026-04-15 13:45:54] Lead stored successfully (both tables) {"lead_id":"012de882c9972729da990511ec8c63bddfbac226729a29a25f4fc0d93fb9bb039739a018b0845f2ac520b276580021807c2d97479aaddc2b2b2b1c028d092bb5ed07a2bc9f5894a30206c2099f9d8c0e8cb1751bfa58c3e5861ea7bd133f28d416d7a05988b22fb7124de43a87d2fe75"}
[2026-04-15 13:57:03] Lead stored successfully (both tables) {"lead_id":"012de882c9e04fa8afb561c69838cf9e6718821fff254683e22ca8bb5592c2b81bec0f6598efde7313d631dc122504b8ead6f417d44f3f865a9c7c8dedc6fbb8868c6148efc62a4805656ef479b0b7ab3a720359a1ef1a1db709aa2dc8715d077cb550d9495a9080cb30f563925a1168"}
[2026-04-15 14:12:11] Lead stored successfully (both tables) {"lead_id":"012de882c914b032c4d7a202e282876200bebec371ce5d8560eaf7e8feb925a13ce6c05a00d3a24e94f81e64bf6f35d8ec78b178ce06f09e361eaf322c0501e39a284d83334fb9183e324bbb06f6cece72e8e0be33c49a9cfd334a5c74a897b7a35b5cc1dce86d7068fdc74059b981a0"}
[2026-04-15 14:16:51] Lead stored successfully (both tables) {"lead_id":"012de882c9c61c73cbe24a405bbe50d3e9923184db0cdb3dffe49c0915a0367ca51a7a3bf3232d92476b01b98312fb758922e485484e4312515f85c1d8385bd3a34ae18ff91cbe91a2ab69799daf399bc0fb5b3103035e4033d07d2629984b6441d7a288e769e3de6e930960104aa5d9"}
[2026-04-15 14:39:56] Lead stored successfully (both tables) {"lead_id":"012de882c91ba7940b08a845af89f6df11dd951f1258b89bc35d5340437a1037d9868d01b802fd3c9d0338e434a635efca2b612da1deafe8aff7f13643e07009427fd1faf75a3860299e651330cdbd250e9f4e0be870204ef34e64bd287a09f447df2424ef28c940c10342984391f574"}
[2026-04-15 14:49:00] Lead stored successfully (both tables) {"lead_id":"012de882c92e9a6c7cdd83eded62adb97a0f7318637148fd8332b5ee5b7badc19929d28956d2f5afce407a558e23ea08055c461ad1b3316f5d68737eac0d8444af5ed91b31f6318d1a55ff04205628c51e3a6380413069ee37ccf651e11d12d77c8e8ecdc7aca9bc385929b8e1c4f0af"}
[2026-04-15 15:05:35] Lead stored successfully (both tables) {"lead_id":"012de882c92caa40565572e2218a8b4d99cafd0c051881ca0f80c574c25aa3247875487086f6e683a5b48b9fbf1deeaea05f0b3861d1572282d7f4ae85fb7ffa22bcb9952e8dcdbeac3d1a114f4ab2e17517a6c2f07ee94b958a54b2e23d997baf2738fcf6c8cab5728c91b254c0b254"}
[2026-04-15 15:07:55] Lead stored successfully (both tables) {"lead_id":"012de882c9d172d1d6019e1382d64158eaeda66701c51765d9b30ee1887db810427e77d5b27ffb603e6ed0dd0d4e8023eb2c6bf0e0eff8b86899615d4ead6c56d265accd9e534d5ef7fba3dab915ed504eb76a80a20e8c5d07e76b2d663c85b25c505ad29a28663e26d845cae9920275"}
[2026-04-15 15:24:00] Lead stored successfully (both tables) {"lead_id":"012de882c9cee67859619c65f6bcbf13e1ce8aed590911163801949ee132b1cf0d7df84250181d457d9b54e9af00763513d468fe6d7a4ca255a694ed999652b4949b4fb5792ff4746316a449d71d0ea96cffade6ed623f662e37c92ba4aeeb3d3000fd3f77a3235c3ccf17c09332e711"}
[2026-04-15 15:32:49] Lead stored successfully (both tables) {"lead_id":"012de882c9fc9d8a4936a9ec1ec9741a26c692b05545d98ddbf7a806f0db270cd3ba94b152a1688d90db1c5aca328c4126342dce07d8a0dce8b1a9da35c1b55bea9cb6c07f66082cb1176b55861d75585d6069408ebc7e7d3bc7b19a9f39e016977d39ef10698a55c96a3d2260d7e641"}
[2026-04-15 15:33:17] Lead stored successfully (both tables) {"lead_id":"012de882c9cdcb5a5d8529f9773ab15901b25fa393f819d985ae416e46483d1da967dc4d1b24e783095ed18ec0ad34b2cb185a1142024d240855e3bb0756a19fcd25d0cbaefd0607b987a5a1"}
[2026-04-15 15:38:52] Lead stored successfully (both tables) {"lead_id":"012de882c9ac10a93e9b4488ca438256ac5033f62204b7170125e672fa40814b64bc2ed4bed6dbe2a1988c8cfc477d4aa3e91800c4b5744b10ee561d5e87ee2cc3ca0e5f80c20f75c14e8d584214b9de6c2bab1707e3b930ecf8dd160fa059db654691a629899f6c59250de9f20f7647"}
[2026-04-15 15:59:03] Lead stored successfully (both tables) {"lead_id":"012de882c9359f18c80d1511630eaafed6447b6a0ec42ffcd219fd1a6325f0975204f76f11fd1ff37a79176fcfefda207f87dcac0b55704b45e4e4517d1d1cde9f11c4ce426329c901b9ab6458c935c4187ee6e1e173393e44c6f2e2e10cc1eee270c8a1fb6732be0e5874dc6dabe52d"}
[2026-04-15 15:59:18] Duplicate lead ignored {"lead_id":"012de882c9359f18c80d1511630eaafed6447b6a0ec42ffcd219fd1a6325f0975204f76f11fd1ff37a79176fcfefda207f87dcac0b55704b45e4e4517d1d1cde9f11c4ce426329c901b9ab6458c935c4187ee6e1e173393e44c6f2e2e10cc1eee270c8a1fb6732be0e5874dc6dabe52d"}
[2026-04-15 16:10:41] Lead stored successfully (both tables) {"lead_id":"012de882c9d82c0209db25e8bcd6798394e78248795d15a21f257af3eb0f2a2cf090ae9134b6b5ecdfb29d5593a2494d06239063e95667deec18c916892b81a1209d3d8e9e9a1601c5532f62af43521e7ed6c1432b64ad199dff6c6533f8875983192fab8902be664152912ee5e86533"}
[2026-04-15 16:13:02] Lead stored successfully (both tables) {"lead_id":"012de882c9180c70afceecddf3e2a2d7b2f58be351c22d72168d400d18b507eddef9ab8c284c2afe4368b353bdf079f041a5eb5993c5c8df8eb42f86a86488ea2e689c568d64b7231cdc4509580c135984033538a155c1d160daa4c3750d07321b868568f43b35e781d58ae2f1cba929"}
[2026-04-15 16:38:08] Lead stored successfully (both tables) {"lead_id":"012de882c960b83e6bf24e660e3b2aeb7a2cac6125485aa45c3b3c470855b76f370abc330f12f030bcca5663e890c48e1eb6ac2cc8f40bb8358463c8a9d86214aea85857dbb4f3ce4554f6885dbd087bad3b144dafdabfac7bad5bad4eda71dac633e07a9f5c0e3551e4cf4244f24422"}
[2026-04-15 16:41:46] Lead stored successfully (both tables) {"lead_id":"012de882c963c2e97fe90b4818c9551cf4e56d94769cc25e0660003a64038cd2801681aa6fa5257b7bb78d978d06d5a031bd3dd5d4209edee3fec3e4d95dc9aab8624cc230d8972aa3556f991a1a2c3a2bd766cac059326d13c5f027016b3e8bf9fc490500fa747616c5d2889b083298"}
[2026-04-16 05:25:03] Lead stored successfully (both tables) {"lead_id":"012de882c921286b81c29c9058bf455f655d915e76edd1bf52902469d17be36b4eca3081c309235d8a49de3c07ab724d8d05ca919356bc63478719a11e0f25f7b8416ee5ec963a934e678d55a5b309701d1a1823f66bdb4203d7ede5d20f0a992b21bda77f7eb0b2f4b492a1c8b20eef"}
[2026-04-16 05:35:06] Lead stored successfully (both tables) {"lead_id":"012de882c96cd62524c0d4a7f875f87e2ec46e57ede11edc84bdf869fc8fe07ea39d9f09162c556d30c3a31a99e2ca2279d79722b508563e00cb1a35c0dd0dafd520974da2443bc74733e0e392b2dd09167aae9f9243bd32ccb866844549526a5e286b0a502b107245ffa63b42da1d7c"}
[2026-04-16 06:45:02] Lead stored successfully (both tables) {"lead_id":"012de882c9f157dd9eae0c69a579bac6cbd00f9cb16589bc4a47790f30c4a5de6aeb9d888eb4c47abee589ffe7a6aaee37dfbfe6b8b88ddc5046f56d4f9aa99dff07f7f09a638cb93acd1b8908391cf1fd1f77eb41291d209e939d91f0a901a1f207da5fd342d7e6f57fd3714a9b4544"}
[2026-04-16 07:27:58] Lead stored successfully (both tables) {"lead_id":"012de882c9db6beea26d8cbfe34103931493f7f554026ef8b6d7ff3d7eee302910b60459772087f234f10385d14a42a0b3f8aa1b6e9863e26cbf680618fe2628c0a122c637234dee02fcd07d774fdc18d84c7bb1ce5504c66e345d8108097fd094a94f70b700d7eb9005ee2a5f7be7573b"}
[2026-04-16 07:54:54] Lead stored successfully (both tables) {"lead_id":"012de882c924cf902b33687f16ce9005662aa3daf844b13a32d601d097730f9c22b3e5cebe1e3d0473bdf27fd729b8849880f44e8ef689452d1f1c03f0a82c93be83676771756d1477953ed3e370c8b0f9cd74620ec97d83cf8e3c3a5957b428966e3c45c99336da8c2897b795941e3a59"}
[2026-04-16 08:13:38] Lead stored successfully (both tables) {"lead_id":"012de882c929618954d3bbfc3d281568f93e540c8e2ec9153b31fafe40cbff9d8d40a89b1dc0d7d7d00f5e6a113c89cf12c3cfbe8f8e72a88d858b75cca2c7c465cf841dbc221a7a845f3c137534f14b2d96b6762257c83ba04ca9bf9336ca5780183f98d56dcecf20d76c030b4a753d5d"}
[2026-04-16 08:30:53] Lead stored successfully (both tables) {"lead_id":"012de882c9bdf7e891dfe803347eef85da9c32e09b4c5ae99030ca7d9c0f6474b32d7ea61a3fca4dbcf0cb034d37bd6b7bb8ed736823b5ad7c617f08830f7da27f7f0ba52773784a25a96d676b59e522279f2358d60387162e4285c7587da65b977b8187552890f1c4775ac8caec321ab7"}
[2026-04-16 08:57:21] Lead stored successfully (both tables) {"lead_id":"012de882c915c4297a12f344a619c31b067b3a1e4e190f56e372939e82fdd6e1553ca66de514fcf06b096057d79ac7081f03ba3de63b997277716ba5675cfa8420833f4eb54c8806bd32503c89485a7add981cce9a264c36a63c95bbf8a19e498295c6915d589054f26bc2b8590c5f0c5e"}
[2026-04-16 09:12:21] Lead stored successfully (both tables) {"lead_id":"012de882c9db304d756fa625ce181d3fa9ee32b5ffb3bfa9c13c41d16aec2118945e2c01198d69f18890b3894cd0ebf07364b595debdf2a1386cd555afa50a77ae1e3001a2134d00c9d4f93eb0b0983695300ce35fdb113bbbb37d3d74436dbac9e53aee8dda5b35c0e0149fef10bd805d"}
[2026-04-16 09:16:32] Lead stored successfully (both tables) {"lead_id":"012de882c9a7e7d8a9928789e70429565462c85af3e867ce4074e46654a52ee0dd671bc3d3a30cf99d1bca485ed27aabd606b65899690f8b6c1d27cc352613ad5bc694b27ecc8c907cbb1ce40bc80435e72f30f6fcd0a62a4c843c358c76da74d7a1f00de0845bbecfbda03285a49a309d"}
[2026-04-16 09:54:19] Lead stored successfully (both tables) {"lead_id":"012de882c9080d2e63211dbc122baf802c3077868b57c051b36acfd28bafd1441400e5bcf323593e907ae27d231e006c3556682922654ce0ad103d1527b6deb75ea872d65997d88e3d713dde4515ba72effdf861a75ac90baea6607a4fdf9f0d66e6569c5b50c72ece8a6a24ac7e5a5266"}
[2026-04-16 10:02:57] Lead stored successfully (both tables) {"lead_id":"012de882c9e4c03088e7d4fe1a35ed67f6ab04cfd58446d0333cf7b7ad86d256505f10cd30e46b2389c185e208408356f4331b31b97b6afbb355b30fafb88d0e921bc25f9c8aa771022fc850b96633e057841b45da5559a03a9d5323b4b618f0b5a933c68e1ac500137c96f02a0f67cbfa"}
[2026-04-16 10:29:41] Lead stored successfully (both tables) {"lead_id":"012de882c90a50524df41519e0331e2f570a92230a0703588ebc823b1ec5f4fe27b9639e87b6cc5445aba5a32763b049427ad0e056b3793b8545166687179d2fed25a2e697ec6c5a13ab8e8ff2b3f92aca84ea02bb462dea17cf16376f1b860a65f8f3ea93b1092fa518eada8febdb8798"}
[2026-04-16 10:43:54] Lead stored successfully (both tables) {"lead_id":"012de882c96af33ffc5d3bc1374abecbe190aa30110fea3c6b89095b04b56a8e58354294c9d7acfdba10dd83f7c4bfb13be3dead079fc6ed3b7ac6e296d627a90467ae9c55e4480f146909a930ab249485634993aa4ed22ba0c974cff4ff2db89f2646a6daac1f6cada28c2e6dae69d1be"}
[2026-04-16 11:05:27] Lead stored successfully (both tables) {"lead_id":"012de882c91373e719b0f10064640498b8a743093f86228626ba93dac87ebcba7414693af40f5500d2595ae41619f5a02f0a3ac4b851f21a59d64f0ecc1aa4aa907d74b417eb7a24707ed27cb2210798f08713e19e1ac1382580e030d76f867db418050dfc09faa9ccde083f91c8e4d58f"}
[2026-04-16 11:11:56] Lead stored successfully (both tables) {"lead_id":"012de882c930c7103692708ce1e20247f47f8a7123d9a7a342f607c93d856d0b78d03a6a18b628c222c9bc5db09e47ec6e1c5e692f18d4c75ed118cdf058351e70b9c70c375a3b207841829e7c675e2ec290c5a789109a02281272ab79f10c0944d516fa11f9880db7551b4e2a3bd997a9"}
[2026-04-16 11:20:08] Lead stored successfully (both tables) {"lead_id":"012de882c96c6eb245cca2ed22a3a0642759353570ef77198339e75a02eacfc1ff5b7f90e64274f0cf21d2e89e987992a776e08eed2199a295430f80ea4226341cf9f97f5b9dc2b95026310f94731faeea1371d965d06dcfaf69e2ff726ce27313056f51c60e4814faa5c70ab46014d97d"}
[2026-04-16 11:31:44] Lead stored successfully (both tables) {"lead_id":"012de882c93e3c0dd21a56c51d92f819d2c288fcf2ae81885dfd8cd07756e6ab31afbb94f95133a9b818bd6c63d0d7b08b5a6d9357cd4f8ae86ca0cad77f2bcd4b565e357e0b7d85c028a3d866760493389942483160773a50318b9ec749d824da3584dc4b42e0518c17c7e133d33d101e"}
[2026-04-16 11:58:49] Lead stored successfully (both tables) {"lead_id":"012de882c923b8d5dd28a1811c26b13c6ba82057009214443384294071fe54bec58b08fb543987ca3fd6542a5d7cf1c2946ce23a22fb0f2322248342d8029b93b107909778bffb74a508dd6717c9bbc389307aeacedda8d8fd329b767b9300be11879ae56d393636c501a66a964b686173"}
[2026-04-16 12:06:15] Lead stored successfully (both tables) {"lead_id":"012de882c99e601fcbdab4871170fdcf649095b58001981c6a233d2865462250ba9f7de131d7d3612128d50462f6df56b5b9f782495fe9e7fdf0f4f5c96771160120ec3d6be3ebac07acac0842394b0220d88b1107cf012a474e3a3468b001bd71dc20515269f28ee7182def89294075cd"}
[2026-04-16 12:12:39] Lead stored successfully (both tables) {"lead_id":"012de882c958e170b014dac0f724b5e5a0e345ebfc357bbadf6807ce665da96d27bfc1bbd176dbb562539ff0507f3db858c6eea38e8891a6e57618e92606ad5adc0419852d8d99c9cc559466"}
[2026-04-16 12:25:09] Lead stored successfully (both tables) {"lead_id":"012de882c9544dff7c03e2261b6cc5a3b98beab75c56cea782b9bbc81e3362abf626b2818b8c485402e0509cbd66467c60487b269d1535704f06016cfd8050e7d90528580eb359487af541078924813801744faf1e09bffe968e752aeae662386a3321a42522c080fbb4e25d1f89797edc"}
[2026-04-16 12:27:18] Lead stored successfully (both tables) {"lead_id":"012de882c9af97f9dd9c08cac0a935c0e3c1eaa7ba469842588652a8f4cdc36eeecc2f580fba3e0673d97af15606267c95cebba9a285459a5b315f6aa04f9f6519a33f7e5e63408b9d0fb50e0be6c1960727cc58ac8b51bcfdddd8a2b08f7526df679f1e716163c05df3da82250dce2370"}
[2026-04-16 12:33:19] Lead stored successfully (both tables) {"lead_id":"012de882c9279035434c7ff05757902d10a22d6f53d730b25bcd0f8b21466677e9487a16aff514778f121193ddaa385e90829ea68e44a3a4b95ecd7bc78bea38f9823e92a7464ccb91edeaf0327dbf76ddf3909673b4817b7e4b3b37f16c25c3707c9a848e0e1ca8d0d780b243dbca434b"}
[2026-04-16 12:36:48] Lead stored successfully (both tables) {"lead_id":"012de882c906f66524b228b0d6b4bb38420196fdfd9d47b399ec763927ebd35ba07c7e01a4ef9d59486e51821b040050025f38057b36f62102affe014668348cf949185dae501b9d016e430dd2ac4fbf51413ca9082da68d430d6752cad647f734b732d409875e931c587c6bb57af13ad1"}
[2026-04-16 12:43:58] Lead stored successfully (both tables) {"lead_id":"012de882c9093c149e66908bd58d7d7eba48e8e26bb39f2bcba6528be60591c672a64aec3d24f8f989ad8a1c9893435d82fa48e0802c21bc586cca6026550a575260188b3c2a6cd8f5ffe50a"}
[2026-04-16 12:50:00] Lead stored successfully (both tables) {"lead_id":"012de882c999289b9de58ddb9fc89304c6afb55be1c9e48569b3dc7a21c5781dfbaa09ab7ff6b674a4691949a3268165ed13f9fa7b61e9f0af19c352fd2dee08e45d7054ec15503eb9670ef0"}
[2026-04-16 12:51:04] Lead stored successfully (both tables) {"lead_id":"012de882c9a73177a45c7e70647ca1c14148d2389eb8567ce6f647fa2a029b3043c61af75e8ff1d5ab3929ee3a7480a5e1a8f7c9a4f9b59c241d965c4b385896a4f5e9f2c7f55a265bbe18dfbacf9a96d306f30f4e666fca22a77b62e2fac54f00aa1cae63135ca0e73c55d7ddd9aa1f9b"}
[2026-04-16 12:54:19] Lead stored successfully (both tables) {"lead_id":"012de882c91277d7900fe65e670a5aed6ed065ca2dfe9f1d38f0876bc51a6ad8d4d9ef4cc6e05b5770e8daa828a2058d64947b190ab05eb9e0811ea8ea9ab9dea8d48d4194782abd92e6e385acc6dc4b1c20dcba58ad479e044a3d502871579b6e8e2a5ce288c32ef2766f0679caa55769"}
[2026-04-16 12:59:37] Lead stored successfully (both tables) {"lead_id":"012de882c9b6174c33f519dd782ca5fc81633caad8815992c8771d0be9c4e07ddd13af8ccaae593ca6ffcd8ff4fb2d699021754b66b08621f241f85676bd92df1ea740e659362c3938ce75b46e11bb064712f0105a3cdd1147d48db50ff6a28a231df376f642da1fe90d25ffb618509282"}
[2026-04-16 13:02:45] Lead stored successfully (both tables) {"lead_id":"012de882c984eb48d59ad71639700013d35db84e98a1d2e5f2e214e93a140ac519271132c1be803d9117da39a4eeb589b4cb35b073640239df067660df11730d5f75fef4173ddea2bc8db43935b67f2bc3190899b40dbba065ed8d569bf429dc75ba6c9f6a5487b4676f1aa98b20f46d79"}
[2026-04-16 13:20:48] Lead stored successfully (both tables) {"lead_id":"012de882c949b7c410768e9a2790fa16d43ebca92ce02aee9242ada3985b5fd37487e2460ddfca6f5f47a88a6757dbb4df8ec87da22fd70d4180a771182e0d7adc209ad8cd87cb05b29f6b0d7c14faa927269ad5fdd24b54f31daf17c8399545dbb6e1687a7067628bdedb82c3c3a070fb"}
[2026-04-16 14:11:13] Lead stored successfully (both tables) {"lead_id":"012de882c94d7bbac274989f336880310818bded0556c05e9e73501da699113ecbe28bbd8c2c8c554ef7a368d383b696564462bdd83be66c65aec797e794335610d1662672b0820cc73934337e9e2c8086a9d35a7cd09d95bbd48cb5d29dfeb15b7c2965b5900c0763f22c773e9e5ab88d"}
[2026-04-16 14:16:27] Lead stored successfully (both tables) {"lead_id":"012de882c9974cdcc871d82f5227d629a3351c2d564439c844306959fa3bce85b8b5591d6810f156a80b42adbdbc7f95503f152e12e23e740bd0c3b2c74bce5004227ab411b71a2bf9c71360251eefd869e04d85725bce9c211307710ce8477b9dc30e1aa50877e9f6eb822e61c0fa58f3"}
[2026-04-16 14:17:55] Lead stored successfully (both tables) {"lead_id":"012de882c93fea3c44083bdbb9b27ec86264dfaa264b399cf52764a7bf60f099dfaea5bfcb2a0490c59bf42e50a4dbf0c2f93323673be2cb73c428b30a95866a8318c54e34b2d4aab061b9d1c2d5a77690db735ff9744c82a605561244110d50321aa655b211fbe46172bfb01c0a8922cb"}
[2026-04-16 14:34:29] Lead stored successfully (both tables) {"lead_id":"012de882c9486a3ac1dde807c537e22fa6cfbd79ad44e3fb2ecc1466bd3b94ee51f75c2013ff868417dccc95aeb8a68baf3bd8955a35ba8c3d7b9b304bb6e1f2c70a79dddd1a932392bad9259faef557aa6afb3510e1ffde18ccf69a244587ca3e5e077bd058bf13a42b9f16959657c405"}
[2026-04-16 14:40:52] Lead stored successfully (both tables) {"lead_id":"012de882c9b2f867ba7c2ac54d8533c1bc375280102b27dddb58b9caef5c80c69619f7c10f1b0b731011c3554d8aa19213523dffc6b9e6418f48137ebfdb58a75e71767f9ebe75a38b398bc2"}
[2026-04-16 14:56:22] Lead stored successfully (both tables) {"lead_id":"012de882c90d2fbc7bc64d2a7372c73c9c932e575881d5641633eb550cd03f652eba90820dca7fee8366d50dac96a08d7db5ec356fd8ca08247de9a52fa524ee30059e0c79827402fa85b0dd"}
[2026-04-16 14:58:50] Lead stored successfully (both tables) {"lead_id":"012de882c9638c0c91b15b4c2e9330a1b1bf2c2e15fabbc2b2030cb52e2232c6100d0b557526005acb8652ea427e7ecb16abf206368d80be0b841a38e734277fe320e2266b50d6220d08aa41c41b75b12e1396b70ee51d0966722bc174a64b6f0fc857bbf337ced9c65f9f1190644e5d8c"}
[2026-04-16 14:58:59] Duplicate lead ignored {"lead_id":"012de882c9638c0c91b15b4c2e9330a1b1bf2c2e15fabbc2b2030cb52e2232c6100d0b557526005acb8652ea427e7ecb16abf206368d80be0b841a38e734277fe320e2266b50d6220d08aa41c41b75b12e1396b70ee51d0966722bc174a64b6f0fc857bbf337ced9c65f9f1190644e5d8c"}
[2026-04-16 15:48:48] Lead stored successfully (both tables) {"lead_id":"012de882c9f3c2f5d7d642b8a728eabf8eb9aaa1e3a0499a7071979d3b84f35c5c51559f7b02cdd4243123468ada7d1a88ab71382087f82e6fd464f45063fab0b7d9be6c28ae615c84eee1f6c0b3e7ac2a3e1c74ab51e8aa65764dd64d8bf26da69bec77c31af7e574844a252891ad5b65"}
[2026-04-16 16:02:19] Lead stored successfully (both tables) {"lead_id":"012de882c9604cb57ecbe4dedb2053450e48ae2b601a801a20dfa5056ec627af2a79bae4d449cfd733fe8db61beae12ce58b80a466033a0a9ee949bd095d18ea204f5839fee5e0b115753eb688f7b8361ba29ea3cecf7e79ea07d80ff34bcd2f9450f935c6b227ddf1f39ea105eaebf1ba"}
[2026-04-16 16:03:05] Duplicate lead ignored {"lead_id":"012de882c9604cb57ecbe4dedb2053450e48ae2b601a801a20dfa5056ec627af2a79bae4d449cfd733fe8db61beae12ce58b80a466033a0a9ee949bd095d18ea204f5839fee5e0b115753eb688f7b8361ba29ea3cecf7e79ea07d80ff34bcd2f9450f935c6b227ddf1f39ea105eaebf1ba"}
[2026-04-16 16:04:31] Lead stored successfully (both tables) {"lead_id":"012de882c95dd727cf3662b1913d0994b6de15540f44243b4aeef3c2acc6cc8763c57800f4e35f0fbc2457232ff165770071dc4d37c3c63ca31bb478a03e057c3050e860870e706f5773ec28"}
[2026-04-16 16:21:02] Lead stored successfully (both tables) {"lead_id":"012de882c9e2a9e82b7e6e8990576dddb95b1a068bf7d2390537064fd6291dc65a9e64938918ff7f6adcea623f8d1c30d1fcf6aaa7d5e9cf257cc0ab264302279c4267846284c337e264108296a76bb5e6139807616615203d3bc1d7eb5e62a8a004b9ead205e915bb9dfaea1ada721f16"}
[2026-04-16 16:36:30] Lead stored successfully (both tables) {"lead_id":"012de882c90c2c703fe66f41a0df561db3db72f9cc6469dfc5f70f011b8454c840492f0ce0be5883387f7a219f562ea561bb673350714a847423d63d967deda3dcb18d3f85e8296c71f8e1728108e2bd99bf81473869ce01e940442e7bf807da2f7e4e743cd2b1576b55043755b6bb15e0"}
[2026-04-16 16:39:55] Lead stored successfully (both tables) {"lead_id":"012de882c9a8a2c7bfa938d51665ac4bf2686de28c0cadadf3c4481f0695fc590891f06a126b4fd4e240463ff8d10d75a33fd22d115a76cd9c965f211e2f9bf6bcf8315532ce0c1fec489ae1c694422d9c9b64b538e3ba3c41bed415c0741070ff4ca879ee657ca0ac29b968a5ced4192e"}
[2026-04-17 05:35:11] Lead stored successfully (both tables) {"lead_id":"012de882c9a0a0c684ffd50304a0cf2528669d69d8cb86a7a49e03142a35342a5e5938e71d45cce97fdfde00ff77445ecde9d4fc3bf1189f81924ff0e3e0de22af2af43ee8d273d48038d6e95a4c328388f6ef409331db67b5dfa06a93336a95a81432c2fd9e8c5a348655e5532a1106f6"}
[2026-04-17 05:43:18] Lead stored successfully (both tables) {"lead_id":"012de882c905758cce9c12b83ed968fc808ef68c49468b27de117bd39b88b7f4707a53b426a222354bfcc3d5de81a0b1a346a760226b5f8fad7be4379ff738c237d7f7f4d371c0610fdfc3a7804b5543a29e3818184d60e227157db367a9064cfd7d880dc4796a6ddc2b442f5e27faa214"}
[2026-04-17 05:44:39] Lead stored successfully (both tables) {"lead_id":"012de882c9a1f4f306e058f64bcaf5f45ed87b1bc99d919ffe8b6ea4554da7a2b54b10966d86c0d5f9e0319753a9ffc8b72fd4e4fef2c50f5b4ade30bf3b3a9922538bcf9fa0b3d5430446f2805b11403e3088aa65ba7c85b8d0a68a13b952a4679bb23cef018e680e41fadbecfb91d776"}
[2026-04-17 06:02:47] Lead stored successfully (both tables) {"lead_id":"012de882c91502f106e84e1c68b4b1cd888fce5e8b0ee350d069f759d556bf72b9af17e94007ed416b17e0bbce4ae4573e087fec23ab13add393a78617a94640d08fd98a9061351b653cc7a5"}
[2026-04-17 06:41:26] Lead stored successfully (both tables) {"lead_id":"012de882c92b3786124a3edfa96ccbcf82f2133b3393da219741cebf6f34a017c72b793f57d0c5d9351a5dcdf9e514d757a237d3c1f9867f8763e5c9bf857c44a066f04cae76d401b06f2542c087be216c812271b2e4c0616d119f13a3eda8cdc2b68a892741396b1b963f8e73111a3edb"}
[2026-04-17 06:43:22] Lead stored successfully (both tables) {"lead_id":"012de882c911565b2cbe83df8fc943f9e482d9a08bb08843fdd3d2fedfe667de0a611318584692dd36531635be51ba4d629270bbe4df02a08b6656334504be493659f5b48aac6fc790b84d19775451857191717d679ef063ec4dd6b528c327d20d33dee9a62412548a09a3fca824886fe8"}
[2026-04-17 07:10:01] Lead stored successfully (both tables) {"lead_id":"012de882c9f56d1e16e40bf01e9db86eb54dbacc0e8058d4d9d6bfc6d989a60b58d6083a8e1ea9a5bc4e9b6a57ce05a19f7212db4435faecb0c82357c42a66ec1237f2712cea3f4cc754a099d6a20c6cdb9d0ecf0585991ab0c0fd57aa8508706812d4d0f1f694dbb2e3433fba3e9a98"}
[2026-04-17 07:10:13] Duplicate lead ignored {"lead_id":"012de882c9f56d1e16e40bf01e9db86eb54dbacc0e8058d4d9d6bfc6d989a60b58d6083a8e1ea9a5bc4e9b6a57ce05a19f7212db4435faecb0c82357c42a66ec1237f2712cea3f4cc754a099d6a20c6cdb9d0ecf0585991ab0c0fd57aa8508706812d4d0f1f694dbb2e3433fba3e9a98"}
[2026-04-17 07:51:50] Lead stored successfully (both tables) {"lead_id":"012de882c92b85697d66f50fd0ca7fe1a5fc3ca488d848d818897e6bb21b19350bf0da4f523c107f7f70c2676379df473b7abc6ddb68db019eb7e2fea7fa6915be930e545d098bf0c53c3ba7"}
[2026-04-17 08:00:36] Lead stored successfully (both tables) {"lead_id":"012de882c90268b606e4d30414b0dcfcd6291cabafb9943d727535ccd6d8530e1ace6f5d657c9f9379e193a960fd7021d530c0417e6187c2473f27b98b9a37b1d54ef4cef59f1701b50dab0288a866209c310930fcc59027c8a3dcc1b330522b6f5ef18de661de25b0bca14415e3b685"}
[2026-04-17 08:25:32] Lead stored successfully (both tables) {"lead_id":"012de882c92b358b53ac65a6c9c94c3767e0de36566e76012e6e31cd257603ac013f10e3d1247fed15695b5b4e82d811a5374bf13650cda478fab3029379547d6470f3903b1e272451fc65c5c38eab341595e2f6fcf621343b875940c0c689d352f08a4266d0f1047cdfa7386b2a3f86"}
[2026-04-17 08:32:48] Lead stored successfully (both tables) {"lead_id":"012de882c90f2c45f1e8d806f69ed092ac9afd495c6b4959377c915f4fd1b8c3b48579238521de1087af4e679eefaf14bb876fce42e4d14a7b80d20dbf37eb5ce392b284d979b75b0297000f"}
[2026-04-17 08:58:17] Lead stored successfully (both tables) {"lead_id":"012de882c99c25c4dac32196272dad6a099006b4fe67d9af50e5ca0b2b1996c98883860d46139bd39083f7bce0bfb893b703fc2a396647da7d64d19d187a8d7983587f07fbfb13b5f95c177002578debc0c49a842062325e94142148f056d854be0fef9511bb7722e6af8efb7bcc0dd0"}
[2026-04-17 09:40:07] Lead stored successfully (both tables) {"lead_id":"012de882c9e8b4c86dba141e03af71724b22799cd3cb904d1baaa539e631e2c096bf37c6e3d4675b9f8b02a20e5f4287f9ac253c4b4f333a648cc24a86dd8ea0659751fcdfcd37ae5ebce28797e40a33934546aa5313c891339f5ba8e6e56e6d3bc8c057c2c86d312205704ffc577329"}
[2026-04-17 09:44:13] Lead stored successfully (both tables) {"lead_id":"012de882c90fa729b7d875f0f600b55da7d34a1257edb27fa2a85e613667d6d778b64d89c1d099a343545d683127fec6848285a64ae165a519ce336d44ad75646171c522b96c8a500665b17b31d5d2260d431fb5ed8ddc604ffa8a634655d270e825d668d570860c31ffb15e8bdb9c3f"}
[2026-04-17 10:01:51] Lead stored successfully (both tables) {"lead_id":"012de882c9b76be269cdd183343b1f01053af14e67519e9b38883c04340a0164c290abeb246f7b113ccba7c43cf74cf8392df954380ba0a49ec9f5adecf53e1ed95981d2d6a39530cbb79865f223aab18406d05ff3e7ff04367145c677a677541066fafec048600c4e5cfbb6041abee1"}
[2026-04-17 10:02:14] Duplicate lead ignored {"lead_id":"012de882c9b76be269cdd183343b1f01053af14e67519e9b38883c04340a0164c290abeb246f7b113ccba7c43cf74cf8392df954380ba0a49ec9f5adecf53e1ed95981d2d6a39530cbb79865f223aab18406d05ff3e7ff04367145c677a677541066fafec048600c4e5cfbb6041abee1"}
[2026-04-17 10:02:21] Duplicate lead ignored {"lead_id":"012de882c9b76be269cdd183343b1f01053af14e67519e9b38883c04340a0164c290abeb246f7b113ccba7c43cf74cf8392df954380ba0a49ec9f5adecf53e1ed95981d2d6a39530cbb79865f223aab18406d05ff3e7ff04367145c677a677541066fafec048600c4e5cfbb6041abee1"}
[2026-04-17 10:09:48] Lead stored successfully (both tables) {"lead_id":"012de882c95830c0acb7f601f06f735a5cc133faeeb3a8168014c132a1eec45222da3f61a847776612ddd7b59b0b0eb2a6698221bb33678fad6805574b3bbf2eaa4edc43ed533b07da2663bda0856e0bf7693514a6a26a07a4299234f0a4f12e29ec17c65b7c9f7a340f404aaa32be29"}
[2026-04-17 10:15:23] Lead stored successfully (both tables) {"lead_id":"012de882c9789cb1c04a47595c5d8f52c185228ed622cd12dfbd677482e1aba393743e0c687518146a7bafa2fc6708541e060fcc0461d7644e197ebce1d9ab38e40d95a6262bc536731043b7f70e777a7429e4cd4b97ca7ffcf06bca1770a37b6eeeaa69fb185fa198388c401fd55f25"}
[2026-04-17 11:01:09] Lead stored successfully (both tables) {"lead_id":"012de882c90d33a67e68cf5bed7bab54b07e27e0410a388f3f77a7bc4ec0434b7ed0dd72fe659709cb7fd720208bdbef2db5eaddb6af7ba3262d51f936ff37d9f6fef86d6b81916a6326f46d775b04066611f61a7e707fc54042c42597e1369b69a27d64fd09264e62b81f98794856e5"}
[2026-04-17 11:06:28] Lead stored successfully (both tables) {"lead_id":"012de882c9ffac66f4c4a8ca04e4e21412bdcc7af2a02d013c8ccbed90598488fd39814499ab2ecc8cbe37b8c4f390489687ad5dbb08fc3793133a6f83b24ff27056ec7364a69a0761ed1b1e6f46622a6fb751c428af1ae7482afea0a0f0e575dbff73350fa41030cbad1f3949706e56"}
[2026-04-17 11:13:40] Lead stored successfully (both tables) {"lead_id":"012de882c9c63fd14d1f94d1093b48b7622fa11bedc0f217df243c5dc5c894c3755597904ddd8d46818d8af40dd895cd32e8257d5883e39d97fd83e8fda2ba3e2103b02dcd52d24a65f54783ce919da253ad9e7e4c9025f55baec7f0eb348274819c7ed1fa9d6a7fc6bb92f5d9e36256"}
[2026-04-17 11:22:37] Lead stored successfully (both tables) {"lead_id":"012de882c9753da0799f6428fdeb5b5a7a46cd91bfdf9428fff0614468f56eee0ec6dc0ef2f814b9c7aa91478bc34eba696dc652811dda4ff89db0333485b80d3bf9409d644855a13a890e48f59e482561283891ad791b28280aa1060d3533c7f68b70ecb3a442ca308dccaf2bf0b43a"}
[2026-04-17 11:22:51] Duplicate lead ignored {"lead_id":"012de882c9753da0799f6428fdeb5b5a7a46cd91bfdf9428fff0614468f56eee0ec6dc0ef2f814b9c7aa91478bc34eba696dc652811dda4ff89db0333485b80d3bf9409d644855a13a890e48f59e482561283891ad791b28280aa1060d3533c7f68b70ecb3a442ca308dccaf2bf0b43a"}
[2026-04-17 11:38:03] Lead stored successfully (both tables) {"lead_id":"012de882c937f7d84b5b84fa432f15d9bd49790a1fb27cae3dd077ea8cde536680843566965894a8bc872e63cacd4a3f97784eff5b0871bd7ea5878780ef8597f31965cc16c282a05ee4c928f73a2240df72b453f2e8d26035f74d7eaa8e6e46f48e424476ee9f94d467407c17baa50f"}
[2026-04-17 11:38:23] Lead stored successfully (both tables) {"lead_id":"012de882c92b747693b65be7be8f18d74c6aca0a2240b2be1943c4c9f859c5301dc42a66be1fe1201bbdb02b683ff737425e4c35916c5bfe369a35bd0ad5f115bf954286d9ae05ddc7eb4a0778ee3649acc765264415be63bfa3826872b2c26fafaf141c3e5c43739e5be17876b26f29"}
[2026-04-17 11:39:26] Lead stored successfully (both tables) {"lead_id":"012de882c91347d5483cb9a18a696cbeb3a1d85de8a89eb5044eb6c3479f2c48592347447ca06e10c5ab6e1c4e808f34c6369cc6d7636b0e8998237949f409800220d2c7c40e12a1c0851e8866f9d16170488568b00a114f013aa451be012601d7187640fd2354e966fe69e2de073c5a"}
[2026-04-17 11:45:07] Lead stored successfully (both tables) {"lead_id":"012de882c9c7ee03e98e4bbca5fa3d29a331052c79750067dd8b8a25df6941efe900947c4fd19f7e7882249026b86e3bc8d1648c36df20f3323433b253cdc08bc85cd48ec3aef25cf7bd3ccd"}
[2026-04-17 11:46:15] Lead stored successfully (both tables) {"lead_id":"012de882c9979433ecb9eb5a4aa8ec2c9d1f4a67b31af258fcbfb42fb6fe01a01101303386a64b04645c99e89341e13b7e645b1ed126e61e039c84c73a5b4874734a673ffe4e01ac4dc69adf98bc7864e3655bce9b1662f74aa6da48c8d6c52fff714320164874ff1fca8756c9d8fe60"}
[2026-04-17 11:49:56] Lead stored successfully (both tables) {"lead_id":"012de882c9522231b1458677db161d9a9781161031034b316df670467089cf055ce5feb3f58bf9b925bc7befa1ce10c58d96226ced1daa7d0895e0e1578a06eeaec7bf154eaea5d6b7d009b6a7e6fa30c9e968621e1e47fb5c41b79f2d9b948a819de3e751a0a085ec04687a2ced8b49"}
[2026-04-17 11:50:52] Lead stored successfully (both tables) {"lead_id":"012de882c9a4cd0dc96f67eef541841fce0b7205fb86b0fda9f5958d109dd35e650cca90a263d5610bcc5c37123c8ce15a8916f86efe466d04f09ebdaaf8e85c44986a7a1f39aa446629d64965e2598f4bf1ad8c704bfb0ac51ee2255bcbb0cb7761308650525ac70bfd554036e880e0"}
[2026-04-17 11:51:33] Lead stored successfully (both tables) {"lead_id":"012de882c9794b9923c1e793fbe678d7a062ef6138ef22e5d8870b55eacad80f9589c897c8b39415eceb60ca985971a714e74ac958614ddc26f825f542987e0c99dc172ccb75cad4f06dbca3b018c0600544ff9482bda208c63b0d253095ca44deb82ca1096caa2417aeb8a05b9db525"}
[2026-04-17 12:19:52] Lead stored successfully (both tables) {"lead_id":"012de882c9550d4118e279853fc5e2acfc909363f8d9bd138dcd5083044e50bbd33ee053a6937a52109e3ce884eee02c89d90adfe5d53d47ad2a3d82047559fc45231921ef461382757883215acd2b62bf14a491fdf4d8a381adcd10993cfdca86ba89211835e03ce54d5d56ef69d11e"}
[2026-04-17 12:32:19] Lead stored successfully (both tables) {"lead_id":"012de882c9a8fdfa4dadaa8a4cb1867bba4c25ecf0444279dcd1ca37527037d0fbb9a4204d75fd897fe965e3fa8285920a0edc099019b18a41199d63486ac77af075eaae1a56f5d626278e979255f60bda8c847694ee8dfe6f1797c988ee063eaba742e8b9bc7dd6561208c77c345dc8"}
[2026-04-17 12:34:26] Lead stored successfully (both tables) {"lead_id":"012de882c9aec07af9f70cbb04ee3ad44c68fb8cf1e0ac8ad66f79cb57afcc9dfa55be5eb3e1d13df538a5d3ccd3ee0a217b958280871e3c82145b9132278410ed33bc1a8a1672c922c5ac17d6a883cc4a16df4fcb66438490f48e0be62c274ab63212ecd9a8c3d6f5617fdd60bf22e5"}
[2026-04-17 12:36:00] Lead stored successfully (both tables) {"lead_id":"012de882c903c3bb3d25b1011c54f5ce1c1b25bfa96166f17d5669517b0d476f9d46278a671cfeeee56a81f0d0e45f7f227f9e4eb04de28ef933dedaf56741bf2d300dce1fa9e355674cda17e19e127f5aa8128b9804c33d96986034d671ea1bf3f394021720fe26f3bc6793b2348b88"}
[2026-04-17 12:44:38] Lead stored successfully (both tables) {"lead_id":"012de882c9ed0798e294dee8e137ad295a763c245fccc3f6d8e366e58dc2fc1e515bcee134274f93b0fc2bb8ffc8524521cf7ba4aba8788dab2f9001095470e1f00eb279f0b0003db2509b0b3e8273dad0585675ab53d6775941cb57caf1165e101800c2b70f311aee2240e57ac2db19"}
[2026-04-17 12:52:18] Lead stored successfully (both tables) {"lead_id":"012de882c98aa95bb2680637b77f634cab28c315c3aa93b37a63a1c9cd666b5bd9fb4252d9044ce20699c70e94fa58c8af56b50ddaa93c392004674413ecb94fcac93928daf3d14314b50d872d0c71b27efd076f5f6233c319e45b4770be1d0d71aaed12d089a2e1b418cc2ab7fc1861"}
[2026-04-17 12:57:06] Lead stored successfully (both tables) {"lead_id":"012de882c93cfd66100f55d236c0b47ef7aef7f1f892f16f52dba4f09850ad712b8a729e007eea017374f8f38b2d71468e3246e659f9407caae53d34a7ffb2cc85b5f74445fd4a3d9ac0972dad61b8e3b576143ddf063932369645a16ac5ac1f4a7d1ca93a30ed6dabfebb4bd394c07c"}
[2026-04-17 13:02:30] Lead stored successfully (both tables) {"lead_id":"012de882c96e7d6486a28453f408236d22783830600cde2bb2ed3a722b61dd3ff8431d5771a48bc70a406ef78a24cb1f43c4fd26974b9d17b180a6ed9ec4b58ee5aa24a86a0cd5d5e95fe5e0b40beca5e31073673ebd22799794f3593ddee814aba8852a4a93a94b339c3e33b3d7be6b"}
[2026-04-17 13:07:30] Lead stored successfully (both tables) {"lead_id":"012de882c932dac210d0a08d3228b407f209854aa0e45a4dd21f98465c6099f680ee89a91ee6eff368b639cc7b8d10de9acfc388036a2b9a7d4fabc1bef5bca3eff5dc108b126edb4b780632"}
[2026-04-17 13:10:20] Lead stored successfully (both tables) {"lead_id":"012de882c94cb9f11414706a54034f3a8cd1fa32d567216ea730e762477d87acf05055700f22ec5ae3e53af8948af72b07b6fbc2e2ac76b548ea906db9f7b408652e149e6e2ae8a6527e421c792066d13092efc825713f2cd5153718c00ab077a82d2ca6ec4afb7cf5c1acae09779afb"}
[2026-04-17 13:13:58] Lead stored successfully (both tables) {"lead_id":"012de882c9ac2b04b56ed6851bc2c9aaef7a7ffce576aadf9f501028755655e82d3bf8e01129ecbcb78ef90650b84d920e984261f5a2e6729158df9304a2398ca8351cc61c68b2f5c2e5d804634f327b3407f65315b1651cfa7521750573d7189a052082649c91e820167e9e99eaf353"}
[2026-04-17 13:16:14] Lead stored successfully (both tables) {"lead_id":"012de882c976b15c99f0f19353d37db389135eb50a5bbbd2855c60675f7eca2e9844c9e320ca44716fd7e51f4b0a23e94c9d9b6387c68b363e36f252e4c63f3841f723715bd79318d68703d4310b8f694ff5355729feb5359ac7c70d3dab47c05ad8a3c8a68e46d664ee216b8660eab4"}
[2026-04-17 13:19:26] Lead stored successfully (both tables) {"lead_id":"012de882c94f0b715ed899904ea8f84feb4b42c0aeb84bd4a8fe007c0fd1006fbe519d283306df4458de930c1c19e95fcd72b6b6456c25f17d2af5a9d91b1b785c8e7e1047df6f4d7bf737f407b36b23929312864e04238f227ba72cfec7e348d53f3658e62aca622f7c43a68df1462d"}
[2026-04-17 13:22:03] Lead stored successfully (both tables) {"lead_id":"012de882c9067bfc6edc4f29aa73c9ff6c547b87a9f6e6ac57f0064fa99349ef833b40bfe68d61e6896a73a33d4c7d9334c8877a9bde8805dedffc52c75d73bb6dcbe6d24e701b96f4c415aaa48424df565d6f42fcdfdda3dc4c5613b0606e493a9aa08bfa7f7cfce31a8dcad335fa45"}
[2026-04-17 13:51:59] Lead stored successfully (both tables) {"lead_id":"012de882c9c1108aea937e9462d5604cafcd51e044aaf821c0224ca50bad4bc2a5f71c0075afd81356b670ef9ef6d95dbfecb76f5aefc1997b0ab17ba1467be301868465a92d9ca548d19688ff4f1f4f1bc8926d028a43516160ccd0e872ea387bb8f617c1cfe43684aca5d47a29da92"}
[2026-04-17 14:03:59] Lead stored successfully (both tables) {"lead_id":"012de882c9c49ffa0f6a962e3fe18c688d52d373aabfc4be0cd0c6b0d6e448533c2349354847d551e51d48c256e832a94af68634eacdc2053db3c5278146b8a5f8baca21bec6d495324e5c5c"}
[2026-04-17 14:22:30] Lead stored successfully (both tables) {"lead_id":"012de882c9a8ba960e49373e958037f8b954581941fba6e3a0f76adf19ede2cab262740f4c7f2a0f8332045b9a13f0abfb75010623e0d4fd4647dc397514094a4db715e60e52e3d90e274d85889209486156d9d3f4d41d388e23c5f0bc9385f4d54a1b4bc7df26e6a9dde94b69b2a0fd"}
[2026-04-17 14:23:42] Lead stored successfully (both tables) {"lead_id":"012de882c9a95950fa8fa85b23d972d491e78c6f5de53947c4cbfb5e85b8662a47cc8ed4ff5c2adda502f1e49c28d15ded0258d9d2ed90b418d0da8d2c86a4f9c703aee0eae9614957637002"}
[2026-04-17 14:24:48] Lead stored successfully (both tables) {"lead_id":"012de882c906b48a65e176c139e86bf068dc5da4f7e1ad590a1084acb77dfbf5a7e28223ca7fb43b8399bb078efed742a1f5ee778b2dda76870833069add9ecfcf0fa96a4d4f5b1f3cbc12445231786fa3448e1c74b48fffcf81685697981268c27807aa29d53f2bc1eca84115cd9118"}
[2026-04-17 14:44:56] Lead stored successfully (both tables) {"lead_id":"012de882c967a7dd7d79c964e5669c750a33a28e8e4522b2c5f0a3d976c2d617702cd024ccb446887b77ad1e83e1761fa21a7207e1f15cc1a6d7a4b6a7166d8a5f57145a7d9d4dc67d610241c85df80e2f447e2fdaa5aa04defda1a9449cf05b9aba6f8dad09cd9d471acd8e18567645"}
[2026-04-17 14:59:51] Lead stored successfully (both tables) {"lead_id":"012de882c93807836c2ec6adebece5a1e7f0f9d9de346ac5c32bb47d6b72aff5e76ad78469cd86d9de905f067e355c79ff978f7cd2872dd31020cfdabc3a5c03cb6484862c06ec8efd8700073c0aa0e4dfb0c030ed8f2230258a4e29c8cd4888017b0b19f3e4f2c9925a12642c8a25c9"}
[2026-04-17 15:24:09] Lead stored successfully (both tables) {"lead_id":"012de882c9e3a7b1a484566d7ae5f6f579ce4b52b31e1f81df709f3831e8dfb30411c62cd71c66c107c4b9280002645ec5ec22805c32129ebca70824130c41bc4219411f8380b59b5034deb8b14457782e04a89b276c2f7ed5cc1c65d2bb5a2b00a4463d7b8790c92fb13e63d922e503"}
[2026-04-17 15:28:36] Lead stored successfully (both tables) {"lead_id":"012de882c9e402425b9f716ab1bc2178e059b5039f12a444a6ede8f25c74b8cc1bc74513f782423763b16b3c5a84ec9d329b5fb50dd43636668f606edc604303e7060d76d52701b13ecfe48d"}
[2026-04-17 15:31:50] Lead stored successfully (both tables) {"lead_id":"012de882c911fe70e6b2e5bbc62f2cdb8446fab261ff0a7641d47d1d21d0e550cf90b2aa6ab6aa715aa22c4652657ca25031fd5089edc6b4279ac4451a640e664df1170759542fd378adfcf922aa322444a6f5e0ca50a36f16c4fc3dbd3101a147064af59a69925059b7dc532cf8a756"}
[2026-04-17 15:47:01] Lead stored successfully (both tables) {"lead_id":"012de882c97cf8dd3822e2291dc4064e16a9da650a762249f6e95fefc8376f79ac9e69769faf54fae580d3c1e21125847f889fd71f3a1b7ff289f6486f9c1ad85658423863a21729e374e02d"}
[2026-04-17 15:49:25] Lead stored successfully (both tables) {"lead_id":"012de882c9e3bb2bfac643a56220f1bbdf7f2265dc16f4f4db6272eacf96989f232d170de3b3aa76c9ca14afad867ea94419f3dd973e989420ae0765211b7f3904a40e2f9b14b40e2f1d6c6e"}
[2026-04-17 15:50:46] Lead stored successfully (both tables) {"lead_id":"012de882c9490b36a819eb73f338344417dce794f11cb9cabfd57116e6dcc6f86da3bd4977f2a499c83f490a6973551eec27288dd5d12254fd467819c6bd852597111f579a7424baae47cfa2ad731820d7d963491551e193a21c11cd892677d4c56db5b18f553092f2530f49410cc7ba"}
[2026-04-17 16:15:56] Lead stored successfully (both tables) {"lead_id":"012de882c91300f6135ae7935462c9a829fa4174bc624266e74a223ba668c8f3f9c9230e12732c15947c5f0074233f4fc21ad0b685f1909b043f8a0e1aa1220e99734d9347a0c2e97e9ba66e8e168663528adaa49e5ee0ee267f6f3ee33361484026455c8b541a5e0a7f7d39190487d7"}
[2026-04-17 16:17:37] Lead stored successfully (both tables) {"lead_id":"012de882c90637a2861a0292ac09d1f5a4a24166200f81d5c01bd3f03caba96e3d6c3bb435970e63984a654e1a074439733cedd78bde1483deb8a27380b966d5eaf75515a0c951e92c6e6a0a915fb83e5e683c3427ef64e04b1920318ac5f70122826993194847736919440704f5dbac"}
[2026-04-18 05:29:31] Lead stored successfully (both tables) {"lead_id":"012de882c909aeafbe86a85c4cf8bb303d6f4c0c18d4e41e360a4575d4c42b868bbadfe1bf5111a4c41842d424ab93f1460559d377f9e3e8480d98b38e9f936d899e0fca791faab9f8031d2ae1a577fd73884b0f829b159f4890fbfb336998b92bd7313731696a1f9634662e4b3d4617"}
[2026-04-18 05:35:52] Lead stored successfully (both tables) {"lead_id":"012de882c987f6c964bc6c0cfe6c109ee815b5229a01cbf3f22da6a7e570f474ac435b123c006a84d7b83c39b84477fa84b3dd5546b2ad39e21e9e9507a7980aa6f71f6da8d0a3422bcf911af2525feba9e9db2ee08334760c5c94fbb8d200b23196573c1bb4176cecabe251a87effb2"}
[2026-04-18 05:53:05] Lead stored successfully (both tables) {"lead_id":"012de882c9b53072d59e9120d33426b4b71f8812ba4d067e9a822cd6542db02ba2e168cdace8aee97f69babd817afa2a0d442e0080b1a2c2a3bc63683be7c32aa281b2faaaf4baedf85ec2c7328bc7f60abd85a87d955ee1d4feb57462b4c40a96a9c260592f226a09c41a5e8081c7d4"}
[2026-04-18 05:55:37] Lead stored successfully (both tables) {"lead_id":"012de882c9c2dabea4240bc3971e18368c94b5c00d5a35e6bd9b2d97d2462a73a5287b46cbb945309ce73ab0455ef9a9c2584673d520024f7cfd5b8f89c590b4dd2bd7dcf58eb7f0121921b43a595eaa28fb84acadd41d412a0d96f9a11b6cb7023776d82c4d21e6891a455f5c4a3368"}
[2026-04-18 06:07:09] Lead stored successfully (both tables) {"lead_id":"012de882c9e1818123b84fbd15cbd267c9d072f93aaaddda800b1511178e24be9b32ae6dd272ebc3127c6a6b45b2dd9380268a7cadc3ed9e2e79d9e5f530b8e1cf451b69368bddf8b7f86bb9ee84d430a5d086cc876e6f69de536b746584dbd369e970d4f6fd4fcd7d93a2cf48b0ccc0"}
[2026-04-18 06:08:30] Lead stored successfully (both tables) {"lead_id":"012de882c996a5877587492a0190622412af1aa967be8a4a47df50d8533e3420466eebe33c444d8dc9e40597e589eb26f231b113cf1893fe7c5f5c51b8286cbd78f5e2c3ffcf673c18cac10e7989babb5bbae0114c499bd0c6d3d53065ac47a5eb2a6c280ae4d0908c575b9e551052e2"}
[2026-04-18 06:08:31] Lead stored successfully (both tables) {"lead_id":"012de882c9738b5ff69771ebcad1db35fa33439d64c42b67c12f8cbce72bca2076648b994f040d57576f4829b786c183370c34707af56a16f306fbda5df00a46193ec046a319d1a92871afb37fbb8dd1df39e2107141916a20fe5e3355b5b9490af99494021ea461150577608dfd653a"}
[2026-04-18 06:16:29] Lead stored successfully (both tables) {"lead_id":"012de882c9023ab7b86e2c475ea05e573e48ab2f15237a442a780b4afca7653949ce36a57562295aa8b89810295a90960b15f207549dc7f32b3f54d9d97eff6b0719feed9493e752e9a6b4201454322318df2dbd4c3382c3996f308f55b669a0a8a604b4edeff5f408b6c6b782daaf69"}
[2026-04-18 06:29:54] Lead stored successfully (both tables) {"lead_id":"012de882c9801ae372247e2c61dc80f89605d86bb08e9e98e9a941b0bbd87dbb1f72f184d718206705e1bb129264804f8ae41b036bec789bd2e038c3e289a8c40c01778cc6f0100aaf905a00"}
[2026-04-18 06:51:11] Lead stored successfully (both tables) {"lead_id":"012de882c9f6bb978ce339b40d833d0ecb9758463e9de1bdfe725f88ced883522961e3c1925956f0f9c028844228a8f87e9d0a2d4f5f8b10db086a8181599e99c302b8c66bf56ff66020c88671e81b672be2f4d212b6a00b996e8372419eefb866a577b94c2081f5130066fbf72286f9"}
[2026-04-18 07:20:44] Lead stored successfully (both tables) {"lead_id":"012de882c9ab7f52ff13caf90d83a821dee5d7af79a7c90496482c66f6544cbf118b87ba2a0bbb0dc91364899bd8d7a68a2817e1b8a3b70743872137d30b7e0841454ec0fdfc43c6d5921dc18cb54da8f6fbc0e7fa93d8cc507f717433ddf33a641c9e396c3834b98e5c3021d0d69ea8"}
[2026-04-18 07:31:24] Lead stored successfully (both tables) {"lead_id":"012de882c92213e617e04a2016f628136d6c71b8f97356c80bf4b4d35f6874e9427e21f3c64cc49fdd7c2fa157a7fdc5bf090ffa239cb61bc269b6e423252ff2a00b66b8fe267d7058287cb834ca5b23c31d8412171c78432b639d0d1655369fcdff848598dbb2f90d20b35b3141980a"}
[2026-04-18 07:40:06] Lead stored successfully (both tables) {"lead_id":"012de882c9d6892583c3e8ea863b98d55dbcc9f5087cdc64dc003bff9f7da995d78add54ada6762adc2c3ff935c10d3e3cc37000874cd2303141710ab10097d0c83e6799079fe2187c0f4ef5570a86380f32b26f51606b00139a1688bf131ce42b19fd0212957052f928350780666980"}
[2026-04-18 07:42:42] Lead stored successfully (both tables) {"lead_id":"012de882c98fe503189df387ef18e271ed93a576bea6ec497958954973b96b18df42328096a4abec36bfa6ce5fb448027d09c81e32195d8834ea074bd6e1d2cf93bd130bb93517edc95df5b4a4d5fc51319dd12343a1c2e61e8b695fbd4f64157d44d6a07b5db2cd82c45943c745c267"}
[2026-04-18 07:44:00] Lead stored successfully (both tables) {"lead_id":"012de882c9818124eb0dfa2bd9f31d7312e59a535faac1d564d7ba0ad5032e4ca85bfb4ebb77919585775d327a4a0d3f2d90371a4ee7ce1fb3fc199f42212cc3623ab81c019bbf4a7fb498dbcd31d0c4e5938addeb79485c16bb7799115962905fae40ea9bc6fcf9fdfd2ec580366cc3"}
[2026-04-18 07:49:29] Lead stored successfully (both tables) {"lead_id":"012de882c9ac7099a78c58635f8baef8ccc3c4ae0ede9f837bef1634dec499263066928bca709aee79bdef7bea06372be067fd280dfcfecfe8619b8163671625aa02cc3e8323ed58c721300de82bb7cfaba9d2ec8b5f057a149d64456065a31c1f199c3ab298fcb97edd3e119657fafa"}
[2026-04-18 08:19:49] Lead stored successfully (both tables) {"lead_id":"012de882c9f92673653089fc4df9255e2d1430ab4b304bb0dabe115edc39a34381ecbf3e460e9ed8f49f3108947187f91e9ec38d1e904e052f4fd2dea37fccac5b6752471edb4727cb83f2db9a973b1ebf91c5a223fce1c8df968f176fee482e9e465b53d9715a78329ba83981bed0b0"}
[2026-04-18 08:27:58] Lead stored successfully (both tables) {"lead_id":"012de882c9b8ad673528a4583dce3cc920f7017f9555a9d37b4bd6178b74a8b4926ae97ded1b2f21e76db0fdc69aafb69407be696e5ef09a88ec7310625d4f032228860027392de4f73de4bfeb37e6a34a8248dc71ee4685d060ce5f2f08e8d87ff2e5fdde9244ad27cb0fd0debe0fa5"}
[2026-04-18 08:41:35] Lead stored successfully (both tables) {"lead_id":"012de882c9941b15a5f049076c3f4ccac5c053f867b9c56ba3228017b6488cb9cc389e485b2d8c6b3946fa0d3ee77bccfc3b6a14e8decbb65556a978c70f42cb9d2fb0296343602ffcfad0802907e2b8d6838681b7d02164cd16ea0a7a4b6ab73cb19f39838d35e6e966d1488bdac047"}
[2026-04-18 08:42:13] Lead stored successfully (both tables) {"lead_id":"012de882c9cce86d3473513f91ae4c1bb35d369c22544ddc9711d3cb1679dfdb981aac626864aad0c11c9c9d3587c6022d6dbb446996bbdb71f52d76a882a0e1c4c6339bc291dfa932b6644b95bff8f8f06551a15a01bca7fe73fdad4863efee65749dd3c3a46f6311cec3d2f88489fc"}
[2026-04-18 09:15:36] Lead stored successfully (both tables) {"lead_id":"012de882c9f213657643cc2ad66d0b19486d5de0a36af149e67f8587502f48ebf681f28dff571454e5ad46e25e23c3e60e5c9cd7f936dda244f849e6f9533d69a777616a834ea23c60d4c720d2e78542ebbbfcd792f74270c38aeea661a8bce0d221bdb4a3dd1f44e935fa69fb630051"}
[2026-04-18 09:22:43] Lead stored successfully (both tables) {"lead_id":"012de882c9426eb251f92fafe7428ed61a5e06680a5818be17adc178628c3d202134b4c5e40f8a0b104a817259ecc9b9348c54f123c3fa40248f8c708f451ddd55671fa137cee534a8bdc080115ddb5011147771137e347493595243535b6db9578f69c5d2125e5ad4bf761de6f27e1a"}
[2026-04-18 09:30:00] Lead stored successfully (both tables) {"lead_id":"012de882c91e83da06deb4937e10f3d31dff218fde4e223180a13d57cf3c9f14c18c7e2bbd3c443527621974aef2478cba46c13fd0bd39cfcc3ba775489cdfe08412b493f623351ec771e91f483bde1f9e13576f78facc87ee567c4f786db431c99e5e464e242202bbc1cf4a7aa9223b"}
[2026-04-18 09:52:34] Lead stored successfully (both tables) {"lead_id":"012de882c9c7c30c1531d52a2f73c5fd8a7fa3a496f3b71e834099635574851739138e696b43845d4803160d5d329b259e271d031d7a37c254ae36b47bc3ffb5aecc8b90bdc02fa01e8b4dd406726f23a362e8342ee067cf3762e3111779a4cedd48faa16f86aa40b96895ccec62b73f"}
[2026-04-18 09:53:50] Lead stored successfully (both tables) {"lead_id":"012de882c955597b6754b80d44f680fac11751f7c06f04f5884acea6423559a864363a294ca23a072e55270b3a7531feba3ab0be93138cb13132478b0f26622e0062367b5b65e4e485741cd82fd021830484affa79f9c5c659ea979408e52259bdd8524e883bb33f3fbff6b8f6513bde"}
[2026-04-18 10:00:59] Lead stored successfully (both tables) {"lead_id":"012de882c9ffe26e04596b0b4b0fad14a492a1eb56b2b219ba351297f8fcda5efbb7c287117256b13a628f65c5fa8b7c13f82fd7eaa324a22679dd5819aeebc2afd36197bb45c2cd3774f17bf3b0e931fe3adc82b8a60746bbefe5864cafd037ad5bad57823ab680c6f98460f122b940"}
[2026-04-18 10:12:15] Lead stored successfully (both tables) {"lead_id":"012de882c962a79b3d131ea1a373e69080d55778ca2c3548610ac75eab995d6c01acd2c358e0f2d2669b38370c800cd287268c9506cc63cfbd1a7b788f6cd23b07c61dcb8caabd5419ffa3fe59876f1196beb8819a24e78ec955c84bfe6facc521de284598f87f9a6925be76ba9c8df0"}
[2026-04-18 10:29:31] Lead stored successfully (both tables) {"lead_id":"012de882c9c5ce8a6fed7df1b593373dcbc3038cff2e5bdbf1b1165edfc7009869ba96bd144dd8b9a344a42ccbf45a15f374aa8c0db7584a6a8a374c6e942fc593d9f392cd4383b821f6e5214ea676c184fc1440c7219baab3386dd515899255a704ab264f2c47e90588f0cfd24dc911"}
[2026-04-18 10:44:00] Lead stored successfully (both tables) {"lead_id":"012de882c935b10b29d1446d206511262decd83bf630c61277bc2a208361b81650801d79b62f2b8cb8aedbc773b2d8736c2a5ce32381fb2325868c66b22dafe176ea37f83c6ca3a1b4b0a52e8f8cda48e19cf44a22b86b54dffbbbd45867c7ec1c5ed509d4824e9fa34810898540d54e"}
[2026-04-18 10:46:09] Lead stored successfully (both tables) {"lead_id":"012de882c9dc7f812267528a51b898d5a2810ab8ce95ad6df9228037d3f15fe39b74c62e0a05c60e21723e55f4447d7bf2419b91dd824d2d49c725cbe0daa02f1da179c6df31de560104c183e575b17d134d8336e6cb91f879494180e5c7a467829533ff1ff25977506c79ff97221b4e"}
[2026-04-18 11:05:57] Lead stored successfully (both tables) {"lead_id":"012de882c98fda74ca949fdf548ac3f165953e6d8146bd64264fdc06dccb940c831d8be4f2cd0209ab91aa9463b543a68e08bb9c23344931735460b87c13f237d25781f691d12016eea2311bf3eaf7f5c4f02453b73e0a355e17e9c9d3c3f5b2ccf554b92d03e413d9bbe49d4fb8ab20"}
[2026-04-18 11:18:45] Lead stored successfully (both tables) {"lead_id":"012de882c9515528133e8eec9fbc7e9a84afabdec73ffd1a67622f6c6bd6043c2bcf0c811ea7baf9a8e634ff1d332060d33499e3c51e2c262c24e7989c16b0a157a7b86b74f3c58d9bcb31dba9775b3f4746c6e87d7f7c19cb583a4ff6b2576a9312215566c940d2f16df7da6889f02c"}
[2026-04-18 11:31:14] Lead stored successfully (both tables) {"lead_id":"012de882c954db0537c0221e7bfafa96e3275d89973cf8ac30f2466048afcad9819388234a38d01e0af20a5b88814cd18bd29e26d8668e8dcc5e643f01a5a505e65fd1d4c6cde416c92621cf9950a2940ed2815978daad793b447548c51126258ab70954f5f777289fe54a7d5ca20177"}
[2026-04-18 11:43:56] Lead stored successfully (both tables) {"lead_id":"012de882c9f638a13ec4926b4f4ff6e16447f13df7bf65718955e2dfdfc06a0f0d8e5bb956f335f3a04531a3e1957c77d53387d73b3f2742d8cfbc4320951218a33c903dc9d9f0facd0f57018453891dc73d7f0c4acf2e053f80826a19edb3807150ee9d33274bac971ff0201cff6fb9"}
[2026-04-18 11:57:25] Lead stored successfully (both tables) {"lead_id":"012de882c975e364fa8cb7e717f668ab38c0fd67cb2c884e43697a42838d49352b0b8eb17a10c05cca3d3a6744e795c5afc5d5a04ecda2d75f24fa0bd1b5da199a3d98e9e5e0e3cc0d457e36b65149430a21c50166be962f7f4e363510f467707a122bf4e8255919c2d09eee4f5f3e4b"}
[2026-04-18 12:01:59] Lead stored successfully (both tables) {"lead_id":"012de882c96d6de36df074032c249c48d09d3d67714fc6dc950d329322af032ac274ca7a3b91e45bab4daa3340132c58bfe5bd0a0d9a42a84b01bfa08453eb20d87c7b7bd861430751b302b218cb898cb8516ad42c78592aa090f425ad54b59c10573b2958e61379fea80f05e80d182d"}
[2026-04-18 12:17:40] Lead stored successfully (both tables) {"lead_id":"012de882c9840e349d4e5f5a64ae891744da9ac81123ec8b9c0547f5d8cf019aa69a8db5920e259bd1050249720c01322a7a99b48ba5dad0ebd58c3600b01015ffc772eeb0d0e41ab2c2539d47c7ac55f0a332d91a6ab8e96ce3d63f8e50bc268f36d04668fcfcb640a25f543f4398b4"}
[2026-04-18 12:25:52] Lead stored successfully (both tables) {"lead_id":"012de882c9be1b7c79629afde80f35add0024ce6695e360c0218256c7e269436d80de1b4bfd54a5ad246f6bdfcb536"}
[2026-04-18 12:33:07] Lead stored successfully (both tables) {"lead_id":"012de882c9b8e176afa79364a659f08b04cde58652859f1b722e0fb7f0874ce0c095c85771b07acbce505d28d4024742018f04984f7fa632877b7c0d2f80ce2f6ec257004c3706ccf432c7af0322d6b3ee3882fddd94b0c9d7b1bbbc266ab07869fe740fecc1fe8dd519edd84d9ab946"}
[2026-04-18 12:36:51] Lead stored successfully (both tables) {"lead_id":"012de882c91ddf5e5aa7d1ff082d976bd55fa1ab8768e83cd3b64d4b03489da2a9609c0ddbef10ee14fe0e7917f1ad602065af510a47cb11a3d6ebf9c47d360a80a8d79d3ad96d8bf397896d16c4cc77164c81bee5fceaeb1316967f20a94b5d963e2182f6a340643bf5bb6bfe068d5c"}
[2026-04-18 12:40:42] Lead stored successfully (both tables) {"lead_id":"012de882c943b693245db7ccc8ea61f41dbf33b48565777688bb615fb61178d4a019578a2933e302ad82c2464bd0d6972ac22314e5fcc94d3b4525a7539137b2753c1de42f718ea58955201a25c62e1b6f08b800d8141a2766b7e2f36a8298aec1a0a34d065a3a58fc6de11eec57a509"}
[2026-04-18 13:16:42] Lead stored successfully (both tables) {"lead_id":"012de882c93d05a6109f4e06ea0300306c62cd1923b6592e12b9a008cf50ef972bae6ab26501baa41f7441536f5e4e487b3929c3fd336565d6e40dcf102c5f461a91dc0f875867e1f8ce35de19662ed156c16423ac01f62891b1240f96c41a69ed13c1aac961128d9179386f4022f6b3"}
[2026-04-18 13:39:35] Lead stored successfully (both tables) {"lead_id":"012de882c99d16edf2fecfc4d0331dc839d346500ab0d6e8d6a6644d8173b38ec3270ee6957b955fb06b01e1929c418e6eea5e7a9c0d5c92a26e3510c00b44df5746e5c87e3df2d83bc1789c046abd2ddcc6cc61b0425dcd62314f5b1fb0328f91feaf2e6a5a8922853cf2b9d17b2a05"}
[2026-04-18 13:40:35] Lead stored successfully (both tables) {"lead_id":"012de882c9b695640830f084be82f766db31082d02504ab307a2f9a88224a8add6860340e626cdf4e87b048382aab624bf13407bf7656f8dce24dad6e07c7212285861b63a15dff3570154885258d3d82f6433bc1f96f2ed69ddd0166136d4501843cf272dd46c8f9c804dc48ff0e6a2"}
[2026-04-18 13:42:47] Lead stored successfully (both tables) {"lead_id":"012de882c9f1dfceed9ac4612dff7ba8e5cb4bac83983550d4ca07ef1d87fe05d444115c679025265748d6b2b39e10c1a9c6e32e61eb1264a28c400079ba522d2fa782f2c4ac3028ca3821c9efe6adbd57b3d77758a04f249efdc51fc7c2e508135a21df36e6bf70462f64e1e0ec7488"}
[2026-04-18 13:43:04] Lead stored successfully (both tables) {"lead_id":"012de882c9ecd816fd2a00af0f873f3ec79f6c49bdf7a2e170f8d09f798f57649bf13c05f47a3195e3363595ae08983ab1c4c17a947b3138f75a69cce20cc42736afcf4cefc36e29b813421cbb4584854aec604d800d8fe84c4605b01292143e76250e041ec10a426a3a573753d8ab6e"}
[2026-04-18 13:50:42] Lead stored successfully (both tables) {"lead_id":"012de882c9085602afb8ea1daf2cc3a2f1db7c308b33d0049852b31681f6e33fe198c26996da02a274905f4f8ddae8fdcc1dc0b36f263d0899fbad27b622b4a917a7c4025033e216a5859716131dd9f20a8ead6fc696cf6ca25e07800e8011403c6277e0384e2b159d2c4c903cb0d8cc"}
[2026-04-18 13:52:24] Lead stored successfully (both tables) {"lead_id":"012de882c9f0ca0d94ade615598c51d9597bceb0ba0383f3165136804f7a950c1d462da756d6be2df98c0233cbfea99ebcd302f98b51c8a253e3549f35fef09e2a99da1ed8c69f963fcc6da1"}
[2026-04-18 13:52:46] Lead stored successfully (both tables) {"lead_id":"012de882c91c21772f092a92bd88c831720f71aa8aaa832eef3aa25e7a4dd50a8767c0155d0880e355bb5d04873ed0aa38a12f7b3cf884ad0533136f871b5519ab351863aa2ce08c9c8e69265b2f5358adf8ee906c6c709dc3860b1e7000147004a5da00d2171fa22f05dec08b9a2f2d"}
[2026-04-18 14:01:07] Lead stored successfully (both tables) {"lead_id":"012de882c9eb93949fb451e54dfbebc2fce98a43e3907eaf2a8d4fe015ccae363762a770a60219ea8ae6e79d5a9cabf92ff0453e65d970d10bc33c8387e4c2e3ddf9e8e11fd6d4a89c9d2bbe6a42aee658c3d9c08fd27f8e8a221abbc7887e006efcbb28d280869d83b7b72bb15cdb91"}
[2026-04-18 14:06:13] Lead stored successfully (both tables) {"lead_id":"012de882c937ec2e58246ceba9e03ec55071fc3bf167d01b1d72d87c3a73319a4ce48caeeaf34bacbf451a5eedd05c900059c6cfdeb4c377b7227227cb01f2081b85d1e1c2afc0b425eb0124bc39039bc4402b91d4b71f2ba65285d4a9d02d5d17827bac30ad6badadde5cb44acc8011"}
[2026-04-18 14:21:50] Lead stored successfully (both tables) {"lead_id":"012de882c9d3d16dbb641dbfcf75e0c25650c467990f404e03cb5d88604a3f2ebf169aa1a009996c4a1d13e7cc5fe65bfd22897c9cb2e356c78d7abbc8302ada04b3c61ecd339f3f26ea4807389c73128043ea72e8a941b823670e97f3668fadd3cfe999082b36ce4fe09d3dac6f0ba4"}
[2026-04-18 14:23:24] Lead stored successfully (both tables) {"lead_id":"012de882c90911f69c053ca37bf01a9bb52b81a6b2fff78868a0cfd30bd55e54901d72dd140a48938ad07ed4a6be825e7f6d4f07e3187af5105639053b18719fa6596a1bcf4a8df34d29357fe1f252d95e9494f8d22abdee43dbcb9cd08a603a569e9113f05a182f5e860917d87c4e65"}
[2026-04-18 14:39:57] Lead stored successfully (both tables) {"lead_id":"012de882c9c03396d55d54dadda7848586cf6e0adfe76e5d3e13fead6d58c10e36a9d7d5c55d79653ba5dc5af423bacaf4432560bac66f12707c3745204247f239dc0488693f728d85a425d5ad6b1a8df7a451ca298f65719a93d79a0eb5b6e938e48f8370e4229bf8d05396554bed02"}
[2026-04-18 14:56:34] Lead stored successfully (both tables) {"lead_id":"012de882c90ee747da5e05c6d1063e4ca20f0ce31024d3addd90424f69f219b8f75da2d6b665f59bfa0cfa7fab869220768e7dc66d465f96bc0e10913c3724b5f651f560cbc9f153017897cc0ebe0ecf955743f8a6fb0c2e134fdf466656c53aaf46b49a6e49c8e5d30a751581e77fb2"}
[2026-04-18 15:03:16] Lead stored successfully (both tables) {"lead_id":"012de882c9d9f124779ecf13da23a19301e72640ea851aba6db796999d1de9b79c7d99d3927220ab4ff578dd2c72615352b01fd73ac9208a2b4a188d1324a62474e87b6cca804f5b014e93723f3cbb42c783df56a7e538f93f1ee877bc6f06bb74ade93c62aa0b4dd708360478ca023b"}
[2026-04-18 15:12:07] Lead stored successfully (both tables) {"lead_id":"012de882c9f7430af7fd1101d7a8d0df46abfed5bfd47d243651a9f2ac12a95129484924b689e45f2d61f6c55040cef589cde304e5cafdb9e4689ec1950a17885e0609d366be573a9fc41151e33b623e3f92c5364649ccf6c3a812334f7e30dc50a8424f51e8276716f04620b5a8a715"}
[2026-04-18 15:30:38] Lead stored successfully (both tables) {"lead_id":"012de882c97018fa6ad9001121efc89cc7bd9271aad0197199d55010b2c8bff0b5f55f82cd26d937dc628c0f9f31272436108f8c2580c00ffb0d9f558cc33c5999528bb29b73ed2f4704c545a6bab5582ce003ae3c8ea08e19473db5b6123b23b615753b3aa1c5bbcaed98c1ca1d3076"}
[2026-04-18 15:32:44] Lead stored successfully (both tables) {"lead_id":"012de882c98312a6a94e7a2da4e391b74b3b80265bf32dcc9323954bc9f1ea8fc6b1431fce1c689f7b88a4a9892e7aee6ea2cb883ab500185ef0c3a693c856a5b925f6629790965d3974dab041e2983f9f69a97c86c4498ed561017d6fa548828fcfc195cb852be947018ed89ad1231a"}
[2026-04-18 15:41:04] Lead stored successfully (both tables) {"lead_id":"012de882c95bf6850b499deb8b1c845e86e9d61e36490dbdfab55db2bdc38b9851d670526e5a6677ebca2c8e0c998c2dcbc96d213a1b5be1f796ae32d48b6b3a69766ba0f2c2d476097444e4ec21cb25ca2e08797424ecdc7f729c4fcbca9878dd2755f6bb7a32f0ec759778f6945f62"}
[2026-04-18 15:52:03] Lead stored successfully (both tables) {"lead_id":"012de882c96c16ee0d929633f765b9712f8ddea313a7f2467218fd0c4a1843a406e1a58f7dc65dd0d3b2fc083e102a5811e77c512e90e1d2a2c771a4b9a1667b577bc60371ee75032260a83591e48a199c1c6d22914509aff2d0f66a42e75afe463061f35405022f6460573e7dc0b89d"}
[2026-04-18 15:55:07] Lead stored successfully (both tables) {"lead_id":"012de882c9d44037d48b7d65db9a975c7fef8e47f9506a8cfdacc0fa9dc49ba326699bc917a7ecf870764c365658148b892184d0d38f70282a25611c24621e7e41fbd9e7d17398d0df544906"}
[2026-04-18 15:57:51] Lead stored successfully (both tables) {"lead_id":"012de882c972dd0ebca43ec4b4c09108b9fef262fcc8c01623b57690bc1ec0f3f7f54a3c4f4c2699dbd4385c8aec3f961d7a5806f43711c52c18842d5b4fec26ce72bc9930ecafffbfb3721464e68e6bfad12d86dc13ef69823433ba1064a5651f91c460da8a196eeaf04058e2270d5f"}
[2026-04-18 16:17:07] Lead stored successfully (both tables) {"lead_id":"012de882c9ac9c7ac324ef0d3fe2c2367ba1adfb759c9867b58bb9f309e838cb9c65db37194332815cad8b2747ca5f37de027db96c2673c9b1cb0334a4008542888360d97e8a825097474ed5aa0daf1e5bafb6eef4f5a881ffb58e9e76d684df72198becff4a47ce72e2b0d2518dd0c3"}
[2026-04-18 16:25:13] Lead stored successfully (both tables) {"lead_id":"012de882c9d7fea63eca36addaef5584ac39bdda0a469bd2d585000e3c192e54f48794cc2292da921b519f4376183fb5360c0201ded3ea67089efbf2665dc8b6e286156423c21828172ac5cea5a175a254c39f5dd8815aee9d336ce2fe025b180f663325eed95f724e3f02494e37ae5e"}
[2026-04-18 16:25:39] Duplicate lead ignored {"lead_id":"012de882c9d7fea63eca36addaef5584ac39bdda0a469bd2d585000e3c192e54f48794cc2292da921b519f4376183fb5360c0201ded3ea67089efbf2665dc8b6e286156423c21828172ac5cea5a175a254c39f5dd8815aee9d336ce2fe025b180f663325eed95f724e3f02494e37ae5e"}
[2026-04-18 16:29:14] Lead stored successfully (both tables) {"lead_id":"012de882c9dd9c22d34d7d3b5488e9ee50efef184f206e787e104346e0b2cf14c88e8ff0804d61a7757e29c34a4e76c210b41b669d04613bde1c85cb03aaf443df7606fc169e8730741366ebd7be9ad256ebabdd963e7c4858d5bc77dc69fede10de9011191059dd32bb289fcef6a4a4"}
[2026-04-18 16:30:23] Duplicate lead ignored {"lead_id":"012de882c9dd9c22d34d7d3b5488e9ee50efef184f206e787e104346e0b2cf14c88e8ff0804d61a7757e29c34a4e76c210b41b669d04613bde1c85cb03aaf443df7606fc169e8730741366ebd7be9ad256ebabdd963e7c4858d5bc77dc69fede10de9011191059dd32bb289fcef6a4a4"}
[2026-04-18 16:30:29] Duplicate lead ignored {"lead_id":"012de882c9dd9c22d34d7d3b5488e9ee50efef184f206e787e104346e0b2cf14c88e8ff0804d61a7757e29c34a4e76c210b41b669d04613bde1c85cb03aaf443df7606fc169e8730741366ebd7be9ad256ebabdd963e7c4858d5bc77dc69fede10de9011191059dd32bb289fcef6a4a4"}
[2026-04-18 16:40:57] Lead stored successfully (both tables) {"lead_id":"012de882c978492cb195df1fb08b588b6cdef116003f3c32a5279cfbf0dae3784a837ec5ad69f3aa15d84ee27ae811a67413dc190422cb4df67ed8098147afacf160d1225e63a7c9ca3f13d9"}
[2026-04-18 16:49:32] Lead stored successfully (both tables) {"lead_id":"012de882c9c14fe0a1761276ca6314973948b640758d5c449b54f5eb111216030fa7eeaf9a11ad96c76115493fb67c0b897ebb6556b88cac2dbb76345103cf94c8fff28f3be3c3b6ac66f4441c9e88e6c9fa8e47d44cde70a28193c5371cfdf44bed7000f06b64d9d74d9d3f23dc9353"}
[2026-04-18 16:55:25] Lead stored successfully (both tables) {"lead_id":"012de882c92e7cf5fcf28901691adb4f89568166fb678899220a85c262304c9b5d1aaa6d4978336cb96545e33c579d8ce7290b5a287b2c18362ea48e57a982f9283c136af1dcffa9c8417cbcecb7b505197dffe13759759428008f0051b0b48f9b667145be15b62197bff00d76e07dc8"}
[2026-04-19 05:27:45] Lead stored successfully (both tables) {"lead_id":"012de882c9b0220872c06a4285f1e84ca816a2a995bcb8542e045a6f93292c8d2e5f04e261bd98566c8c735de247cad52920557ea60a16a5a9edf46d48922830fd42f34c73ee07993d7eee8e322e0e375d50781e51dc6561e74579e0f60c807bf32a6cd9cd6eb65d381e95bbd01a97aa"}
[2026-04-19 05:37:33] Lead stored successfully (both tables) {"lead_id":"012de882c9a3c4be86c5256180fda0aac5fab99cbaf90ab8aca8db4ef10e798169feb903e55fec524a7461b91175551948e02eafcab266995898fd4b3b00eafaf92d3cb00d2558618e48fb05"}
[2026-04-19 05:41:58] Lead stored successfully (both tables) {"lead_id":"012de882c9029e4d9f7a81bcc56fcacf5216ae38fb405dcb5b41176f6f0399844a9d4b2cc263b0d203f115453f9213a0e66f65cf53d4accd44537f6d5422393cd3a2f92b380276d7f1a560dc"}
[2026-04-19 05:55:06] Lead stored successfully (both tables) {"lead_id":"012de882c983db6ed68f5725167e043954698835936f1f237a8b9ae7abeab101785ad9613f7f40c1b0c07a8927167424935d5042d0674d3642abe230fa7373d6107f88132abaf3a6b9bb1cceabb9f405d081851c2a7591789d9489e058375aae74700db81eae24bf3076fb076d85a092"}
[2026-04-19 06:11:50] Lead stored successfully (both tables) {"lead_id":"012de882c99af807d1ce1d968e40c7831ef5ef8990d51f8ec0e1628d4e2633b711d72cfc2125065e89846cf2b71d53661c82f5b62268f44ffefe27773947b709e37afe3a792ad2a78bda5522e5a467ef898bb54cb2a464348d958ee2232272b3d8b280c33e98372ae073814b12b26f29"}
[2026-04-19 06:38:20] Lead stored successfully (both tables) {"lead_id":"012de882c96881e93c9e6748c12150c6bbb95c941d03943d9fd1bb33beac6129676c5a20e74474caa55d83d7e8800527eb4cae2e580c03fca99d48fd2361fa27b635fddc5a260130cee21026"}
[2026-04-19 06:45:27] Lead stored successfully (both tables) {"lead_id":"012de882c9613a278e42ba5234c74b0d077890ad760e1989fdee7b05229a0d4da793c012d202d9b47c48d22b988de78f4520dc9459be95a8f327eb18048f10ef50384af036551f0cd994d498"}
[2026-04-19 06:46:34] Lead stored successfully (both tables) {"lead_id":"012de882c976a810095ede365c44e8ff023930c8e5aeae83c8caa0fbea6165a2ec339f23c9141e5681360add6400849104168249109bec9a3b6f53c02507fdcad8991671f63c3f92f5231a58"}
[2026-04-19 06:47:13] Lead stored successfully (both tables) {"lead_id":"012de882c98bc7716ba23b33e07badc2f8eb4392cd7d5c29157738a142030425444f0794b928403b16ec73f65679f920ddd64a129ff13c54fa531291d6229064db5e092c4eb09c1483015a85"}
[2026-04-19 06:47:47] Lead stored successfully (both tables) {"lead_id":"012de882c91beb218de450980c6a17c5f8f4f3f63f26a7052e810ed0bf1733c49d57c94812a808c90aa960acf6ac11a68a544dcde7b86260652b068f4039ab8e74335c20677189292d1a0938"}
[2026-04-19 06:48:21] Lead stored successfully (both tables) {"lead_id":"012de882c98053d189ad7796efcb5dce0e6a91a7191d6d5564216ccbcfcb607f20d04135779ec13d7546104bc74e76f80219432391714e174cac6c7350f426b7a4e987145ed4cde0f807a360"}
[2026-04-19 07:34:30] Lead stored successfully (both tables) {"lead_id":"012de882c96d6e9f269e7b6e84a688d4ea01856960d01809d9a02089bdb5ee90ae8062ba22492c606f05becade1e0e6fc89c8ed40d33e57a7deb6b336827b95803f032773f04bd9275d9c9a427e9afacf57a1e2d883a4c4494323814d2aaa9f4fa4dd097df6937fa23fc6c4a6ec8366067"}
[2026-04-19 08:36:48] Lead stored successfully (both tables) {"lead_id":"012de882c90467c9ee4427e863d3d23ff38cf576b3efbf2af8a7eacfc72e9c7687e2c4e81697c0daf125f6b0d89877dad30b79f874fd13f9facc78c7a490fae2dd8a7cc66139ee24a98c547b"}
[2026-04-19 08:41:55] Lead stored successfully (both tables) {"lead_id":"012de882c9acec85f954dbefae6d0b68d7396f5313bcae8b7726f3b0e2bc01b357e6066effe5888c616268eebe990d6ddb3ccc8310b34b84eb5c4c06f21f1268c813cac3828000786fef1a53"}
[2026-04-19 08:59:29] Lead stored successfully (both tables) {"lead_id":"012de882c9139a25d884c447ea8d96aa1d33b3d8c0158e83035bfe99e47b5fb7a49e60425dde3897e4e8d4167c1f1a4b3f7fd824d8bf2d01d89fc1b4c9ad603cf752a781d8029a0b409dec820bf218411e650f0a69880e78523e6c22520fdc31df7910a19652cda7e8a3855886dac7dd1d"}
[2026-04-19 09:05:14] Lead stored successfully (both tables) {"lead_id":"012de882c9e160164bb2ddb9e8346bc7c7e60f086388dd5749486fb1b8d8dac393203afa78d2fa4df3f5dadf7e3af60e231ddb70314a039341675a737156035cbcd6b59a9dfb7a7dd319f224b6bc4f5811137961392b2a7df7d2f7496ccbce21bd2f1cf87e452ddf36122fa8cd8b8178e2"}
[2026-04-19 09:10:12] Lead stored successfully (both tables) {"lead_id":"012de882c95033161dd78c3684af7cb7022f0ca43f8ba4f66cedf0fa07e971c2330e040e51a9e338fe68cd4446f8419b5371401c4ccc9500eaa17985df16d7c98bf2db735ce555123c0bddef"}
[2026-04-19 09:10:56] Lead stored successfully (both tables) {"lead_id":"012de882c92c10047c84a1e6fe704b71c28f50d592eb0ca8ef7ec61fb4a23efae64fbf38631271e1f90b931cdec26ab424d8e87fe7aacd972a7a79f841377a0c5d2cea1e72dc58375fd96afc"}
[2026-04-19 09:14:29] Lead stored successfully (both tables) {"lead_id":"012de882c968953e5f4a2312c5c35e3af2405bf9d4fb06e93b4d19b2d44d9417fa73e36b378b6a7187888ab6fef8e6acc58f8194d0895ab29396a8cf9c45ff618edc4e285e7b201f6415afcb"}
[2026-04-19 09:19:30] Lead stored successfully (both tables) {"lead_id":"012de882c9d09730b035ae084dc7261308666fcdb285ffd8f73948000f9522496d5edbe763465e20068575e4d3fcacbc64152cf9e1894591e64350603db5aff59d63ecf719ce0f9fd76ecdaf2f8e712393107567f6563f7350591303f065868e4e12dfd5b0b4d9b1e06d42e92f2e125ab6"}
[2026-04-19 09:37:17] Lead stored successfully (both tables) {"lead_id":"012de882c9de3558d28355a4390de9f8f743b655e7e268ea958f4f1025b5ad713924058ef6c95e1f9604128eb2ff6a"}
[2026-04-19 09:38:14] Lead stored successfully (both tables) {"lead_id":"012de882c9849b3ba1f2c9bfc5efd2dcbd8ddd663bc7196c629de316ed74402fc04789710ef1707f79c21e5be595a99355c29dae5c45b56814332243571db22d2fdd8d40a992226396296d8c"}
[2026-04-19 10:01:40] Lead stored successfully (both tables) {"lead_id":"012de882c9141de3ee380eab5246050fc0d1d6f98cdafe03ccbbee5a7f98a3b1908c5ee23906c6aa6f4a1d8098cdd8c7caaf39fd9b17b8934ed699e0440573054f530180519a08eed618c64fc32deca9383e046733ae5e057cd30111fdb2d07091e8a301d3caf1a6c3f7d9ebe0108bc669"}
[2026-04-19 10:07:49] Lead stored successfully (both tables) {"lead_id":"012de882c9b5c5740cf7eb6c37b5054c6fa39c7f680fa711bfc830a24adab5cf02f279d6a45556e08805b6a76f57521cc1fc17a5e0f541408d87628d07ad8a3beaa56f7f5796587ff9b85ea2"}
[2026-04-19 10:08:03] Lead stored successfully (both tables) {"lead_id":"012de882c93c9e27aad834ed226f8540d26278be004defed925fb5d29b1a50015fb3f283b3b6168c58cff67247dc0cec58077ef313bad2f97c4b54191c96cf013b7fc7fe9e04055e9b79bf7346e6a9048bea2f2fa895a8a92c6a014a14b34b8002d80c0e55f07453bb8f1ca4467f28068e"}
[2026-04-19 10:38:09] Lead stored successfully (both tables) {"lead_id":"012de882c90e08eb93d652b82fe8a7efb122846ca42dbd635a65dc364160bd3f506b5fdcfd4fdd260441600036bdcdc7cc836890db5ca2170367d7ad97a96f5c811b2d54c454e438dc48546f4e766940ab51be405b3f87cefbe8df915163028298ffb687e126c192be109d592960ef6f2c"}
[2026-04-19 10:43:40] Lead stored successfully (both tables) {"lead_id":"012de882c9b0da3c163b805c9e6b78c8b7d8af2145e3720fdd596b953b9266faa0ec376ffbc05ba69fc36374d8df83b5f5220a8fed0ca76f348c431d5085a7a77140a48038a4c481ff888a667c976ac099b8252d4885aeadcec9f13354f5baab71d5b4b20ca16bd555de480762bda86650"}
[2026-04-19 10:47:46] Lead stored successfully (both tables) {"lead_id":"012de882c9593c3764c9ddfa8f5ea598d676b0f20e93671b629bbeb9d133973adfdeb692721ae8a1929f03f0c5146e59b827a483b3743f6ef4a0a3531f51a219093d1be4fd3690edd7184d0df7e0e02da2f92ec8b8b56164c5d1e523d18df3df686bb4d7ea38ad12bc871f686e5365461a"}
[2026-04-19 11:18:32] Lead stored successfully (both tables) {"lead_id":"012de882c996ad430581ad27fe67558bfff0ef9e058123d7649ed488bff8fcdeb967766db781be60a33001a8f741426e6332b507cbfe19373ac43f994ef9ada0448ae80304b1e86851f7de4f"}
[2026-04-19 11:19:45] Lead stored successfully (both tables) {"lead_id":"012de882c9496404f155febf0f72b56027e50b8d189733eccb8bcc86fcaa2cbbb7bd76a62e094af4bf459d46f13f7102e49c7f3c53962d060c9965a1068753fcc6e17f3dab4f6c0c84177ffe09af214fb6b23d8f78a84e885377162bc24466f2e21aad305154c332d4569f6f2f4433c794"}
[2026-04-19 11:27:28] Lead stored successfully (both tables) {"lead_id":"012de882c9c0894abb17596e78e6ced351165faf60e8ec0e10d8169ee27d1dd84f53681bdb87714663ca243f5f52d4e2e4cea6fcfcf0dea1d8e374abfd9086c8fc60d578205784dca857ffb8da615cf1ddd1678b8e0bd28cdb39483472b3e586f74abd5a0cf56ffbbec0e03dec9fcdf97f"}
[2026-04-19 11:31:45] Lead stored successfully (both tables) {"lead_id":"012de882c929a1167d31135454d3fedf6eaa11677dd43dbbe86d7f96a36fa46d3a406dd69bb8b4af21401c1db8666d69e58aa1f7c0a57ee942eb778086d00aaea8962a8ad14e7824ddb4ceb8"}
[2026-04-19 11:45:12] Lead stored successfully (both tables) {"lead_id":"012de882c910ea95774ef9d6a616ced019f3bc02f78052f4aa3728ed3cbc3c130a42c616b0dcdc44f8817bf9ce6eebb96e79bc300fb41b9a51ab4923ecc129f912cf8912a553da2ef6f9b0cd"}
[2026-04-19 11:46:47] Lead stored successfully (both tables) {"lead_id":"012de882c92cf61ebcfaa44f0f216be7e4302c319cc607d5f419f5220c29e4ad35665518c766929cdfea0d2cbf0eedea1e6106ef85d34d553a83426679cb81b3ff78f0dbd29186e9b774a636"}
[2026-04-19 11:49:25] Lead stored successfully (both tables) {"lead_id":"012de882c910b5613d41188a6e31b50952389dc2551045720b7ea50933998ab97bf1c55de7f8c49db7dc5ebb502b1d2fdc71cf8191bfb160eea1a56b98de28eb930fc10940db4cc1ac91f43ca22fd363d90c368108d103932358605f046029ba9d0fd6847b967a810588652dab9a126056"}
[2026-04-19 12:09:15] Lead stored successfully (both tables) {"lead_id":"012de882c98664d052297f08b8b8e5b5567782bf539b4b4cd632f7aadf88e159e46db871747c68a5bf227d81ba85a4128d7f7fbbd4d0ed955a1612f4f245dcff117100e9d3322cdb7780d470333ea3242709f222a71ca923ed099be2e86de70bb0520771af463a6f1589d265b68c13c519"}
[2026-04-19 12:09:25] Lead stored successfully (both tables) {"lead_id":"012de882c9e979e5a191fa4946e39c93f1f26e561d8137866bfd96e70bb93a9b6d68deb7553a2fe6c7b02fdf8934863e054cdefbc773a3b53904f2d511502381d73126c405c282b4cd6820b92b3f06f4d938812bee57cbbb6095a92cb0c7dc9d2b6c1818e0690e7b917b1f53036a287229"}
[2026-04-19 12:19:31] Lead stored successfully (both tables) {"lead_id":"012de882c94948a9291ce32609796d1ff9134d6bf8d2d9ec6eab8e8dc96091349841f3431a991bd54f33a09727d86a4189ac88f45be4dbac2c20bb3bc35318b42a25eb5b81a696fe5b822ea2"}
[2026-04-19 12:27:46] Lead stored successfully (both tables) {"lead_id":"012de882c9188f60d49eb745e8167c711a597e46b13543cf1ab7b79bf47c4f43edadd714761f9c0ed5004192b04792db938b5085c122615ecd45ef9f33213f32ffa47b83ae0ddfe7ec3b0094bbfef7b629296f6f90bdc2d2f050821f7136523a212606bf390ba6b767506a98100b73ceed"}
[2026-04-19 12:39:14] Lead stored successfully (both tables) {"lead_id":"012de882c9ab5fdf38fec27a4c54b506998055c863480575a7df6c6ea9f9730c9895ad1f5fe41487c5cb9d799156e235d8a17657238c2ad808026bc2d5b79e317d7207fc874faa82ecdeffaa111a9763b938d122c1a1cf287cf67c0b636d9c58c0fd6759051701ed399d514de2e593e2d9"}
[2026-04-19 12:39:39] Lead stored successfully (both tables) {"lead_id":"012de882c98ce6bd5a865813eb4a00b617227495e415d47d4f848c44cc0020509f2e298e4789a827ca180857114f63f5ceea8f7b4db66d3ce77db41a51bca085373ebe8286c460d7c5739c31aca1cede94556f533e389417845ea2cdb5bb7407d1dc889e08ab3033a6d9413087c5683c6b"}
[2026-04-19 12:53:42] Lead stored successfully (both tables) {"lead_id":"012de882c9122ab3eae35b4d75f9474c9a8c14bc216e231f37d6a99404d026445e1b9843b0760b8b92b6d5af0bae8bd853145b3bd84d37be0aec1732482a58c184410459a2fa2af368210a22ac2e160d6d11f9af0e3dcbe704ed7e4578153d4ffa1718072d71ff7fb242803b7e24affd57"}
[2026-04-19 13:12:08] Lead stored successfully (both tables) {"lead_id":"012de882c948cc3e3c26fd40be95a72f8810b93c4c56468b76b9b23a617832b4a92800549518900d513f6a5a70380501f7476269960a2e7aacd5ac81bcba5d049ddcca947e02b2a089452443ac16249d9e893ce2f8776437b858183117bf563d0c871316324cd25f87d1b697fc881acc91"}
[2026-04-19 13:13:48] Lead stored successfully (both tables) {"lead_id":"012de882c94bfbfbc2647653bc1032ecd958ed259ae7e71e58706bff8c5443c733415e34010058ce576d96da4b8a154cde7595a18bac391690b7531d2668f563dc36bccadde20e569070275896bf9012f7be3ac4a0e8d6d33d6cd570805cc955248261862fc832fada264f025dda7686a1"}
[2026-04-19 13:19:17] Lead stored successfully (both tables) {"lead_id":"012de882c9a10a7022a7aed4c5d1c4128eb879ed800eea323f40d58187eeacc4e28e36b7360bade4c0b2e06ffdd1c2190d90a6d32b6eb691dc5c24e330e49919a1387f562802af479e6c25c7"}
[2026-04-19 13:21:40] Lead stored successfully (both tables) {"lead_id":"012de882c9ba7d4ce6f75dbd404dba6a8e9ec751a22a1175d50365908412f8166fc4e50453b433f4fcffce0398f9d0fed751e137dd4f0841b717dd351fd97a65d91714f151cbeb8668818965"}
[2026-04-19 13:21:44] Lead stored successfully (both tables) {"lead_id":"012de882c9e85e74dbfda27bb87676dee539d909eb264d9d8cb6e3022247b6e8100bbd645db18e8540340d18808c65379536b4cf0571249bf64285482e55b77b12c32e194f63fd5aafc2611b7c52f74ae53012f0af0bd10c52bfc2e1c11e8f934a7c4654766379c4f4b5656817ebba4713"}
[2026-04-19 13:42:47] Lead stored successfully (both tables) {"lead_id":"012de882c90281eb6d131b2cb8b2da37a4910ea1c12080dd4187926b13b58756092d6223ac6ec7013d8ce8ce8fe510a0ac05c4089050ac2fcd0ce2310363bce954a6dd02710f3ab79afddc57b90154aa02d78666fb667e898d5dccc71dc2c05acb71dbb2812462e72c38307bc6b8e2d19b"}
[2026-04-19 14:03:05] Lead stored successfully (both tables) {"lead_id":"012de882c9477ba1553fd8bf64406ecffb57fe4f5773ea24bfcce44f3bb33dc3795d579770ffd8b40da08de0c23a7539e1ab06de9fd5e62cded47eb816f71324fd3853f137b004da660851c98a298678626907e0718b4adf4619e96cad14634206c97c7493da18e66f23ffcb43fbfd95cc"}
[2026-04-19 14:05:54] Lead stored successfully (both tables) {"lead_id":"012de882c9e43882fd8d963018de853c6f254ee020e0a04e5722f3ff8eabcf66d4fef0f093ebb88d7e7ee7277f990bd2b845f424e468f2f9c63fcceecb1f053673d4f0b427790b3cd2af9a2f"}
[2026-04-19 14:20:53] Lead stored successfully (both tables) {"lead_id":"012de882c9d3b68695ffb597fb17e2b15ad69d2eb5cdc7fe152be67b5789c89819630531f06c38d1e37f8660c69998e532f84883835c21f03ccd901f35eaed214b8bc156cce765fa60a5392c07f07b1ef7e220f9416697d3f588e716f7ad56b2b85f0ab3cf1a59878c8276c9c471f10909"}
[2026-04-19 14:23:33] Lead stored successfully (both tables) {"lead_id":"012de882c9dc720f5afd50674cf8f31550c37aebdb72837a82775bf0bf4d55b9db0484162b58b3b06360328fabf04befb08d2506d495c76aff6ffae64e52504b78daf7fb214d2050be2b599219c7653cb6ca2bfdeb23bf9a10c11883188cf5b0bba8fbeee2c8bcb49b88a784fdba01f4b5"}
[2026-04-19 14:28:02] Lead stored successfully (both tables) {"lead_id":"012de882c9f414df16bce0f49556dd7bf6c83f94eda7ea8bfe04710f6f435d3b65e9151937b1cb7de7694857abbd0e89d20044df202000718caad9c90a5763ad3c3f759106d169c741efdc8f"}
[2026-04-19 14:28:41] Lead stored successfully (both tables) {"lead_id":"012de882c9287194ad6c61f5567f6ece167c9b0dccd14d4feea4daef623fd49b32099faf18bde5af96e6faa75afa98b0129bbcb8b1edb99e90fe7d05aa096896cba1c095ed788358da979ecb"}
[2026-04-19 14:30:05] Lead stored successfully (both tables) {"lead_id":"012de882c9669866ee6e7f43468a498761501e08e975aac88a523a6a47019635a62a309ac953d24b344490d848f94c1e35e8778a25afd281bd58f33c757888679c59008957dee16c406ba9f844769fcbfc9d77354f9e16a8d7696cbacd074aa992cca263200ea28cbfd0a5f48ffcb0fdae"}
[2026-04-19 14:42:14] Lead stored successfully (both tables) {"lead_id":"012de882c9037902746f15873e5a8a6bb99c4f4af2d8251335b1a88b54bfeef372f7ddd8f5839458b0e9bb34bf4473c0708adbece02ce57893a8fbcef363042409869b5dbb66d3d0fa2bd71f2df8d2c9df2746a9d4bedea1e6aa188c828e6b428af890f2fd979aa2a7122ccf4289954999"}
[2026-04-19 14:43:01] Lead stored successfully (both tables) {"lead_id":"012de882c9c7c4560ac8aacb41cf501c77b105c95683d941a88d397f8b9860c7ac476ff307b01322bbd777ef0c0745f6a6cd3611cc74dc2dcb4fa2743a9c0c606be1e74b03253c3908111bcca5052875a129f149ac7fbf45a655094fa45d74dae8552a1e1f654d3ae4d895db8ef16fff01"}
[2026-04-19 14:52:27] Lead stored successfully (both tables) {"lead_id":"012de882c9ce1b0dcb79c6121efa7fe0e72ba23f1cbf921ffa1bc6ec0d4455c6cf35f1b159430d716b339b8a651b92558ff5231f72e867414a063a308d1e371de7637f23d396684e3f6f15eb763aea865181efd03eff27758f1b1b2307e67df078dbdf43d47b4b575254a89a3c80fcc358"}
[2026-04-19 15:00:34] Lead stored successfully (both tables) {"lead_id":"012de882c9e32621fdccd4f2e7a16e79686b51cec8f09e829d52b52750174646a652bea8599b43f12ec705a37db735d158e78fd5f0b29ebb7dba9b0ccb510d667156b64202e513c144f3d781040f6e67b1fa2c97dcdd63e37d992f12d7ad2734fee441318bfb1a146ca91021dacb4658f9"}
[2026-04-19 15:12:29] Lead stored successfully (both tables) {"lead_id":"012de882c9354370890bd00318c329fceec4f0e213ce271afbf4d2777b9897bf1c6e0a639b35bae7fd8e27fe05d4e157aa0e398e1616b5eac44f1d2d10ce6ac603d7eddf7b69d1b18ef17894ddb66e2067f058f0d6f188b887d628272470431a5e032eb591837b82fa54e3eb92db01a4fc"}
[2026-04-19 15:25:02] Lead stored successfully (both tables) {"lead_id":"012de882c947e612f6715fb5536c7da468687e7b28542e984ec993bef66a590248c0dc4fba970e0665eec93b9b0e22c45844d520cd25324877572df48f3db51299e11b29c6b25cd4e2e5e1d7"}
[2026-04-19 15:36:55] Lead stored successfully (both tables) {"lead_id":"012de882c9e787e7d98e11ced7fa97058437c4a41ee9b4c55c05fc603842a2acd3dee3ce783080bd8ac5ce105f0279bdeca6574f1aee87aa3ef0ace27bf6019ae670bef744738ddc1e97c918dc958c347fe6508913674cec0b7c2c61ce17f78f239965ad613f5aa7da36751280402fc5d0"}
[2026-04-19 15:41:03] Lead stored successfully (both tables) {"lead_id":"012de882c92b7a650b028a0a661d41c270f607ef662cb6b4732eb8c88f6e3cfc367b03f8f79e69d53ac33117397e9261524cd60426fe58afb0ee358666f4a60ad8dc304307f52dfeaf1c5d48"}
[2026-04-19 15:50:06] Lead stored successfully (both tables) {"lead_id":"012de882c9fabac7e1a940cc4df3fb870bab14c979a2b0ed849c390472eb4af2da68a4c72e0a9b38e2230a02e85af77119e3400af37ec8ea5597d5d90704707f264deab9c6403a67e5d57ccc3de2b61cf6ae785c824a1b97ca72c97084e028bccea6fe6326260374568078b168f4230ad6"}
[2026-04-19 16:21:04] Lead stored successfully (both tables) {"lead_id":"012de882c9953039484916a994fce07a15c0b39e0f53f312b0a6f1633c1e6b4450021b67ef82b1438e72e61ce0b22177995ea6119aaf950c0de48deaea7f5bb916182877958ad7a7fb735d9b7ad055b43058c487f4b49981a6c62bb98fb19fefbe65fc6dc15ab763496a8376226bfe1487"}
[2026-04-19 16:21:31] Lead stored successfully (both tables) {"lead_id":"012de882c9ddda43b63a761465e0a8ecc8ae647bb35f91e3ba7a88b0ca46be7b57767b40a22571318087ff3c4b40fdf5bf5e52b8abfdb4b502133078dfe8466544ada291cd09146e10d65c4e02a31f84bbc3d10a3702a27e0f496cee8e8393a5d2f295a588bfe0faf07d6403cf204511fd"}
[2026-04-20 05:21:29] Lead stored successfully (both tables) {"lead_id":"012de882c93a02a3b63b6aed0f58efb8f75610763c2a94fa3ea155566a9dbf30533be62bad7d493bb6a110d61ed22db116f52f03b6fd86432358ed02b41799c16ccb2de5b430ea12c6b5b92f21442844cb629b0441b43a243528191178175b0344f3164f2756c5314d55ff8a22c24707be"}
[2026-04-20 06:29:58] Lead stored successfully (both tables) {"lead_id":"012de882c992d178edc7a7d4039c030ca74a63c66ddc8619ad4b15b7b8605984841ef9028eb7bf83c9c478aa8227125dc28de6dce68d71d765551168cd9fa8fa4aebdd6d046509c1e2f2538b0d7a413d64f0b0b2855fed3dd1c48536456ecbebc178175718b554ec74c1eaf8420af87920"}
[2026-04-20 07:02:08] Lead stored successfully (both tables) {"lead_id":"012de882c9f387fc48f7b46b1b9058ca4d77f1ccc507ee3b404cc3d25dbe5b6f61ace766d19153b56d3282eb814ce4a4fbcf85b04f6bca574c066af4990a915eb1adce5ae7b9d26dcb4deea925ac2638d400f134d5df1b9ce325578cd236da18673affe10b810fbca50cddf2ac289f05"}
[2026-04-20 07:06:14] Lead stored successfully (both tables) {"lead_id":"012de882c90304ed3d365d4b77f16b3ac72fd680ac3c758c141a9100818aa20c5d162285fe8e3d21fbf25656e76ae1f73e1000182fd4a000f84e05e89b7a1455f7103202d064f3a91d1212c640427cae717eecb44fe80b98def40d91f37e0e4a14bbcb2067f42f22394030692d960b92"}
[2026-04-20 07:11:52] Lead stored successfully (both tables) {"lead_id":"012de882c9a8d2ef089ae74ed1fc9025b90a59bd98df0a3808e4eead7f4a2bc59e38d7b4c6f8b424fdd228547bd5b3beeddac69d33f52f68f8552331f5794d80966ce67ca57a28fd4426d0554490050db9e5f32916f1e5d1397703ab68dc3184b75e359b187ad55248d837b049dbc2df"}
[2026-04-20 07:26:54] Lead stored successfully (both tables) {"lead_id":"012de882c91467a077c1b1e720de15aad8f2a3496beeec61208d83679c4f29b549911eb6e63c160010cd1fca2d39769280b7b961372eec283f73d62313b4eb17715b8fdd068bcb5e19afbeb761bea6cec25cc91eac92774dfd3b8ca0d8138431cca4b00693c2efa204b20c882e82407e"}
[2026-04-20 07:30:46] Lead stored successfully (both tables) {"lead_id":"012de882c95be5fadd6eb0016be25c3292816a75643133d4fb07b48b1897f92a6fd5f82ce5463c5d0b3097095e5d949c8234eb6dc40641b4ef08a2c59d8cb256d5d50bc28d34546f070cc7c92e9bbaf055416155d4b77bcdf5a7958df0ce8e15221a08a37149a49d7ecb4ff0cde63454"}
[2026-04-20 07:57:22] Lead stored successfully (both tables) {"lead_id":"012de882c9279326369d3483a5f4176d3ff4cb883c78ce4d7428bd8b3b3bbee3f5e9382fef6a192824428306fc5918292b67d9a2acf963158ab8a49ca300863656ee56e2c5e51b8c3ed6c2beb3d7d09cec0c11f203244fd9666fe2827c0eb71556fb1a2f6445d22ae3ed238fbfd833fd"}
[2026-04-20 08:08:49] Lead stored successfully (both tables) {"lead_id":"012de882c982bd55bbc6af151c140f5919588245de8b82bda46cb14955432c3f0c917f087b16d3c74c54fd5c7bdc807d4ab389877ef9149307a1d9ee9c25925b81d5b0bbd400c41d40019b759213cccfda1bed3b670181179989d35b96f5f8cb3b2c25d2b68709aa8656ec5bbefdc85f"}
[2026-04-20 08:08:56] Lead stored successfully (both tables) {"lead_id":"012de882c91d46db74ba176275753f57432aa8f8ee834c1f425a4fa4bc87a9181db7d2243fab85ae648e4a2d3a9c014e24ade1bae08691fc77ede25481abe9d5dc19acf955d429cb214822fb6a75196e3016095e3564ad9cae7ddb2f0307585fecabfe28309d94559eeaf6edaeabbce5"}
[2026-04-20 08:27:09] Lead stored successfully (both tables) {"lead_id":"012de882c92c7c933072dae00b4c13caf2150b4a599fe1d8abcc0a9804a9a75d21e962a60a3f6c3de648259330af922015fa2370377b6adfb70e7684271ee63ae843fd30d06ca33bbd5d0c67431401aee7b05bb662a639da2fd9d0c9b9ad2233a49acd3bfc131bfb94ded0ab1e94c983"}
[2026-04-20 08:41:56] Lead stored successfully (both tables) {"lead_id":"012de882c960c924a0cd06ed5523298ef5dadf85b3026eefc44cf01c8c2e3ae1278e1ff4caae06f599e2e02f917c879c6c3c0a11a1083f900296be0a0261701a38a8df60b021f49d611c3b0bf158eea392276fbbdd61eeffa85bae0e9f867f408e28ff99a5f980ca383de2d7549d6e18"}
[2026-04-20 09:23:42] Lead stored successfully (both tables) {"lead_id":"012de882c97b4ccd97dc245a16e31ff3d5749867ceaf499fa8561ee9c02d11ba02f9e810b5f997dfa24cdecddb3b87861637b2bbdccbc0d251699a553c2c3846e7e3c28423ab5dfa2545c11ea96bddd6f80192013a14f0f7d7de5c5cc041cb97e65d90d13b5a5aa640eac6219eec9be9"}
[2026-04-20 09:38:19] Lead stored successfully (both tables) {"lead_id":"012de882c9dc322990e811d8a77c3e1038a2894f20b1dce21a8de79fc17f473daebbe959a87dee34b521dd2c63f8d35928fd295a3e82a34b899b993ff72c6738a8c8f981ba9b1fe265fb4301"}
[2026-04-20 10:21:22] Lead stored successfully (both tables) {"lead_id":"012de882c9484e9a0f9c143a79d6924a1f78c64e55747251471fb7d77c9e806502df144c1f3f78c9acc970dc23f9adfbc07fd2c1ef3ff63fd2f1e87761772e5c4492198231892732a42099d0bbfd239159463e08371e19fc9786df563ce50d836ccc255672de5cc0eb0d4d6aaa42792c"}
[2026-04-20 10:21:36] Duplicate lead ignored {"lead_id":"012de882c9484e9a0f9c143a79d6924a1f78c64e55747251471fb7d77c9e806502df144c1f3f78c9acc970dc23f9adfbc07fd2c1ef3ff63fd2f1e87761772e5c4492198231892732a42099d0bbfd239159463e08371e19fc9786df563ce50d836ccc255672de5cc0eb0d4d6aaa42792c"}
[2026-04-20 10:43:48] Lead stored successfully (both tables) {"lead_id":"012de882c99444d111ee835813d14ab1e680225d673c9200fe1d1bc2efe2e8cdf59177e55af0cb7a40891b1cb44c6014fdca910ba9db495e0289e81a3f56e9b6c47be24db33e9b38c7f6343d43b7a6d78cd5b4224cdacacf2a0303ef150dedb1319a70a455d844ad40ed6ec5c0215fb7"}
[2026-04-20 10:44:04] Duplicate lead ignored {"lead_id":"012de882c99444d111ee835813d14ab1e680225d673c9200fe1d1bc2efe2e8cdf59177e55af0cb7a40891b1cb44c6014fdca910ba9db495e0289e81a3f56e9b6c47be24db33e9b38c7f6343d43b7a6d78cd5b4224cdacacf2a0303ef150dedb1319a70a455d844ad40ed6ec5c0215fb7"}
[2026-04-20 10:54:16] Lead stored successfully (both tables) {"lead_id":"012de882c9283e252c1f1b69a2319a012f5c9d229d2d3b5f064a68496d96335c6477184c2616f62dcf08d01202b5bc0b372b056e2bb5ce4f74b314b19439e98610f9c5126146402c06e30310323e84c4469d4428fc872749ac7a1e743fb0e10f89315612280b126a4d1fc8ffa7eddff1"}
[2026-04-20 10:57:45] Lead stored successfully (both tables) {"lead_id":"012de882c9349454ab164e765e81ace620ea72da458061e23a64d25e2db3aff50416ac4039c553db4aac36df2334615ae5ed4951edf4b2408977f380d5a33707575d7337565287ff0cffd8b7"}
[2026-04-20 11:12:26] Lead stored successfully (both tables) {"lead_id":"012de882c928b55ddcaf442563285661064cb633fbe515504d8961b506bcbd111bf6d3df34c4f1f05b4c97af616e0d3c8bd126d0886e16ee63b52a4e12048450ee123d0700ff6d72ad36f7fd9fd9914f46eea9e7bf8eb800feb9e13a7707d527d1e4898dd887c785c4558b9a4a369030"}
[2026-04-20 11:22:24] Lead stored successfully (both tables) {"lead_id":"012de882c9b6766f247e83cc7e2288023adce0b094fe07597c7e4fc6b38c2197c0105ba217f691cc62183284429ebe5d1c8f1bc145c78f894604c10c20d9b5007fc459ea96f3bc39408afa3636a07a2e61321ee33c68201dd8eead2461767cd85fba19dfe1df36b3828b4fe982507342"}
[2026-04-20 11:55:53] Lead stored successfully (both tables) {"lead_id":"012de882c9f93ad511697a65715d7e68c23c3d320afe25de90eebb9d01f56246db97a80e905937e8c313ce26454a5daece40fc4987cfd62f3aff704100b0d52fb93c9b58bfa6454cd2a4a738b575c6779d9d3d386eafe4185a49593270cd85584c8f5f5d6c774c59d7e2a83ee0cf8984"}
[2026-04-20 12:14:27] Lead stored successfully (both tables) {"lead_id":"012de882c964603ce5611c5aea33fcd8ff9ecfed8a07ca31e55c9c827cb0445747300048b467d189250d777aaa01408b0cea63753841893e0dd4baf8ee778b00f2ac410e388a302cd56856747a1a0345b24185c87dee87254a0fb2a52b6b90be997c8a57000788519b12c0ce087bb5e7"}
[2026-04-20 12:15:31] Lead stored successfully (both tables) {"lead_id":"012de882c92c879c1f20e7acbc4520751526e78bfe0e03974c45aed5e39b56841788c80deaed270b60e2d4a015572d47261e406cc6ad50e11d0cb38b709028dfcfd49975924c3a117069f5da55509e34e0146e9f032a15c52e3de0358a22eabc35483813e28f0c6e5796109a291082d2"}
[2026-04-20 12:19:58] Lead stored successfully (both tables) {"lead_id":"012de882c9844089744ed1fcab358aff4bf38eb083f3f011bfb0386150442ec0332404d1b5ac4402a80a4dcf0087b82050b92142bd8148309b26345461078fbe822c9f8414b41748471e125d6c21dcb77f8fd7f3d892d78adcb8558f0045d808131cbe421ecf0061529b564a96847c1d"}
[2026-04-20 12:27:18] Lead stored successfully (both tables) {"lead_id":"012de882c93e54fa1f16a677574acef219377033c6a2b65e37fc40baae55e5f5d99eade3fc98818780887639ca3c5d0f62f095444b5263e30eb9aa1568ae132fcd43b0a8e1352583c3fe2ff0"}
[2026-04-20 12:32:24] Lead stored successfully (both tables) {"lead_id":"012de882c9c93ee127c87246704da4f0fd98d80cfd992a2617ec0c4f85408d9d4247d6049610a046bcd1db9e772da74e050c8b93a77f497f2e64bdb47ad780f94aca82b73fc7ed163daad3a519a5b687c95b842abf11566689c6ae525ffe16ae66992100259b226eccccbfc9e6787a47"}
[2026-04-20 12:32:58] Lead stored successfully (both tables) {"lead_id":"012de882c98658edcac27425486d782aff245c887b8977ac73d39ca90e9cd7bbda824e820396f910f58988ce43b8ec8e83526f8aa50b4a1d475dfa5a45b73a7ad07a51d8ea1b0b7111e0c6d3a9194f96d74a75b23fc799fe15122149196301084bfd1ca03120c87948d921050966adab"}
[2026-04-20 12:45:28] Lead stored successfully (both tables) {"lead_id":"012de882c9b5a279d885fbb7e0c3d3f7ca49861dc09c9937cdabfa6c9caa63d8f652dfefb64a37b4cfad5d2b9691d66754fe32816355958a592de31928095b33d1448b62af14c2ea8dc93ee1b3dcec02fadafa15c3016be87280a620ab8efcfdbbe0921a5ef814381fcfa0dc99091d6e"}
[2026-04-20 12:48:26] Lead stored successfully (both tables) {"lead_id":"012de882c95b02ae302a5009129c8cb44c4bced7c89c9c942fd5d187eb1e2905e317e7972bb858294cf4f65be74e10b3982221722ce7c022e79a0dc846c3c9778c21d983d528e88e629377ccbd3ef73b0044e69249e6494ec39c0b0c76494b8f0f1fed7b7a6e3bd5c300bd5869d27f2c"}
[2026-04-20 13:14:14] Lead stored successfully (both tables) {"lead_id":"012de882c90f8f851d4fbf24cbc9da284efc1b53e48125d297312bfb822f16a37952a91bb64b96ba82a5c4d9c474c52ab50cb8eefc043d6882c45d163a21068eaa7f4b7753ce25217bbcdd4e403d9a2f71189283d7a5a7260a50652d49c3d1e7abf00d966ee664f019c92d338dc4b441"}
[2026-04-20 13:14:33] Lead stored successfully (both tables) {"lead_id":"012de882c99e30b01e74812797fa72bf6aea4af18196bb0cc849688d8521001e79ec27cae0c2e8bdb295c4d4693dcb6143deb2bb7d13dc59aaf9696004880c8d47705c0ce5006d585e06c6eb"}
[2026-04-20 13:16:58] Lead stored successfully (both tables) {"lead_id":"012de882c94341c945fcf6e87b41cdfed7463e2104349d3a637781100b46275e9ae9a6df7268ec65e454b6725d8e5db8150bded46920471100c20a46c58d9f8b1d4be55ce688b038fc5ecf94a3b42f44b7dadfe7c49b66f236596aa44f93ea518039a01854aa393f558daba5673911d5"}
[2026-04-20 13:23:39] Lead stored successfully (both tables) {"lead_id":"012de882c9c1da940a436b574a9591d00f97e942478facb8dbed248bb3bfe84cdf4bdb514cf5b45253899221474a37d9086beb84cab80c44d3ffa0f449db893b01af21e15b022166f3d0544c2429627d0e34bad89904ae352662db3f572da4e45f22aba79191022d1b3833cb38ad9a25"}
[2026-04-20 13:25:43] Lead stored successfully (both tables) {"lead_id":"012de882c9e8c121c85f6b0e311c37a3b55f294d3f4e626db930eda3a2d91a3225e6c7287e0e7c6a761bda25b83cd1d338a3168238e5af6056f67029a609dd7546361241b0661d8f601cf13e"}
[2026-04-20 13:28:09] Lead stored successfully (both tables) {"lead_id":"012de882c9db30b8939e16b62e5979fc922e88dd837da5b6abe2ea4da3dfe858634b3011968d013be4bd4b60a1ef81ca3f4e15e98bca0cd483ccf1049456e99917d2aacb89b1252b1456c3331b510a955ff9a7a033e62c777e7e1b613c9dc839ec2a17dd67272a4efac9201435952a21"}
[2026-04-20 13:33:42] Lead stored successfully (both tables) {"lead_id":"012de882c90f6f9b35c20aa4e63a5e431e9d84184c0d57519fc3bad97ef42c9416d351f9bda217c4d3641eceb1e87776e91fb9254f5e58d8788229a4aa80cf9acd687c4b063a4dd09cc8aef550db9c87fa910b78563a83d892e4a75acb24dc3ae5beba12aaede57d7b6ebea594b80d9a"}
[2026-04-20 13:37:30] Lead stored successfully (both tables) {"lead_id":"012de882c9a2b83898d278b8c69c3ad1c7c535bf6140d2d399d738100d6ccf23ab8e8e38fde62782437525b9a00eb76c9ab26ba7b88170808341200f9d2e0af340770e8307cf1356be1fba0b8f1e67ebe90b30298823ac7931e0b45157cba3ad2f05d81f236092bc0fb7c941bfd9204d"}
[2026-04-20 13:43:03] Lead stored successfully (both tables) {"lead_id":"012de882c9f61f5d02a1d6ab0873b11b65fe2b22b395a523e55f632c683571c3949b3b768fcfc32162a4efd84f394d24508a2f273c38e200928c3aaf026feebd7b6fedc87cbf375de9ad78d6d855a008258fe137357164298670d0182612d56ebbc9aa59c0b3519a9f74b605c74769bf"}
[2026-04-20 13:43:13] Duplicate lead ignored {"lead_id":"012de882c9f61f5d02a1d6ab0873b11b65fe2b22b395a523e55f632c683571c3949b3b768fcfc32162a4efd84f394d24508a2f273c38e200928c3aaf026feebd7b6fedc87cbf375de9ad78d6d855a008258fe137357164298670d0182612d56ebbc9aa59c0b3519a9f74b605c74769bf"}
[2026-04-20 14:07:40] Lead stored successfully (both tables) {"lead_id":"012de882c9b3c7f2d4d3f9224007f8f4bfed9015516830c646f45089a39e9f7e33460f867c15155966cefd755d2a5001ad71f3d391bbfdd1e008a7967f8842c0dd60c89b0871ea43fc19b05f141ef2bb1b3cc17af390fad28968a0714a667d537e2cbfeb7913bd222370f63e236e1cdb"}
[2026-04-20 14:11:17] Lead stored successfully (both tables) {"lead_id":"012de882c97c8359f889d4e3cef070dc21076ff38eb8d468b95ee312a8265dc859889c7d96e9a4c155c2b5ee9bc2b252a97e4c2155c2a260cfe45249f42c6c29c813e82d41673e0f5092f1315a621f272175dd328fa357338e7f7c69ad54dcdc62382671190055bb8911105f1535c0bb"}
[2026-04-20 14:16:23] Lead stored successfully (both tables) {"lead_id":"012de882c99b6e2095b991b42a218753967cbd38551cc9002a2dad7dd54c727fd1a88bb7191108d7fa57f5e27ae136e78ed596b4b4666d7cbf912bb8236c9184f5c7133390edee6d83365700edc177e2492294e972abfbf263d5d0e75a03dcd695168b35f203f01f90ad5ea426a8f867"}
[2026-04-20 14:28:32] Lead stored successfully (both tables) {"lead_id":"012de882c936dc2ecb29ea3ed4b92b42c7dd0ce97499c1f9919c0df31b6e909178c68d25561bab643e5a3e823ce3f2b6b2e353e68ee2641ec819ee74e2750ab1897ca1877947dc1dfcdd9a1cd3a15980e059b1e343d1f628c51edd51f5eece21bf8d3cec8d37b4c4b9693d778f9fb167"}
[2026-04-20 14:32:56] Lead stored successfully (both tables) {"lead_id":"012de882c90bb4936c021c5429d0a02cfde0a0589c64678c58827154f329e5422a8721df7304d8f1efae5553b42ccb161b5477f330ca3e7b82584108dee84889ec32a5419268767cb1ba74f9b6dea30f85556c4b9c4cfe2d603625dc1df7e1e60489927bf2bd416f07836e88bdee1809"}
[2026-04-20 14:39:24] Lead stored successfully (both tables) {"lead_id":"012de882c9d7874edb664ad6b175627e9c2b452fd49b4978033d8ec4418e7982c7c00e7ed87148ed788d438d67d9e6aed03db3772d8e2f92439b8c86e78bb04b91f66720096daadaf4330f15de8b7c92d6a1583894264c5fd725c55be63f3ecbc9c713201ea14405fd16b2d2a1bee5ee"}
[2026-04-20 14:39:33] Duplicate lead ignored {"lead_id":"012de882c9d7874edb664ad6b175627e9c2b452fd49b4978033d8ec4418e7982c7c00e7ed87148ed788d438d67d9e6aed03db3772d8e2f92439b8c86e78bb04b91f66720096daadaf4330f15de8b7c92d6a1583894264c5fd725c55be63f3ecbc9c713201ea14405fd16b2d2a1bee5ee"}
[2026-04-20 14:40:08] Lead stored successfully (both tables) {"lead_id":"012de882c9dd662295d49ecaccd4e92645dda1e6de66ee1a4408599db741ca858baf8c3fd5fe57b747f24582d2c09c5359324a309592e0c048a950ed0c85193c3166f210f67473dda147422b225c930e39e3b93d8f98318348dc6583be9da37d8de53645bf447b8a0d5a62d4346086f6"}
[2026-04-20 14:52:48] Lead stored successfully (both tables) {"lead_id":"012de882c957aa20149a0451351f93df8c46a4e711645cd5bf57deacbccf991e89eb56ec3395cabd0025086ec63d3b856b3120a880c11f0398d0947c5f2c18eaf341efe3cf7fcb4906c165ce"}
[2026-04-20 15:29:43] Lead stored successfully (both tables) {"lead_id":"012de882c931337d3d037e30e33cda9aed056f5bc23eb0eada82433d56239e88e8c5b5e3bd40ef1fd51caa62d751fdc9b568c9eb18313808dbf492cb46c64b3fb7f9da5a3eb90b676a59b6a337956ce103971cf959728647bb37ef2117cc76dc2010b04774c7b31c282005c8217a4825"}
[2026-04-20 15:35:26] Lead stored successfully (both tables) {"lead_id":"012de882c9463feecab834018343ad13cfb350a52e82e5b435b97c54e83d5f470b8e1897a440fb72955f294c99d772e90be70be2419594962998ac4e420816983bd723660da731fe890647cd6fc31d991140308d14dceaace623b29f323c80b3cf527b5be81684cc3de775afbb3d1022"}
[2026-04-20 15:40:26] Lead stored successfully (both tables) {"lead_id":"012de882c963beeecc3dcfd0401b5f8421c3d3d08043b611496461942c99a937cbf2c0ff447007087a5b5554cf2f971913b474003387206d4ebf7e11cfa82a3539738084d33564f5d9a771eeb150387e211513a73a2043c7ef27d4adb706ac7c133d14f0564f37b9511a286b11f7450f"}
[2026-04-20 15:41:30] Lead stored successfully (both tables) {"lead_id":"012de882c9d8588a50de590213553e9051175ca9fc798326b613906dcb827a21ef304e6d316ac4657b94653f93297bbaedf0f57850807d4e6608cf273b357e65725915f29bfc0d8580610f4cf55f760683b637925847f34e710edbb0112e7f9a279741df7a2e8e08735117eb9b3b6e24"}
[2026-04-20 16:11:19] Lead stored successfully (both tables) {"lead_id":"012de882c98525b0fa3d000534c270f2aebdead463c5a52c8e36fcddfcf26745e58d94a8bb518aeab8a5826c535ea4a31f92c4d03a10c567d33d5986b930499d156e62e35b85e7d31d4a27857d32c09b3a162b524308c123f7aea748f19167b8cfc10c7d5c0a118068adb0230bcd652d"}
[2026-04-20 16:12:11] Lead stored successfully (both tables) {"lead_id":"012de882c9ae70ccb71ae52cc2206aa506ec97a657c064d68931f1db83517b46f31180be802a813b395e92b600c86db9e8216ba8dd4ab71e7bb6ecde2ebf89b9303724dc77b9590344fcc093a1021032b7058e75a8b85ae763acab90d99c9bb6fc46a9acef6aaf2058177a73f001e70d"}
[2026-04-20 16:23:36] Lead stored successfully (both tables) {"lead_id":"012de882c9d650007a8904ee682384f9aedcbebe319383fe4e4b2d7b7c09c3ef04fe7c363f58061b0adfd29a97e336665c97ef1fa790dab7c47a95d03d90d16af5723ad8a2a34ca2e3f53b1c"}
[2026-04-20 16:25:19] Lead stored successfully (both tables) {"lead_id":"012de882c95dbb2d2370b795ff875cb948745130fbf8eb719e31d4cab085f9f8badce754640bc9b385f6e1c31f0dd0fcd1c4fd8567db82240afb394c2b5cce98a11df97d635bd33c6eeaef32efed5d1f60e1eda221f357d5af00afa61cb5f82f3d3cf2eb2996267d47dc2f6f940fd739"}
[2026-04-20 16:31:14] Lead stored successfully (both tables) {"lead_id":"012de882c9af3a927000d1aac785beeffc5ecb19d2b4977f5642b9f80a673570f16861ae656d55570e23fa0ebc454971ff06f1563eb90643ad175f23551dc2cf45828a54dc3d0906ab18e213af37dc2483d64ec5d9bf8351e31d2977bf4c71d6607be509be760ad5e7d320c26fd6133e"}
[2026-04-20 16:35:33] Duplicate lead ignored {"lead_id":"012de882c9af3a927000d1aac785beeffc5ecb19d2b4977f5642b9f80a673570f16861ae656d55570e23fa0ebc454971ff06f1563eb90643ad175f23551dc2cf45828a54dc3d0906ab18e213af37dc2483d64ec5d9bf8351e31d2977bf4c71d6607be509be760ad5e7d320c26fd6133e"}
[2026-04-20 16:38:25] Lead stored successfully (both tables) {"lead_id":"012de882c9d04c5f0169f9cda89a328240dcdc0a8c0b54100c7dcfe2ea6afd2dd2f71c18f56005747df31e0ad9c0ce161f2191c59825fe402e426e3fa3201bef17cf4fec49d33e2fa8998973d095c353d7adb78d2b5139fd65a7ed1f7730f4e63c1698e027ff598e910a7396847030aa"}
[2026-04-20 16:40:05] Lead stored successfully (both tables) {"lead_id":"012de882c9d99bf5c4a27e045ec06ceaa625fa11db99e7bf1d7f93a6318802a229c279638d847198e71d6dbe18d2f30869d1daafaa35a086afa61743eeae4ba8abe86ebbd752697d78c540c88a4a3851d8bd2c5ca10102501a1c1f714fbe2cd0d958e12a33842bac965d1cee46a5f6b4"}
[2026-04-20 16:42:13] Lead stored successfully (both tables) {"lead_id":"012de882c9558592d16659b97558eb1e32ceaa28f13f9528bdf7412d9a0aa30f818764eacdae5a40ff9f0a5064bee4822c2c3a6ef062f104df0274b53eeeef068339e6b596c8e411e300d43b4f6f46f62609839d4085078398d6765be32b8572cd5967733c18bfb6de465e5b1d03a2fc"}
[2026-04-20 16:44:18] Lead stored successfully (both tables) {"lead_id":"012de882c9a368c0762e40fe98ea13bf509d796b498e5f9ea9613baa8d3979ac62e49a1539be7c2be8b61fa8ba60f26a29d8a8ce895432ca4b9b01a0be5d255ced703e7467127cb01af2c02af495f7375368662440d1df9744e687594d342c93a69c273b3aca90cfe7c6371a174f9e87"}
[2026-04-20 16:46:18] Lead stored successfully (both tables) {"lead_id":"012de882c91ad857726d02522eb1a99f823f528753b5a1cd4f865f17768b16eebc0998802c53fa5defc36536caca5f1226df6529d4e068f1f93f79ced4ebde0fe9ee2d155fb7e9beb978f233"}
[2026-04-21 05:14:48] Lead stored successfully (both tables) {"lead_id":"012de882c9a927d08924de68d6ff282e1007be100167153fba1ba8b405f6b5fad738a6f4195f935fe599f1f85b7d34ae25bbd5343f09c1fc9e9f50d8ed07be5a42969c24794de1664085fa2292731edff43c56772546c27cdbb60280ccfcae3d12c1d4b229d756c3d1e8d77023a4a7b8"}
[2026-04-21 05:36:14] Lead stored successfully (both tables) {"lead_id":"012de882c9c2226273b1448bff3f98178de839513f2acaa24f0bce9bdd2303b39bbfc38b5e0fb5d8c08a51989824696f157d619992c24db02d6ff9be54efd5fdd40232b370f14d74a5953727"}
[2026-04-21 06:06:57] Lead stored successfully (both tables) {"lead_id":"012de882c93155eac395ffe8daa6003a441ea15637229885bd9c2899d750859a5d067abd59d3b048c481808018a05385fc13ee6cea8f0f4c7dfdba87a707f97018f72e6743458d1f8e097b28b973816a44944c4d8d72861ad9806d03ec239d84c60e9849995a55083608f6b94db3ceef"}
[2026-04-21 06:26:11] Lead stored successfully (both tables) {"lead_id":"012de882c9ee6c69608ef997f1f89b0aaf2c02303b683b989fb4b5fd9c20851cd0c137d94d3661f7e6064b4bf963029bd8c74b2bcfd45fb4a1973f0f71a4334ae08e1073908a07f64f4a6480"}
[2026-04-21 06:56:18] Lead stored successfully (both tables) {"lead_id":"012de882c97c83f5781325ad71012336dfb31f62a2363420786fa84d46e2b938f25942156aebe5ed7dd971ab1aa41a81594c5b62c05be43e1ca97c16f523cd723d900eb9d402044cc084106d054990c7cbf1ff5e6126a2651f1426fd2f005cd9778dca3a33f00ed45d40962a971e5346"}
[2026-04-21 07:01:26] Lead stored successfully (both tables) {"lead_id":"012de882c9d40735a1558524574b2dfbbd4a4bb989967bfab58aa558a1bac15b43f50c3446f6f1683fd5898f8b7a8c64721c5dd0a62544e2686eb6df79af0ba8463b1825201df085eb722080fe94a3651bb723710faa26066a1426467a068bc747a9241b28f6c5ad269bef575f2c9294"}
[2026-04-21 07:21:49] Lead stored successfully (both tables) {"lead_id":"012de882c97d9a11f09dc2c9ce1be293f0f321885603ec55968a00e5636356240974a1d0a4103dbb1a7f2e98912213a2c65c19e6d14ebdfbd6bc11ae6c10510341c701d71e0a7b55ffc17d79e9468cbf7d0c827ae1aba4cf016019fbc2e21b1e1026bd9480544244ef6f75d4ea8bf3ee"}
[2026-04-21 07:40:47] Lead stored successfully (both tables) {"lead_id":"012de882c9dd488a84bd7c9d6c0b9708895a7ba4430e4a10dac0823e06544bc8fb09630f9ab517ecd9ec891850e3d061f5e3daa7e25784065eaf005d069743c863c2bb0419411294e8bda1bcd5a98adb282fb2c8d228184aaf5a987e8392e0cf1fe2b10d6f2fb20f7e9e8c8d85233b12"}
[2026-04-21 08:35:48] Lead stored successfully (both tables) {"lead_id":"012de882c953a23d36cb75524d3cd0bda9ff759bf93af6b70c6858b46f0bf5bf61617835279cd3725c54695917d1709f65017b881f9b2fbcc05671776a1a4bf9dbcf9e359047c66772bb9178abae11e79ebfd6cf72e769dbac909d29fab81f4c971af7b5f277899465b2566fc7321ae4"}
[2026-04-21 08:50:32] Lead stored successfully (both tables) {"lead_id":"012de882c996e1cf154728c146831c5efabdd4acad4d283af75c043723430fc04e0a5a7f1f1a8310a1262d960e114c72fdedcd0a242e0adac72c8068e57b2a08be9bf4b9674a60b481c8d96672d9309f97f452cb7a9953f24349cd03af415850d56b8cc3b560dbb50591ebf0048f771e"}
[2026-04-21 10:09:52] Lead stored successfully (both tables) {"lead_id":"012de882c94a8390c3f69fe5567cc4dce263928d07a833c63dc4e1523fe1067e16fbee9584fdcc7c4a86a4179ac359b3f124396d5d9cb69a54b91fc64c1e799ddde5f92b204fa2094f0a0734cdb761cad246a4bdcb533813807d48871ef8c1f20c3c439fac29c5c41e3b587490220bd3"}
[2026-04-21 10:22:20] Lead stored successfully (both tables) {"lead_id":"012de882c914c4fddd1ff1b3c4efb1a20bb3dd0f070728feb7ce2ff49c4e1da34c6fc1023eb4666f5ece0ec7e0bb23bcbb017e15c51350a860ac58a9dc45278ca4232ba91fb74413ab1c78ce03683297611d5697bec837739689a88b5d1570ef8ad48d8e68a9cb5ee40b1ab96ebd8cd7"}
[2026-04-21 10:50:00] Lead stored successfully (both tables) {"lead_id":"012de882c9d65cab3e4a0c62b4a3cff7ae64d6818dbe074d36bffd848eecb5146038f8136903dd2cc5cfd31408e2845155c82f28aa8fe7f06bf2e92abdfeac4f6c53b00489c7c3e8a5fbda7d776a02e248163f72fb587582c825b9b6325236df61f4edc9f9b1b0c3b951f7322c778c9d"}
[2026-04-21 11:28:31] Lead stored successfully (both tables) {"lead_id":"012de882c9bda2d310338823d3b7a9189a40c81fddc17d01a8f8c33ef241de2cfc7fb1da949b00b08cc6c900e60ca42f89e0e9461b7982a35cd97ca5d17000a40fd13d847ece3fb77b4668c92d36e5680da6a21f9971997a64a8ea8851a1c17549c8a7e3db104e1a47b327e8148ef047"}
[2026-04-21 12:00:08] Lead stored successfully (both tables) {"lead_id":"012de882c9cdad94ef022739dc9945385bb7ece79ffcd0dd383246e7adb2444332068be7c08869017a211322f408c7fedc9a1d02232e43cd086d1424dd9cc3dd138f907559f5f7ca5519ad0d0e720f488bba8e577cfb585009b4c9d6713c683e281dd80fffdb49e93f17452995f03c4a"}
[2026-04-21 12:18:07] Lead stored successfully (both tables) {"lead_id":"012de882c92194fe07ff25e6fb6820931685126fc4d03a61f0dcc42b583efeab2c68ca682d99b92105596271b87d6cc65137e97ad2fc96082e9fb5a9b926e07441a84f97f9f96c5886910b93277ae2e20385b596415d718aee23390426e1bf27250428d3788ff049836468deb9e3046b"}
[2026-04-21 12:20:20] Lead stored successfully (both tables) {"lead_id":"012de882c9629cd7e01665db99427721c66c8b6a062f847960b01fc84efd79ef7be56f12f040229cd98b46232c53fd21f1b5f0b566ad6648085bdca7c17bb44f0de0b5c0159988a6960af7ccf9a1dc2bc3d56a4379044a97e14a3d5f57fd81c9b816d716547ef6675714da8097a0934a"}
[2026-04-21 12:33:55] Lead stored successfully (both tables) {"lead_id":"012de882c941ccc770be07e16ca3e9075feb72be1949518f02e99de2337f2820d8ee4e55c80d6d1d69c55385663f70de1a365eeab560e8322dde011010a3c4ccbea9b48eb23ac522191b798a2ceeb3faa0caf46f9e64bc07f68245bd0426074c651715ee9fa61c828932a4ccebbcf30f"}
[2026-04-21 12:48:08] Lead stored successfully (both tables) {"lead_id":"012de882c93bbf0bc36e0e6215b6143bd3110259ac5abb3f595ccab4eacb2cee97ff39af45ee5dea46ab8839717cc5e071ed64365fc945134e41c48b09255ceb5917efd975439410f50be02a"}
[2026-04-21 13:08:42] Lead stored successfully (both tables) {"lead_id":"012de882c96a2e07cac9b401d05070f3a745f0a70d62ad5ec62d8b2ec5a8644f2ff9d9b906ca7e51276031bbd403ab46a840989658438192970c4684aa37754e01a923aed600596591cc4fa8a885235b79443b452101f40aea9fb88187e9aff996a5a0d38ee5649493aa68634b7f04a2"}
[2026-04-21 13:21:38] Lead stored successfully (both tables) {"lead_id":"012de882c973a89304a79607527beb678360f21eda876a44ba02e031c597fa06169d12d49f76715fdcc9688cf7624130846635ca8afbf3af2a1f1df1fb3a402e4211f91cb39122a836de0758de45a27a625a09b26b2668364500ced5a60d176c11b56b28b9ff49b9134707c4159d495d"}
[2026-04-21 13:58:41] Lead stored successfully (both tables) {"lead_id":"012de882c9bb04bd986a3d3705fe4e3cf07ee8099ad82ae3f93ff97ae51bb62ae1ab887e0f822287155fa4d090e83af25b3cfe0c9a57c2648c194c248b8cabe52f4bdd7d2513465a448d42171b075d067db6f789e4bd10f4983eb3d41f92dcbc99b52d6afa244775e27f42a68f6eacf1"}
[2026-04-21 14:01:16] Lead stored successfully (both tables) {"lead_id":"012de882c9fcfc73fc4c0b93452a59c6b75bf6496589dc259ab69f68e2f274c93c63fa4375b5411e0746bad0dd0d9454631aeaa09d753ebef98bba339cce0161490a5b8d197d087cf60639dc"}
[2026-04-21 14:04:06] Lead stored successfully (both tables) {"lead_id":"012de882c91b31da3271458a93158024e75093dd6e949e8ad5bd547adf429607d78a79a6c00ae1d50dd1d6e4957e0ac96eb34f868ce41d6029880f3f76eb35393c86b960d6a6dff721dfc825365758370fded75688c6d7c808cbe941322ffeee364a970b23979ba402e5adce56610069"}
[2026-04-21 14:25:00] Lead stored successfully (both tables) {"lead_id":"012de882c9b2de915b36695127c39c4290cd329044fbf8727a2e038b6520d08e2a9a9c7eb77a815d19ae88caf3f1dc13f2c5e2fb45455d4bb256034e2f1b33c6d4d4c65f2e183707265e0a09f8882cfe3cd0f9445247a22442e6bf841e2125a802e70100861dbc3f07047365112bcb19"}
[2026-04-21 14:32:08] Lead stored successfully (both tables) {"lead_id":"012de882c99b45fc024ba445f5a144d06694ba6ec5f9127d6a93b6d73572455543381e9a8c8a2f5874be95c511abfa22ffce9798bb26d64b487fea63d58fa15493bc6a0d31da2768c3b5a3b08add932d8aee95b10f5bb9bd14752ef623a059609940b6b0b71db0c7bc8096081b50cdce"}
[2026-04-21 14:32:43] Lead stored successfully (both tables) {"lead_id":"012de882c98ae907b5344fadf07d665471f739feabc328247b576f2cf80c67ce76e840cb170511b6168d4d7fde22ce26b0c2ded0d13a8d08b0df0a8582bf367636c7f03cd9e82ad84a32e6e3f180842c8011666b5b66daa99639558951b02de777ea56c077acc214c25db187c253d0ba"}
[2026-04-21 15:13:19] Lead stored successfully (both tables) {"lead_id":"012de882c9f47bd8a2d88c7d3b5fd4be2e002242ea7747fd407a300c86d931999aa3214184ebd00463a6af9cadc451"}
[2026-04-21 15:25:15] Lead stored successfully (both tables) {"lead_id":"012de882c96a488bb17109cdc53f1a7d7b58aa9f7589da15ec271e49231d13ba6d8d05f518e0862d33a9fb01067432"}
[2026-04-21 15:58:34] Lead stored successfully (both tables) {"lead_id":"012de882c9053d47a0dc9356abfc8c8ddc08b8028660e809f5b1414ecd952688f55164b14c92146a8be68a70cf7808360522c3bfb4a62ba378df2f60f8d373674ce999d299691d6f76947cf602e5d9da34502d4fc8ccbc0560aa706f11789edbd6b2bca0eb52d28bf1de029bd1b0e97b"}
[2026-04-21 16:07:18] Lead stored successfully (both tables) {"lead_id":"012de882c9679a402797b8325b6406231bd888681850e9c1fc398bebdcf08871c0b7f032d4815506701792d656de8773778bc41c41a31290798f6631d8be9f2208d580940954a296abc5c72f6da335485f3cf214338a890b9374ab3f34a9d2eab1e0148a486626985c02c0a0ca430295"}
[2026-04-21 16:14:16] Lead stored successfully (both tables) {"lead_id":"012de882c9d24dd90dd85f0a53ebc6c7101e1a2abec459acaf415ea2bbcf21832f43a1254719ab1b8924c5ad68c0cdd8caf91017d00d8c5fbaa0251f6876d35f6aeb019ea136f5605a890cc61217b7ccb4efb286c1a79166b99e344fc97ca3bf5beb4eb774ce17c9853c4cd4985996bc"}
[2026-04-21 16:19:59] Lead stored successfully (both tables) {"lead_id":"012de882c99ff7ae81ef09f9e110429ab4958447861320cde6228c177e324e8ff686e2a26c18f56f2a9f17ce66cb275a3234f7c72733ee079ec970e6a4dc61d069fa6c20491a10e976e9036b3f1f6fffc3e3b9dc00036fe950eace0e9cf1f02be4e27ac60d5538fba84eae242d4ad181"}
[2026-04-21 16:20:37] Duplicate lead ignored {"lead_id":"012de882c99ff7ae81ef09f9e110429ab4958447861320cde6228c177e324e8ff686e2a26c18f56f2a9f17ce66cb275a3234f7c72733ee079ec970e6a4dc61d069fa6c20491a10e976e9036b3f1f6fffc3e3b9dc00036fe950eace0e9cf1f02be4e27ac60d5538fba84eae242d4ad181"}
[2026-04-21 16:33:11] Lead stored successfully (both tables) {"lead_id":"012de882c952f516d8f0e2739c85a236157175908c3c37c93c3e3ce40a6487bba6081aee3a9e79f02ee67a87de7555014c7308c19049665dcf8e7912771feb85263123f16230f0b7a8477599d1eb5c76dd1b1cb75bd8b93e2591b9fc64b9fb409c3d8454224e2625a4216d907040cc62"}
[2026-04-21 16:42:46] Lead stored successfully (both tables) {"lead_id":"012de882c9a3f79fb9dc5b4c6b2de62e760788b0ad92db8969cc229190fbffd0e14681f87501f1ac78b94f5969a568"}
[2026-04-21 16:53:59] Lead stored successfully (both tables) {"lead_id":"012de882c9d3fcde799f800061c4a1db1addc5221bf204bad94217750b86d0a9d7a79a2bf22257f28f62ea670b9b2616fb953d7532ad46796b7ae7a4ef41d45946a151f332d34d9823b9b7d623a9fab0f41be2a83c9b5780a7c0c7067170dd722236c1e805793052b77f59ff9bfd9feb"}
[2026-04-22 05:06:32] Lead stored successfully (both tables) {"lead_id":"012de882c9fe2ee6ca75d097430eb841e61f1b40db0b1fcaac4c21ed17d6639200ddfeb9bd4efacb9d312f7dbf5734c6651a2a5943a95d1bc4d8ea6454468f1759a71cc08d17a60ec398affbd9b1f8f5e8c786738364686064a92805f44ca65984125bcfa204afac2f8d5c376b34b273"}
[2026-04-22 05:09:14] Lead stored successfully (both tables) {"lead_id":"012de882c948bb1c47810d39ea010aae6d5c4eb98eb76bcc0a8fb4fba911b8ad910d4c2f5c1c94ed7615154982f61deb438b17b74a1720db1b9a7b3c3848bff0d93b69df77f11b4c116f50309a3429986f1efe9db9a51e20e13537da0af741805be8d3391aeba2d1f125e4e9366c2628"}
[2026-04-22 05:17:45] Lead stored successfully (both tables) {"lead_id":"012de882c98ede02bff2b20142a9ebb739086da76abfbb2164d6912b617f21ac3bf386aa7966d7136bed9461f36d65179d9a799ee309e3cb20e55f6ba1a167187056d9d6d29246bbb4030a67bfc8706889e77800d620971b53b1ac1f4ffa1762ee6db2675333b567e20bd1da61b477d1"}
[2026-04-22 05:25:04] Lead stored successfully (both tables) {"lead_id":"012de882c9a5822df619d2acb692c4d62dc9d9cbc385c002774087386a0fe90b89d1afa937a7204a406973835baa1d"}
[2026-04-22 05:41:16] Lead stored successfully (both tables) {"lead_id":"012de882c92158d6b3e814d2b1e3f09ca1a2a74325333c12145b5952c881592061f6aaa305a61bfc7cfcab3e98f637891f2202ca197fbba0a9572f8a03aa5cce5efb88a3d5debff9b7b328383b41663ef14471bfef5ae9bc856ccb0ea9c46a242f6db52ce14b5eb04ddbfc6ef4c1fed5"}
[2026-04-22 05:54:09] Lead stored successfully (both tables) {"lead_id":"012de882c95addcfd75b4587f29b8930fa439870edc108fff5683a9ee748b866a524c4498d8e766dc8707c107294d6"}
[2026-04-22 06:10:08] Lead stored successfully (both tables) {"lead_id":"012de882c9ca29379acfd5c1a6bbf316bdc0acad72eb5115aa9dceb370d4d416e3eec2f57ea6b3ff949daa0f16f8fc087dae456edf6d1bfee5272af177c43b6c1337b4c75ab1f1ab73333c2d77452a5ef966370b4860aed749bbf3b12c4db8291a459f7b2f70dda7630db5156f6ea490"}
[2026-04-22 06:27:06] Lead stored successfully (both tables) {"lead_id":"012de882c99faa23ee0580f5c0ce4149d117c01901a775673c608cccac9161b33b9a2fb5c5466b0660092ed1217719ec49a9235b6b7c93c21a6570167d0fb7bba40eafc60479e7dfc0d3af9365680078c770fc402f6100a91b0a24aa1b59d77c45a0562f64672d1878b73b3192d7e1e5"}
[2026-04-22 06:29:29] Lead stored successfully (both tables) {"lead_id":"012de882c95c9e6c3cb257b395c8eb5dd7fb53bf67d177048efe74cf9515089addc4ddbabdef24ebcd25bc5ef3fa8299ad0da9c6f0854bab15a9e1ca23f5928ee46b1484e55bae3910b9b1fbd6f3945de7162673039aa826fa473713e79f694ee56ac94c55fe6ceecca562e34b30b6a1"}
[2026-04-22 06:29:49] Duplicate lead ignored {"lead_id":"012de882c95c9e6c3cb257b395c8eb5dd7fb53bf67d177048efe74cf9515089addc4ddbabdef24ebcd25bc5ef3fa8299ad0da9c6f0854bab15a9e1ca23f5928ee46b1484e55bae3910b9b1fbd6f3945de7162673039aa826fa473713e79f694ee56ac94c55fe6ceecca562e34b30b6a1"}
[2026-04-22 06:51:20] Lead stored successfully (both tables) {"lead_id":"012de882c9013b492cc78082eb9b62f9181ffd6683d177ac6377f015cc63210bd372e9c6e2e3345de2ce41ee35c7c632d28568b56a84f3d195b0e57f2db378d98a46ca8382e6464745d1904a783eac36a8a911d15e69d2ad994ed62c56dac6eb3b1779bd7a832b51c0a3c0043d37e195"}
[2026-04-22 06:53:29] Lead stored successfully (both tables) {"lead_id":"012de882c9f25399fdd5b5fac8c2c1e7235143bc5fa267db4e3a813ddfa320584eb5c3270d284339ee64a0c4febffea30dd1c3959c3375fecf2ee372a32bc713a2c93292833cfe47ab8deec6bd0ea321ffa656976bced5da820633e7c3984859d21b61c576cfafe0a08e2e9cdc8df282"}
[2026-04-22 07:05:24] Lead stored successfully (both tables) {"lead_id":"012de882c9d7e449c96db95303fc773f37cb6813adf4ffcaee3048d699a15e5aea747f49a6f59c72010b30c392dca11adacf9d09e95c7846903189a5cf652c6ffe1529dcb8abb0f3014454b2870a3dff5a1e3da758acfbf3342fcbdc677d073eb6e35fafe406ece1a0f8f05dfdeaeb2c"}
[2026-04-22 07:10:27] Lead stored successfully (both tables) {"lead_id":"012de882c9f3b9efb4274422f1900f25643cdbbd3bd60cffc5f622d04c031aa5c2c9c0b23f2c4464d0e8fcbe45466e0dd760d7ceb69dbbe4f13a3ed44f288f7117bc48b50944212cec61982c0e26b49b3e2f894545503d36b4d2e8627ba407fd769016108742420ce2b5c13e03451b25"}
[2026-04-22 07:38:30] Lead stored successfully (both tables) {"lead_id":"012de882c9656e9057df7daa818f4770bdb3b318810cb4bd40f9c36ff011db8b4ce0854337ff8d3f9180b01d105d014366e20ca82471034ce127560963bc0640bc1dadcd2e68bd24f78a30984c6160e96fe78393e580c9b9f557fc258c40bf63c8daae96c330ca500515ce5c5fe8e045"}
[2026-04-22 08:37:34] Lead stored successfully (both tables) {"lead_id":"012de882c9df6de19ce1ac300bc1052d4d27a89e56b630877e77debc40861b8484ec385cd3fbde672716cfaba4cb0fdb8e62000727b1ad281e3f32ddd5145124fdfeb81829dd4ad16dfb6336"}
[2026-04-22 08:51:38] Lead stored successfully (both tables) {"lead_id":"012de882c93763ae9e708ebcffb90637941fd87f25c630c53d84c617148e7b71cb028b7ddd032b3e7f1a9a20284b7eef37e63135efbc6330e137bf46e16e579d37ddf32ce6a9ee6133457733"}
[2026-04-22 08:58:55] Lead stored successfully (both tables) {"lead_id":"012de882c9eed0b082159aed8e734751f66690df2ff49847f528c6632e0c2161a74ea756e9b1b533585cb20912315bd1df08f880310a6720546f298a148cb0c4788f2c672587a9f6c0c1056608f7f08ce0e50559819287de11140daccfadd82135d56946d516b384b9ecf63df7ee1626"}
[2026-04-22 10:03:49] Lead stored successfully (both tables) {"lead_id":"012de882c987652b477d563c729a028378fa6491cd2ae9625c587e51aa8856240da88395d7affebe2b86ff8104be226b80a485f7a98da13fa0012315cb07e507f092482f86765d0d0124466f5e67268c98ccee5c6ac0ea8affcc1429537b43924977d1a3679773b299ffc6ec92240026"}
[2026-04-22 10:12:45] Lead stored successfully (both tables) {"lead_id":"012de882c9102563a7083509afa498bf3326ec60cef817367d2b0fedf7c4c4373ee23c72bc6a82062fe313a4fd21796990107c6d5bfe8a1ec531d119bab3de96defb8f1032700c3f085beb21d0926075d0a1152e1379c3db398c80dd7a570cf31dae62b96e611eebdc5a9c4ea1cac0d4"}
[2026-04-22 10:20:19] Lead stored successfully (both tables) {"lead_id":"012de882c9c36e96079473afe01b27f19fc2e4f70dc7bf54c8074170228f8406efa8b37cb11a60e19a9aa461877d7d60a73149e6be92a84168255510a3343a23355a72dc1368f552acfc30b5a3da057507836e1793e0d958501d0f850eef1137b1d6fec5e0c2f99c41bbe0e15e3ddb0d"}
[2026-04-22 11:01:56] Lead stored successfully (both tables) {"lead_id":"012de882c906664d93323c9de4af29ef6d4e63357eff9e43ec7fd666c2d006e500999ba9050defebd265bf79192869415e7792dca61983dcac549366d4e11e9fd1f63c2fa629333d1ec49a639f862a3d6d6ebd5c2abccef4b64cdf0a939ac8ad385cf3875e80ca7fe22980fb5aaa6872"}
[2026-04-22 11:10:01] Lead stored successfully (both tables) {"lead_id":"012de882c9118e6095a2268761b4624853a1b442b1e570d0592a43bf59a480de027ce94d4510ce19453328f88a0879e7ae94afa1d6bf8fdb89203e0bc1f233bd04ed86588596dc4d922a73ad5f4e6a4b793de18c2d299d79f5c80f664e7fc53ed76603785b0a1abca78be2d3b213498d"}
[2026-04-22 11:27:46] Lead stored successfully (both tables) {"lead_id":"012de882c932005c6c45179d06afd336de98e27b8d531f36660b0ce368508b91b067528c8c0e69b51a5b4cc632a652a8bcd2e11f627155fe188f0d51de49b2e5cb2f0ab0eac016b1d3112202052ccbb43e3e05541ce522bbd71ad48bc2e68aeff46c571566cfb8b0ea491eb1a4e3d55d"}
[2026-04-22 11:56:50] Lead stored successfully (both tables) {"lead_id":"012de882c96e841629c78db94e4813106d97c4c3d2560e018293ff280a0a271738edd3a0ef134b8ab5c34564b69468f0d7b7f65133c01d76b5f1dfa508c5e88c183c5667df9c6ba39e5784f43ef619111e8ad578704b7d2603393804c1ca24a1d4b9b46a46ccb18142f9e3214241791f"}
[2026-04-22 12:25:38] Lead stored successfully (both tables) {"lead_id":"012de882c9f1d609294187c2678a55248599e5eb7dee8949048777bcd760a85391665752229a6cedf64d695d81ba1b81690c3d69333c0d5200ed639b69a72d2a37113f1be102b23becd4af36b16f1f13221587efab27a19bc0f2692952d01d57d23008139d31d8d6ed77e2b35d0d254b"}
[2026-04-22 12:55:27] Lead stored successfully (both tables) {"lead_id":"012de882c995fb1b805f94ab3b4059c877cc0caf4816941d765ee9a3ccd53f2f553549a78f4a61a6f49bcebdd694aeb9e10247c359f3a9d69e603f4b4f334802b09a205cddc65925bb7824dd316f0ed7b4bab61ae2431914c94cc777877c21cbd2037213f7ef85d2bc29c3df07de4769"}
[2026-04-22 13:22:24] Lead stored successfully (both tables) {"lead_id":"012de882c94a89b520aa66995f9b4c112577128fbf5221ca3cd7aefbbcce66eb540e58b1d45874353a8b2de42adc578e4afdee2ca17b65a92a3f4125fc4439eaf84a96813012e1a25f56663b85d6030e14b6baaa3af638c643f42e34cc64286b62f7964acaed7da57dc1b428b56fa377"}
[2026-04-22 13:55:43] Lead stored successfully (both tables) {"lead_id":"012de882c9edbf2ed1bbbfc7ebe5fc9aee3aa9280671f625946d64b4865ea10be11e357c13707a1812cf563f798f28c672fef3aef19f70125ac941bc2fb8399a1d454ae211a4f335ccd4c286598767d5164a04ddab92273d8b586fb9addfb0970e984b43330b0301e419ce86268cd72b"}
[2026-04-22 13:58:54] Lead stored successfully (both tables) {"lead_id":"012de882c9485628809f55ca7dba279f513c89d0f5cfb5e634cc4cd6b84337293b162db775c07d15297e6537435dd93546484507f521614547977656412febb2b10b7f58960a6a8156d8e90d47643401cb663200f04d85d5c9a7aed07592f45b9e4f0754323b1ba3d17e9891be2aa2b3"}
[2026-04-22 14:04:45] Lead stored successfully (both tables) {"lead_id":"012de882c9e9979d664344fb3d1c020e8d4cf94193bf7a79ab12b70afffbd44ca5af012fb19fc66f3e8ed1d93a1c221ccc655f16ee84eb3db7efd06260fa64c7662793a3cb05f6fd56938ad018a7c4e60468fd2b49b60c800d51c054e83df3fac9dc863ef1262c0fddf5fbd0d6c94414"}
[2026-04-22 14:11:28] Lead stored successfully (both tables) {"lead_id":"012de882c940ae9cd149d2bb2e370500f8938e2e88990bf12e39ec93b51062e21a1116c3faba65ce733e1d8d2b2b76bde3946b7545850970ed2545dcbe7a54470ea11d60f55ac5fa2f3eaa263944f2a532b81e3d58e39e72301e1b9e80ab787f850483ed2e1fd3261c52d8fd2d42ff46"}
[2026-04-22 14:14:41] Lead stored successfully (both tables) {"lead_id":"012de882c90f9d57619c95d2977099a0898756b239189cb335778935041c306bdde3834aeeae2544d0c372ebe4d29af7a01c310e619496193e523ba1478615d795b002173fdad1f81ec47d65d4dcc727528c5a7e00835dd26b25f896819303d7d49ff053ef75562ab30afb5b03db5814"}
[2026-04-22 14:19:03] Lead stored successfully (both tables) {"lead_id":"012de882c9c4cbb751ae3dd1e96df3fdc46e2d29d0956f49a623d33a434127c8be1c8b7a548cb1d0ff17d546df75e52c18d4d67c31fbd89dd6c457d2169d5f714426fb9f9763fbdb6e6e81e0f4bb48de670e82e827c5cac619b44ec3156ca1aa8e735e99938cfe771852e18637d898e5"}
[2026-04-22 14:22:16] Lead stored successfully (both tables) {"lead_id":"012de882c94c6adc0435c4a5ec97829b96367a7bd5a64a5f4779c67149bffac7742655e962e4999c852654d3f71e4f6fd1f844d93632ee47c5948bdce7dc5941116fc7516cf8cee56fc4afc90f6daa2959d3e924736c6a7ff39d9a577c804486c5baad33c5379ce360623806729901eb"}
[2026-04-22 14:39:06] Lead stored successfully (both tables) {"lead_id":"012de882c910eeb3c24023213cb4d0b053f593ea6a5ee132137a0a682aacd4d7b2884a4f0af2f8caf82d7170ce87d8c068e02ed541345ba5853676a475c90f4fc65a28f5582fd29021545e4faa09572d975bfd95d042b82caea97c063ffd739b6527cde2634deed807543432e929c16b"}
[2026-04-22 14:39:50] Lead stored successfully (both tables) {"lead_id":"012de882c9a95b857061af58119b3c79cc42d9cde35a5f8c86620082f86de82dd5edcddaf3e3dea2f71e75469128662482719244145effa1609113f0e07f3a0bcd454bff15a6b8c1365ef1c37d41b969cc8ec4ad596cbf9a7bbb5fa8b480e4c677cb5af9eb42a05eb501f185d920e3aa"}
[2026-04-22 14:40:36] Lead stored successfully (both tables) {"lead_id":"012de882c91388f8e87250c01f0d835851f3297d2d857bd7433b460c0c7c58185e374d477a377588be88571aa2dbf76b89e98b1bf8ee457c30c5614d308f584d4a1e5cd54ca0afacb912b79c62201cf0c79a927b4bbc5247566ed04df34ab4fabeae80154d5c7563ab73efc482ccce79"}
[2026-04-22 14:59:34] Lead stored successfully (both tables) {"lead_id":"012de882c91dc2c3ee02abf91722a0efe365615ee0590c343f0d831d0aa709f8477433af25925df0b5109b715e253a"}
[2026-04-22 15:12:05] Lead stored successfully (both tables) {"lead_id":"012de882c939fb4cd06c99f23665807da305e7d777513ae5d2817ad9f7b177e12d40b4649a273c5f16ecacfb1330e1170f162dbb02d1e5f42608e02a055e7a0e4d7c179cc82cb74ea570650cb539a844f10605133c580e3a0efa8b79b44628fff16f78247262ce9967780ac604033539"}
[2026-04-22 15:14:21] Lead stored successfully (both tables) {"lead_id":"012de882c996e73c213e0c3eeb67b85bf136090cd28551193ba2c303194c9b1cbd1753292b2a27d184707767056fa9e3d93d54455fe6c0f1d2ace5a7fef1dfcf70b9ca0b763352520a9df6e55951095b3e2f418e47a62107f27c62eb25d5b53ee4652ef53d2897c8c914fd2748f27fbb"}
[2026-04-22 15:22:49] Lead stored successfully (both tables) {"lead_id":"012de882c965b713b5e10eafda73b8a5e9202683ba271c2fed1180c4eec87fbd643a43914538cf4314e71d06a0e9b52df8d5d631bd9fb16dd46a10c33c76a7018828764f3011bb6ab13ace2abc6622125930a8d27993532de591e7165c45dc3525aa08552ba05a34ba503c69d5910879"}
[2026-04-22 15:34:40] Lead stored successfully (both tables) {"lead_id":"012de882c95d4bf1f8521a10771471533a7408a33e77b7b3f4edb988fdf37c34b7224d7c41bd77e1f251ab784a3de3d2885b2946529050749ce5f7d47e1ea0d11b6f52e4e888eb54baf7edbdc36e255ce1eb97176eebde62314cb9384b7b75cf0cd8183fee9dfa5251476c748eb91b4b"}
[2026-04-22 15:35:08] Lead stored successfully (both tables) {"lead_id":"012de882c995c474437e8390ad1eb809ae9e5712f3138522e746f65c43a6e0db01733c812e99a7f9bb629affb4f8b8e234abee2060fa42173057b31cca76102af4d1689858a7c1cace88098352ecd71de440e15d8001d1a30936faf43b9b4adee5a3620061edf4f82f60a65013f97649"}
[2026-04-22 15:45:09] Lead stored successfully (both tables) {"lead_id":"012de882c94f29346f5825c03204c566381e0818ad1fff9bb9566460e523425712f455dda38a86ff3bad0405f849045054bfb9b61e2ef850ad4dc9c8104ac2e232badd45592a98a79190d631e5679926a2cf4c92baca1293ea7b77e08c25e868a2832bd069fda482ae74ded1dbb9f1ba"}
[2026-04-22 15:55:14] Lead stored successfully (both tables) {"lead_id":"012de882c99dd3bc417b9124e2ead69b77b28c695e1bc24a3a057524371186e24a7f280a3d0465a3e0aa3b319bbaad60295a2107389a03cda53d93a4cefcc8832cb067871655f4e2cf226a0045562fdebd7ddcf89b3661af840cafb2355b88df6a0c28964a019422ba921f350d958a45"}
[2026-04-22 16:02:26] Lead stored successfully (both tables) {"lead_id":"012de882c98770fa9e9d839a1f82129888ea7ac9e6aab7bf9ba21076817c2bdee15f42db10d627726e7a0bfa8d964cc2b641fdb8c43b0e767c43f530951652583ac0a7463928c2112a4fb1943fbad66d1a07c09d0f619115d27ddd3928a1054428904bc3a3ff84d0ce307f4d90146bd9"}
[2026-04-22 16:10:47] Lead stored successfully (both tables) {"lead_id":"012de882c92a5156dd518ccc622d1ba08e8cb86e0ec97e4898367b660abbf72b107a29a2bb9f477930c3a714c739c5922b522d8938a9f59da493e510ec7714688e4b2d8fb2460a23251a72dd758912458370592ec088085a644b6b2e0b64f00b8d697983e1f0796fcce9780669569c3f"}
[2026-04-22 16:24:31] Lead stored successfully (both tables) {"lead_id":"012de882c9bd557c8e245c38256b14de30d240be02b3713b2c6f45803fb39a4f3d025e41d7dd86d2f7a3ad00082ca6ee1eec1e9d33b56dd62542f3f143e4048607c2be02f5896ce2092034689b224777343e873f31cdbb667c26c84fe85ffb4f8ba5c04ba0a448862c9f64d7cf86d771"}
[2026-04-22 16:31:57] Lead stored successfully (both tables) {"lead_id":"012de882c9bebe9a3978929c50eec0dad57c4718452450e4f0ecf665dc280a7906c9d74494ae381d5950aa43c237e2"}
[2026-04-22 16:47:06] Lead stored successfully (both tables) {"lead_id":"012de882c9a5c860542150893b3e0a98148b7a4453d4fdd627afd3bd6215d78f1f3d363e02add297592e4e870fe016ceca64fde851a7f29727dc41ca6b47506bd6d2598d6d01da281965f1358e6f0c13f4e21c438b5c407830c05c36ac3a2be10f1b686b706d1046999a5c0ba447cd97"}
[2026-04-23 05:14:54] Lead stored successfully (both tables) {"lead_id":"012de882c9d150e16119ae2a7df7b7a24885012b2434270720311849092beea6ec6bccf0738ca988d2124d84ac09f762e91b41f9e115e3a97c5205f4934320d37e2d3b9744bdafad9125bc1c4824a5da0f4ca37ec63e2400a0ad84cb0df33ab2124a828df7a1a79e0355648f7bbb4052"}
[2026-04-23 05:29:52] Lead stored successfully (both tables) {"lead_id":"012de882c9ab15b5ed924a9024203e29de4acf94f7388e0614f6d0145f8fa62765e749b3849ed30915b78c0f1b526f7cf5c09f70923ed223af72af389ffb9ef59f46ba934cf0805d9f42782858ea97cc75848bc9196a4e860aa0aa8fc351f6bf0f1f08a02d841dad458b5f82a34c5a27"}
[2026-04-23 05:33:27] Lead stored successfully (both tables) {"lead_id":"012de882c9afa2a2f403680aa482f85d02335ec38a8a51d5d27abe8f55c6c55df2843663298ca4667d97fadaba4878e56a9470441bb94ee46028d6d12877a642236ab70f2f0b920ab4d371f3e57262ac941ea2f7b39253a4e625ca04a693453314a492d46d96288f1baf0b88dc5c8852"}
[2026-04-23 06:10:56] Lead stored successfully (both tables) {"lead_id":"012de882c91eca57b54dd530c9241304f66192839045412a3e3647c6b9b17ca83efaa4731accc7e24ea72dff615853f09596d373cf28099f3bb2472260e918e1950ca417575bfe1d4cfe4c2f6d7677d95f5cb7ababc3feb0d12a614e083f38e0f870be1d0cf591d64fe9d7e632c88cc7"}
[2026-04-23 06:30:49] Lead stored successfully (both tables) {"lead_id":"012de882c9706d2e78b09f184db49764e36f1a1667f839a025ebf4a8e9922d40073d4dd966724d8946a7a1da28ce326b4c48eedfd2673dd1de781fdc855155efec7bad53575a7972575875f11f9d3b8c12ea2392a066c7c2d33eba87bf7a8685352b881050c9029a57c1f70e0e658ff7"}
[2026-04-23 06:30:51] Lead stored successfully (both tables) {"lead_id":"012de882c9fec96f7901bbf73396b2c2e226c8f9335548e1db9deaa34ac152c7dd17b59739fab4162173e1e2669ee867c012903a50c6c2cf71a7f93d3c5e1ecffb9a37c261b4a05388ca44864e58feface8ad2cc0a248df1515be2e63f273680967ad20004a4a933147b4dc13513e9c0"}
[2026-04-23 07:12:25] Lead stored successfully (both tables) {"lead_id":"012de882c9c48ac6c90f2da8db7f29f707ca623b35cbfc7adfcc6082be633584a830636440187927f9000300ede65b65a343f7afbef441aa9b1b8e631e1f8d065ef93cb50bf2d51a95d4da84"}
[2026-04-23 08:41:27] Lead stored successfully (both tables) {"lead_id":"012de882c90f3a1b45f8c83e7fc3ce77a2082f6488074faf6694ea6bf90f1403970859ba9e469c524208184001f310afd549c3852dc80f230538a9d7ff00504f71a9c372f498758bd25551095580e3c062960fc26e993d8b0aee17ab78f63ff547ec55ee23d7a0adb720922ff33ebf50"}
[2026-04-23 08:54:17] Lead stored successfully (both tables) {"lead_id":"012de882c9d1b392beb891ff695c06ecc38da7b9d4c6d6315b46f043c29e8862fe1b8e502574fcae4f32934650d6baa6bec9d46121c38a2c01fd414ac79522eaed66fc8089345f6e990eb2024a66aaafc82d506aacfc5370baf7eb86c457e2eb0decba0b0c48c9e1ed55c18c908fe445"}
[2026-04-23 08:55:37] Lead stored successfully (both tables) {"lead_id":"012de882c94ddab16306cfe5574e7379a319a410c20545fb2f246cc21d08a3eb073360fbd8bfe0589d98aed2eff3e8e2a6c28ff75a44a9174c581b2b56f84a8a087cf4ad95ac1b678d6671c49303f15eed867c2949e5b4078be9636987ed5957a16ed28408b8a8c85d10b08182c37c32"}
[2026-04-23 09:34:11] Lead stored successfully (both tables) {"lead_id":"012de882c943431df1bf9d00db6edff107cc317dd43f1ec5e63ad6490ff71b5e45b7a7eb9f7893c346ca6ab44a55e08da967fe507c05f1edb2b39c4f81b0dcc03990a8eb854c8c818a358b86aef2a9b4b2b902303d079c89ae9293f942ed5c96742504847baa4d79c4fba0e1b103716a"}
[2026-04-23 09:42:14] Lead stored successfully (both tables) {"lead_id":"012de882c95c6e8062d46eb8d305a9a7cedecd617fc0f844c9d35fc781fd49dd8c7afb296cb8e8513d4c3de0400b64169ec8b92a315915ac57f8e9ad2fd0f770395d83428868d87639c0f6a7e40dd55b426b00e2c2c648193645227c19265ec3391cc4b05186be0fe7d5c7d6be1b34f5"}
[2026-04-23 09:51:27] Lead stored successfully (both tables) {"lead_id":"012de882c9ecc5f5ab9a6b560b372651316d6fcc6ad5624258e4b6fe1cd48c0ae2473d643a3f3e287a596109bb5f3686921c698ddcf9e88895f61ee5a6fdbd2a361888bd40181cad3600921af1726f71a6acf93339c8ac80d6350cc0fd8adce39727c77d2e623f7dec3e9a2d7bf26982"}
[2026-04-23 10:15:17] Lead stored successfully (both tables) {"lead_id":"012de882c9d76cdb1811f603b285e734c5d347d2590c39828ea1bb6754eea3cff4550de2355f8e9a39f4dca0ec9cf0abded0b2dd986fdd123e54fdd28af7795a340f5858a0dbdd61366f5aa57cfa8350b4a7dff7b3aacf99b0989da44197cb540e9bcd0d2ace7149509a674da8468f10"}
[2026-04-23 10:16:11] Lead stored successfully (both tables) {"lead_id":"012de882c98ac8158fdbcfe8422dfd5a35f5926884e6bae79c22ded4d20cce637b88e5a693bd28328b15d882bbaff67a69b172d55f45a8ce2be2d4767023bf0cf3d882d137173cb613d4c963093696cf0051ec797653e626f450a83a7effcd73fd4d241512c9a53b6490e42c838ce54f"}
[2026-04-23 10:16:22] Lead stored successfully (both tables) {"lead_id":"012de882c96c01c5dc65f14eb3d3e4281538441491685d415aa34af6d0efd6757a281e74ac2bd322924c1ecd5429e6267bb903f578a5df0b74bd9fd6a7c22beae109437aca6b417feba1fe254c8705925cdf0e1f53efe7191263e19b556dc2b5bad9c0c546c489d008d7471f1bbb39a2"}
[2026-04-23 10:18:41] Lead stored successfully (both tables) {"lead_id":"012de882c9780ccef4c9d54a909ae44754ec0b87f7a1cae6ac5b9657f17e0e7c12333060e8623b1b15f3fe8e609ad17f69678f334cb56854c232e8078f37f6296e33447c2cd47b1cc18d51c0"}
[2026-04-23 11:09:12] Lead stored successfully (both tables) {"lead_id":"012de882c9a194de1731518220ac59426ef621f74bc7244081dfc237215acc47b985f08658bcd7db6186b88aa55b56b7bbb896b58275290c630c84ac24063ffdbefca2caccfaea12be53fac9"}
[2026-04-23 11:20:19] Lead stored successfully (both tables) {"lead_id":"012de882c95c8382c4843a8b9f8d50d360510ead744db0a5d76bba3a57df270a2e836226899b990235e6536ae51ff17936abe23fb6760a8153fd5c7903904c1cfa63a6bf29309969988380a63ceff0b065e3361d9d2c3e6aa15d2024f2321fcad349fd1f15c6e64ad44dec4783fad44a"}
[2026-04-23 11:36:59] Lead stored successfully (both tables) {"lead_id":"012de882c978b2083f0800b7a16329592b91f6c558792b1d2970772ffd37ebd64b8abe448d7ed0cd2fbcaa4dc0115b9a34911dee2bb713ef1678d558a2eab1bcdcbec249d464950dcef48e9cacf3da5b60e4b4bdbbb2ff7321c8e1e1f1a08224e4e84e59754a314bae8e18deca479ae2"}
[2026-04-23 11:57:44] Lead stored successfully (both tables) {"lead_id":"012de882c9f59d83f87c5d2fcc110e818145d430e8194a746492b3189b39783e5e5405e215f8451b287f6ee577a0dfa62ecee9ce4b4252cc5c032f6541ef691fc5cbec803a2f312bdf3c9e0b1da22f8d1068949c935ae4fb4ecd8f6f65c14d297546ac57c331fe311ec2ff90eef7407f"}
[2026-04-23 12:19:35] Lead stored successfully (both tables) {"lead_id":"012de882c94cfb7d5b979dddd072aacdbab4d15b896c2a199257f8feb59dfc7d7cdfff7790216721af9d28fc3bfe921867698ec6322ead9ea61be2b0ecb1915cce1250f5395ccf49496439948382fbb96e5271a249fab9e15fa53388cc184453a239459d476181f99c242cf8db3bc317"}
[2026-04-23 12:36:28] Lead stored successfully (both tables) {"lead_id":"012de882c91fde948fedc084b0f15698245d829a82a7e24368f4c7ff6b19feb662e6e97ac7b12262f9eb824cc7355b02cb93d2af67ae4615e29923cbc008a36fa532b84333623d44b3e0548fcf49917be3023cc65f85228244f84cc6082567d224f7ddbf17c47007a0dbec7adaf8e038"}
[2026-04-23 12:43:51] Lead stored successfully (both tables) {"lead_id":"012de882c94454320b97ce9e28b990119ccc8b586539f2560f26afe5ec0e2a361737ee5dbce12edce5a01a72ce1140aba30e198c58183902af7fc0c4c24f9e0e5323a264f324b20c24baff0476d1b2d86ab32d0c6bc11bcf0a83a7a83d6fc25c5ddaf53cf59a0b1d486adc6773680c32"}
[2026-04-23 13:07:46] Lead stored successfully (both tables) {"lead_id":"012de882c958033a4390edc8f3e1d361b623c0de6b13c0b74b4ce38c7ddbb5806f4514a8c707e61d54ccba422f0ed78f9164596220714f7583ebbb8e3cfe758820f5e292e4220641a91d74c5323c05a422bd42d403d383274640c6a4eaa8a48a425baafd0361a863cdb390ca06e71ea5"}
[2026-04-23 13:13:24] Lead stored successfully (both tables) {"lead_id":"012de882c97065389bd1151a1239d25b422dbf9b5b6e5acc049d611c6a4089efe2076647a6e051f9a5bda2cea1df861b6fef10b6d8f133f0fa78a08fef7e22b6d298d8e3a97c78891f1180296c48f0ba50ab758b3fb114e8c42e23a67c2618055bcfaefe7be4e14b8919a5889813cb7a"}
[2026-04-23 13:37:00] Lead stored successfully (both tables) {"lead_id":"012de882c9930aab7182e8c9108a5fa58cfdd5be011bc2d4075dd58150cbdb283ad4afe5b4444f26cc2e16792501f837ce30d91a2875ab46688a31182b7abcdf29b05e68398ca230570f3792f130f4f2ba1db10e5cc992af95d289da6bbdbe3b67f931bd54a32bceac6d23226eabb9bd"}
[2026-04-23 13:52:19] Lead stored successfully (both tables) {"lead_id":"012de882c9c8592879c38ec8520c9dae798af920d1953839ed3779db59dd97acab0a54538460f58770bed2172f51f5e81402aba72d3e89903d6cb0b72aca45daaf94a4c1f28c824898b1d4dca9389eed64eecea0ba60a6248c5e60bf7b11719248d4359d7375941fc8de130dd1c2e674"}
[2026-04-23 14:12:07] Lead stored successfully (both tables) {"lead_id":"012de882c9a28cb48218aabadbd704c603984d36afd828a4a28db8e925d4571d3aaa4d499dbf280fb49900a59ce27233ebed29663ef0098a5dd30c30b09f515c4407e4f542f99eecc0e7ae943c6cfe664a2b56a5157746806a361fa04b65102026ac8db71aaedb6711882e41bc32910a"}
[2026-04-23 14:14:44] Lead stored successfully (both tables) {"lead_id":"012de882c95d03242680e2fe511a0fc86b306a2d1d5348e622ac18b3296183785af10beb1da4d2a244588f9b7e3e0136eaf7a0b2b14dbe5e2da7c66335f2698f52dd5cb9a90c57488cf4247f1ad325d5a955031ca21f79a351456663279ca50369c8f8b1f6abd481f0a24257d2338893"}
[2026-04-23 14:14:56] Duplicate lead ignored {"lead_id":"012de882c95d03242680e2fe511a0fc86b306a2d1d5348e622ac18b3296183785af10beb1da4d2a244588f9b7e3e0136eaf7a0b2b14dbe5e2da7c66335f2698f52dd5cb9a90c57488cf4247f1ad325d5a955031ca21f79a351456663279ca50369c8f8b1f6abd481f0a24257d2338893"}
[2026-04-23 14:21:24] Lead stored successfully (both tables) {"lead_id":"012de882c9baa13fa5814c3700c8ab3686a0bb2e0661e1fc67be787dfb0913ee211c086ea7d211eac6a12654d12e91bfccb316e5e71890410edf67480c073a1822d9649abb88520855fd41d484b1a5960932d484ef35fb5810aad7015f80b845752766b699872c3597560580aaef775a"}
[2026-04-23 14:22:42] Duplicate lead ignored {"lead_id":"012de882c95d03242680e2fe511a0fc86b306a2d1d5348e622ac18b3296183785af10beb1da4d2a244588f9b7e3e0136eaf7a0b2b14dbe5e2da7c66335f2698f52dd5cb9a90c57488cf4247f1ad325d5a955031ca21f79a351456663279ca50369c8f8b1f6abd481f0a24257d2338893"}
[2026-04-23 15:08:18] Lead stored successfully (both tables) {"lead_id":"012de882c95386e3c8d1d7c77c8b7f2203c307038781064048b63c3fb349291f37ca7e79d2df8e11bbbdfe2b0db15e74ad3120f3ce9dde4f9e2a477379e0812349c28fb9d626d86f898bf335"}
[2026-04-23 15:50:48] Lead stored successfully (both tables) {"lead_id":"012de882c91ed3626e738c02bc55bd012821dd33c3fd2853281565152497f6a7cabd512995fd30d7cb0c898b6c0fcfa7e06fed3c1f842b1b14c3cd99e242035594a0c30c52760baa4f20c3d4ddafc1eed59b5d411bdfa7a89e9dc094cb2187356f5e96574df05b98e7cf879bee6a5597"}
[2026-04-23 16:05:50] Lead stored successfully (both tables) {"lead_id":"012de882c953d7d51c78fa3cca36c16155a27d238294fe24c0789004952152e71db9967527f24f5f762114174fa210316b82139571053075732941b9661cd955816843b73914e99b66d72bb3f0689b6893017df9bd70d62487a941784e41f55a3580a16409ce64e0650503665fe086ce"}
[2026-04-23 16:12:44] Lead stored successfully (both tables) {"lead_id":"012de882c9138e559ff1464c3afafd58b24d85fccd8ff048fb1aa9ba2c9d0f3e83d0cc4a5ea53386a713485c1a80c95a586c8d56fcc00d69a57efc34c6576d391ebd6d3a3128972a8b579e1c"}
[2026-04-23 16:13:16] Lead stored successfully (both tables) {"lead_id":"012de882c9214497d3d488b3c01df50510ac303b548f07cd3ef0447a574ac46cccc83ec9979e3ab9b59f2edc652e72896edf37f0e095a51036ed62b653d905a3b8542267146b39fd6333b23c"}
[2026-04-23 16:14:51] Lead stored successfully (both tables) {"lead_id":"012de882c976bb47bcd2e712ec2b3729d946ebe4853fef0e30c5905ddf9d0dbbb4d73ac202875d57f122b0e35e0c6cef18a3c3cf0fabf9e48cb41101f94e1f4fc0f22f11579419d4f46ebe5568ff4aa4097c75334eceddc079872e17d2adf50b8d2fa1a1707cab9ed6932813bec56b6e"}
[2026-04-24 05:42:37] Lead stored successfully (both tables) {"lead_id":"012de882c9714bb0a8388ed12402bf8f0ca59fd2aa268eb7eba31f0e0622de71b2dc4e1be8a53f081c4611a74ff9ceef0096e0cd4bf892d1bedf769f3f61125116e4bf86c7f3f59126579284a62337021f2905466a76dc6b5d2d4e44650486fbf7da40f9a80306160d33991b2417f0c5"}
[2026-04-24 05:58:03] Lead stored successfully (both tables) {"lead_id":"012de882c96058a7323c840c5e70ebc03ad6ed15951c8764cc20442c3c62c19bb8b45eb3d5b4e829bfd0bff79ea885751e39796f3342ad2b4db9cc14eea4e9e6a69917d317fc097a4ff385de228e63508d91e097afb71830836573e8226f2a8859c26b0ed86473e1c2c6683aacdd799e"}
[2026-04-24 06:20:05] Lead stored successfully (both tables) {"lead_id":"012de882c985bf00aafca62097e822af2db503c42adfa396afff88984aed049febf3e11ce073ae9f8c2e6de02e6846c41e0fce0bcbdf0b8a9a4e1bcc3f41107cc40025965b2a608574b1cbe27698bf5fda83c8224357ef0430a8e6446987f795bc37aa9f35573e659dcf480f72fadf9c"}
[2026-04-24 06:53:58] Lead stored successfully (both tables) {"lead_id":"012de882c96ebcbb141ab865bfb5dac96ed2aee9a170eab58ef26b164d1834ab4b125637980e79664b4bef54a2d65c1b269fba765c625175d961fe3ae890523634ea44d536a8df7ea109e73202b8f575f5fc83eb20c93f66af0fa56e8e6d62c76d1c650531cdcd601f68f886e5f64b80"}
[2026-04-24 07:45:54] Lead stored successfully (both tables) {"lead_id":"012de882c947b4236ff58df9c72ba11ca488c3246212ebb45272034f52982e2d9d1c995515c96a5539f800a1b78bde4a2a059f5722c355e5e6179eadaa45e80b1c37162504ca0f7b2832e563d6422f3a513d98d15ae0b3bab6d3043b2610f7e7865cc10b5a339eabc9c1353383dde8f0"}
[2026-04-24 07:54:46] Lead stored successfully (both tables) {"lead_id":"012de882c991fc0d948467c69f7c4193760168869de2f7691a10df54aa106444a3fbc20b63dc26aeda0b55481110344cb5f738b6c2f932342f17497b598fa4c412930cdd5960d6535e363c8d4521ea502a2cdf2d2d4eea0b1424395f0e8eac09ed62cc596fb61ed94844635e10015d22"}
[2026-04-24 08:02:26] Lead stored successfully (both tables) {"lead_id":"012de882c9d4c2b0fd396de0f8ef60c10d5d087a84a43a3df2a5c65070aaba2bd38fb5606133636825222a71eeea545a8d0eba4290ea978b84ebe2e58bbc753a55d2afe192fb831ed5237da1e1f9501db3f18a445ade233b302d71ea28ba4f0429ee673a50571a71eedd12a7da82563d"}
[2026-04-24 08:02:53] Lead stored successfully (both tables) {"lead_id":"012de882c915fc511545b47218d0f60b03edcbcc4203678f9085b78db08d68043578c254d892e4911f376e0234e52778548e1ad03d7055fd3ad22755f7ae844a0842202330117b00b9351d15d5c207f07af8e2205648e51f30314a5248500ed3abc69ea59372b08884979b60ceb5b234"}
[2026-04-24 08:03:12] Lead stored successfully (both tables) {"lead_id":"012de882c9aa5ddd196ec88c31d44250008217433f04dd15bdcc460b0c806bf69ea4271de9528fbd354430e6e824d9cab12ee09f1f709e674baaba7c36b4054c8263ce04b3b640b009442b8d571dfdb08e601d403a35771748a8eea0f5e9105e16a21f94a046b2b83304cb33730a1504"}
[2026-04-24 08:04:58] Lead stored successfully (both tables) {"lead_id":"012de882c910964c96113e7b79f988a218b570e2bb7f535c149f161a5421d8b8975c8cc1719af35bf537341f1716dd"}
[2026-04-24 08:05:00] Lead stored successfully (both tables) {"lead_id":"012de882c9c6bfd81fb70b130af5d1457ee72641bb7d9f0b1211721191219af65d3e731d8b48ca75e8ad443ab704f2f6b4a60f421142c149155b603463d7b3356d2d359c12fc770eaff9e5211e7787f6f3d003df08a3de9bd1ca83af35535b8be4d00b469dc201294b1b53e3ef1e1439"}
[2026-04-24 08:14:57] Lead stored successfully (both tables) {"lead_id":"012de882c9616c25c5302a139cf4bbc61b34cbc9eef586d63eeb14cc01a2b24310eaf0b6d98ead9bab0d242a3e43c0d85b1713788da6fd918f5ba207e6f4d839065bced0b5bf2f0adaee2139ab72aa112a90d8b761ddf9794d2cc0dbd9aa4fa428bc479cad3e542aabc6524eee5db63f"}
[2026-04-24 08:43:17] Lead stored successfully (both tables) {"lead_id":"012de882c9392792680d6a91a05eaddddc05b8d5a19b57eb3ad642c6b820ceabe223dfc77efd3e57f3fb9ce3fba5ec5dcb27952a1bbd796a6c6f79966e70bfa3001b8656de7091d4fc76a60e49c633c4af9e808caa9e07744c579ee32524fead2bd078d57fc2a6197c512bfd11f82033"}
[2026-04-24 08:50:38] Lead stored successfully (both tables) {"lead_id":"012de882c9e2c2b0df16ceeaaf8be4c6ffb2bb41fd2d9520d0581b59b805d1bdc989350990404c138537a28a8925dce103eb75d5ae3c7a845ad3e9a280971c65b99ee7ff3d43fcd5610c9852f33688099a8d9c025bd2a787203ad18f240a67f0f95582fe79edd79818ddb21e737561fa"}
[2026-04-24 08:58:45] Lead stored successfully (both tables) {"lead_id":"012de882c943795614de48d877b5df1fd77cc0760b6f567e8b600317ae59b0f7a39a8b1ec6de0952e78dc86d533101e162b6c0a6a4ace851fc26d2de48804c0acc52d2f14a54fe43451a3b47a3be8a68118cffcb75e618df49602630bb2d630316c10974365ef7f5f0341083dab66d53"}
[2026-04-24 09:20:35] Lead stored successfully (both tables) {"lead_id":"012de882c973c0bdb26379930564e71de5e997e189e16f0100faa1a73501c14ccd6f14597626cbdc1f53e3293063effd8536df087f641e2f98d07b514effad72f9145123f91185c4dad5a5e0416d043c1dee13c8fbfef5c389db1ce1bf915bdd845c897f181707259fae6a24f560d6c4"}
[2026-04-24 09:57:16] Lead stored successfully (both tables) {"lead_id":"012de882c9472487520027e826ed13b7024b403b879f39040e9b3f3ca5c1f2e089f540fed44d65798499ec21ba9703e9525bc10bc3554a4b8e90be1b3cbe61f90ed25eaf4c45f0862a2d2df3849ef1c87bd5f53be7412a3d80bf02c3872ccd0882d8492365149ae960e0a8399716d1a3"}
[2026-04-24 10:41:22] Lead stored successfully (both tables) {"lead_id":"012de882c961dd7a1d72d9390eff51c1cb43362572a63440a1e044bb5fc11efa137291060517ce9f64b916fbb1befb0f687a597efa27d010aff9a8ef95e2f1f50ca6f38f29baec3ac0ba23c4e5cf6f1f07f90a374cbdd7069213553461a2caa5d53b5722910f136e7511c65a74185fd6"}
[2026-04-24 10:44:07] Lead stored successfully (both tables) {"lead_id":"012de882c913c35f260d120e605e495e56b3e373517f5f6eb78c2d71ed4f5704c7c1189ab3bfd50c543fba74e5f6a07e38d1a5ed6878104bae2358862f0354d0a79cdae860a4b2372118eac8fe01dc3dba1a6ff6d64b61294f46d60c668923b58bfbd98038c6e9f364460f82498d347c"}
[2026-04-24 10:52:04] Lead stored successfully (both tables) {"lead_id":"012de882c95602d06deca307f1a4ace8e8f600cd31d56783a2261c7a0cdde0de47b00fa3c084fdd1419da24e63eb42438697147f3afb398132061265a72edb55d28b263f5029f9ed6b15c60d7eae37c6c6f4d4fd72de29ab7273c650e418082cd40ee890e4c7586abdab96ace233fd4c"}
[2026-04-24 10:54:14] Lead stored successfully (both tables) {"lead_id":"012de882c9ee92c8894468b1fca3faaa7bb41238c372bcbe56e95f51520f8a8b3d543d86a72213e88061ca9324636bc12228773562891042d3ff3eb9be2070baa799a23a674ef59d2b239d934675c38e32015350b9220f0031ac0723bbcf652f12e1a34176557f54b08b56602947ee04"}
[2026-04-24 10:57:09] Lead stored successfully (both tables) {"lead_id":"012de882c92a32a527c167c071464670d8efd6c369a45fbdb823d164ceec64eb3cac0a0f1937390d009fe4ce7c83599c22d9f7b8bc7e1d662d30a4cd18c90c6f40ef0b12dd592d99bc34a03bed9e2a482c221eaff9d6630d4a46274d26e0aef549a2e15f8d90a26783701575f307f674"}
[2026-04-24 11:07:48] Lead stored successfully (both tables) {"lead_id":"012de882c9f13e2a12d4a90cbe6d07463f4f796da27500be3b437074f879251df51de2d5ae51e96168d2e17c5ac9273b1ddc4476357b22c2dab450cb66e71f062a598d92bb715e955c5c11e252779b938a43048cfcab890598a9ce0d0b87856a05918e4d42cedf270977aa4103b3381a"}
[2026-04-24 11:25:35] Lead stored successfully (both tables) {"lead_id":"012de882c914ee5c3cd4a67a24baf50171d5314e9ab9ca29cb61141342333b5a9bbe8e26fd4a01a43901f89050ef6045e11db4679223ac94c5a2cc53eb17973259b3c666789ae8f49c11d98a26e50a380f99b96d54dd832fe0b20c9f2ff97eb888b53697f54048efae378b07a6d7e0e2"}
[2026-04-24 11:26:35] Lead stored successfully (both tables) {"lead_id":"012de882c9ed0def8cd9092e92d82f7199da798ec1b63d5e7ae783f7fe0da69f652455aa5ec91fdaf840311e74eada38aba73170d11e15ed15d79946ffab23fe39a58af19a213a5b9e7c13738b1d7e4dedb966f682476f6de1600e3d9156025c29328dae056919deefec18071718a411"}
[2026-04-24 11:31:03] Lead stored successfully (both tables) {"lead_id":"012de882c91498a4647a1c1c7e60ebb64945fc63f001067fd9312d4db4ea6c70828aa5344642212ad2ef3ad6f4c2a42d32e8d104d84f8c6b6afa52400ba83a3a1ec042e3818561ce4deadb89f076b3db8204f9ebc2f94f7cac06c9ca721e39f14910adb79487ff5e79558849a09bac64"}
[2026-04-24 11:36:02] Lead stored successfully (both tables) {"lead_id":"012de882c9af1379daf2c04b188883a03f261c8cc016e682a4e506f8059bd31c5466127d1d8287161be150d064eff9d73ec7ecafd9dc569f20b71eed17c3ffe626b6b413aa4ef6cb7c0efdb1a8c0f0a0e5d9c27bede4aa02a07d5a2d27efb5d4b1554a567caabf03b666dd9a043be12e"}
[2026-04-24 12:04:58] Lead stored successfully (both tables) {"lead_id":"012de882c9f4c3dc4a975b2be675ca6f8cd37354e987340ea3e3c944eb8370f1585f1fa753bff9bacc214a594416198cae5cb0bb410065264fafb0e3f3bcfd23bad70dd87fc9f741c631a48a"}
[2026-04-24 12:14:59] Lead stored successfully (both tables) {"lead_id":"012de882c922f3e1e8b9b4588df200a433cb514626b68748090846a119644629826dc654b4b3cedafe71dbc5ebfb8eee62f5668b39b1f0b8d1b58761be158e791014402a4c7d49131ca991413bbee220fb4eb449d36137ad7e0024e5c1202644989a6b6af6b617cf5539739e82c000e6"}
[2026-04-24 12:15:32] Lead stored successfully (both tables) {"lead_id":"012de882c9e77a76577d188a1b39fbbfa690c52c9af07a9de27a9dbd714c50aeef690656c4303f024c97bead03261b605dc8db8bb1a5824cc8e9ceeaf458aa057382dc585a573e96de7a45133d11aea3980d08f00173a9375e89d756d71dafd86c97907a1851fc9f01727b494e5d4fb2"}
[2026-04-24 12:33:27] Lead stored successfully (both tables) {"lead_id":"012de882c9b90f68ece0d66d3d606dafb11de4e6bc5f515c95af49a1cacd58c0c606c7b005eeac9334d9032b134e3097a8da02959c7bbaba3c87e127f24d355b00ce02fff571ac21b26c308d"}
[2026-04-24 13:05:22] Lead stored successfully (both tables) {"lead_id":"012de882c907b1acbcc7cbfaa3225adb3ad6692f6ff6cf470a9e427ddaa7b9ae52201cc93bb3a55c6092b8a598f59cfbeb3059dd692e09dceec5e60d6c68c582d93c2e3bfe755187328e0f9e7984db5c51bbe4aaeaef98afac3910c523703000063f0e0340500676932b11ae618f2de2"}
[2026-04-24 13:19:15] Lead stored successfully (both tables) {"lead_id":"012de882c916d5a3c8f5d8a250804750d0c82b88a4fbe4c2edd62feca06a8b69eef9312eba18280f8a206e17785bcd"}
[2026-04-24 13:36:38] Lead stored successfully (both tables) {"lead_id":"012de882c9b302b1ad162b2ea1767994a4afd5ecf1c07143a1e382642270afd5f0a6c02f6d36b0eed63fc857b13023c19cb34f79931dfdeb5c76974ee88a8c7157172ad0f9847f7efaaf279d542b70907a108b8a2e388d5232db73610ea61c665f391880c2bc1b9ad9385839ea2207dc"}
[2026-04-24 13:49:06] Lead stored successfully (both tables) {"lead_id":"012de882c981b2221ba5616b3bedf54207b052806703160bc89be10249a0d01b5c599402bfc0b7b37d5b2f53b1f1c097e29df45142a661b5d307f09fedfcfd0e3f50bb08ededa830960257bb6e2e36061a6f57e3c970a049dbcdf3f419f942b800bb99f12d63ad024006017a520ed109"}
[2026-04-24 14:27:49] Lead stored successfully (both tables) {"lead_id":"012de882c9cd63b0ff4ca63284f2f69395c8ee23c39770d1444b58a0bb9c2a8d64e77f3256a8c6ead116817d1a2d9ba415be3c0fa20181765f236ea365cb2b96dba90cf1a17ce57f74546fefdf5f6ef6bae15f5807dd9e3420062ab08ab9854f75ce0516b892dbffb87ceff75b72f040"}
[2026-04-24 14:41:07] Lead stored successfully (both tables) {"lead_id":"012de882c93935a0df49a3b243f4eaf5ebeddecbbdcba8deef6820b8015b08239b9e271dd9f6ffa703c57d8b5de9ba3af58c0876408431b4aeec8c521f9249f1c52327fdac19f340a19bf5cd"}
[2026-04-24 14:52:28] Lead stored successfully (both tables) {"lead_id":"012de882c9e31202f5c2cfff614cdc537a170aba670b872dd74dd3db1d9c2237fb8993b9d3c9588cd12093ab11f10c76800479e593190bed0edb2564f05f4a0d2e23ad64567e0eeb0e3482264a3f5ba0db51e1f0c3ecab31bdee93e5256747eb068498ba14b171f7187e46f7a4746fb4"}
[2026-04-24 14:57:33] Lead stored successfully (both tables) {"lead_id":"012de882c9f82e3d59f38a6035179a7276c443364a989302e0abc1b478ccbcb8582457d7927726707f85bddb4888cb74c291674439ad420c6a398522617189a7a770bd213dcdff390d9aed728952a37dc293859ed1d8dafea9a63d009a843a977c85d6eac11aa1209b7c995a05013771"}
[2026-04-24 15:15:35] Lead stored successfully (both tables) {"lead_id":"012de882c9921e617f2f3bdcccd593fb76b904ac43f5b035c501310928821e280d0c1ced5e8c9bf2ad53881608a295275f1be614c30bcc194c5c4527accb0947dd4722ad0074f4aadc8445957df26cfd03ee2a137a172dc15b75cdd1c107853fd9c68394d3f884d9b1f0fcc810b795db"}
[2026-04-24 15:17:04] Lead stored successfully (both tables) {"lead_id":"012de882c902618dd7a1feccebafbebf11d6268244ef9ccd53d447a31c0fe201d4cccc0d16537d4b492541dcc28b686fb3a361d0735725d8d8c60d2bbf55a4de9d4e26ae7bb36f2f2d346e4decddae826285cf58a8d2d7901c808ed25bdaf2274d66f88bdbdccd8bb6ee73960a8c53d3"}
[2026-04-24 15:24:43] Lead stored successfully (both tables) {"lead_id":"012de882c981adb896d56c8107c9cb8158359a93b3d83b56d9d42fe38c5b9050457842586f4ecf7ad420951b9238ecf79ebc9ed92c7a2f5c4febb03c2c3c385495f97536781c47cd7cd9c97707b9388083de190356c897264317d05986f1de9187eb49fcb3a07c23dbcf1e4453ae57f7"}
[2026-04-24 15:28:43] Lead stored successfully (both tables) {"lead_id":"012de882c9fc3fc343c5241013d37dff097a37d80014c3e1ff8db7635c6e332e3b07c8ea7ceee6c46d0e8bbc29b9c2de133ec46d2013115d1da6b72fbde2a736a530c421dcbf5ad8fd67d7f274abb9a22d7acede51d626df7dbf02c0706851ecb56e632d605c1d2974c65653d788f8db"}
[2026-04-24 15:40:26] Lead stored successfully (both tables) {"lead_id":"012de882c99ed2a79075cd25ada51bcf3c0f2bdf5402f969aa134582a6373e29b96f02726b536f4c1525242b0098c5cd284fdb2d953b56568cf97e330c3edaf8756134b115a01602bde988804a386b644d8f2dbf3abc956d17f9c3ed44c24fdfd26f11bd1025090925c0083af73ff0b2"}
[2026-04-24 15:40:42] Lead stored successfully (both tables) {"lead_id":"012de882c9ef37ea3b7c6b1921b1a51346d8d4828a1e4671dc25570963cb65c91e215f9f5a39773863f4f15432db54a8bce9f53ab1f3267a327de0778c1273646f22cf9ff6bbcaebead0f2dbaa35efb3e87f9500577aa5495ba489870c7802a0aa33114e43b57a636fe468a46055939d"}
[2026-04-24 15:45:33] Lead stored successfully (both tables) {"lead_id":"012de882c95a357fc3931cf19fd44d7c5fcde4b65ab749043ded333109b4d2b1f142d54f7235d03980914619a01fefa6079bfd68f3b108dbeb2a869bfd840fb10b9294860c5ec1b9888b4648cb23f6c8b6fd3af41e00a2be27290bdbc24059841adef7853a3620b19919c281b4c1e0e9"}
[2026-04-24 15:46:08] Lead stored successfully (both tables) {"lead_id":"012de882c97fa072ffa3b9eb014a9f0286342297b9422f098c149977dc99343f6315d6825268f93ac62f273266de208f84ec406343224bd3cda7b862c1906772e9f7e6d313363c25b225f045253680a3bc0ccd2e0c7d8a4ed2d020a43c7b6e377842f705fbf5b5cecee047db4cd214db"}
[2026-04-24 15:48:02] Lead stored successfully (both tables) {"lead_id":"012de882c9749197aa220df0b9ec10520e08a528a81c1de7f66e962644fdb994097f1fcaa676a2d2cf7bb5862d5dfbdbd25b1be9ddb9ed6b04a99c4b49c8b752f1fe7c0a1e925b94eeded9793fb7cc302d6298267cdfc13bbffb424cb8b3a2b9df88dd515a8f4c524072bc1e0df65f31"}
[2026-04-24 16:00:28] Lead stored successfully (both tables) {"lead_id":"012de882c90262cce1cb6d826a2c83cf1ccd73b6f976283ceae5d63048932a5e9efb1c84f5b95040ea3d244c2e21aa6761484247a564927b0b92c698b8473ccb77ad6c0b99bdcfcb890bd1125e07131fc07a33bf5d0f0f990051ee4b9960aad0b1e5223c66797e483e01ccc3890492bc"}
[2026-04-24 16:01:26] Lead stored successfully (both tables) {"lead_id":"012de882c94facfa5a0683b9fd20bbd643775a1b6221dedfd4eafe649af0ea6d3897bb2585d102516ca453a3cec48c1150b93ca1fefed0335a50842247e7dc39ca47c14e5e127c2df6b6098f"}
[2026-04-24 16:02:09] Lead stored successfully (both tables) {"lead_id":"012de882c92062abc2ee393d79f7bdaf5e7fd82c4c720271fb68092d2bb42f4828ba9f3ad3938fa2707f8d770b452f5a7e71fa01ddaa3952c4ac92623a2159f00806254ba9a29921606a1a75"}
[2026-04-24 16:04:00] Lead stored successfully (both tables) {"lead_id":"012de882c96996f2224ced5fc9aca0786e9dfef91eabfab6a363a4220a42b8593d1a3891f23ab6518781ead1d78c3e85fff0a9889557c033553732234cc14f95c73eadf0ac86729507938f9eca7771222b18e33159576f44b20c630f2610724ed2cd6967506c83657d5caafda8b06b8c"}
[2026-04-24 16:21:14] Lead stored successfully (both tables) {"lead_id":"012de882c94e1e88e0b1e507e5cc82c44c2c20bac37e43d796f379a14e9564427a5ca125aff8a8757912e60f455dc5cf87bfab4fcd2acd467d4f21c2cfff84b03b97970f432ef3a4a8b25a55771545377a2e69b7b7f516d17ea41283192e905d4b4b545d3a236732ae92dd48fd6e2bbe"}
[2026-04-25 05:30:40] Lead stored successfully (both tables) {"lead_id":"012de882c90da3be6c404423b0ac9f0dab1e580dff35812a2b0af2e0a7f6286fe1ace30a6ae82f79419e29b04de7d4e588998e50265a34365fb64af866134bd3450e125d2750e7654b3c7c686546aa404cbb9fa2e280f2b1e036819fd32acf65a0d7b15aba89fc6378324f0064cfc98d"}
[2026-04-25 05:39:38] Lead stored successfully (both tables) {"lead_id":"012de882c951138effb4aa057a3f8a4c2df7383fc49449e2815cd57f39ca4a4c330e8b037077e5856b4d9ae94a4107a12aca47f931230a27934c45c06ffe526018ac2777de2d67679331b1e92677f10728132a69c1c3f82ae09262fb5415bf49bc70633d54e788a583784bf9f6d7ff8f"}
[2026-04-25 05:58:48] Lead stored successfully (both tables) {"lead_id":"012de882c9a0e35d2e44ff183243f1b708ce80e62c1bc1bd462c728300b36fdb2f7e53638f560560c2c1e481373529e1cd810cb38500c6cb934d1ebb8f4b0586f45991c32e8c7ef955b9ec6edb495f2987a8f8833e05efcd667cb43c9a98999e77461dd376ada1a9f41fb666f6fea52b"}
[2026-04-25 07:04:11] Lead stored successfully (both tables) {"lead_id":"012de882c9f178720e1e5a0bc781f27f98bf70c2b81239c292f36c67cf71d550cbd117840c1ce4a8bf93da79999cc08ce6e4cd1eac15c4d95192cfae078fd62818eb21cc66cbe8a7be3fa07238317fa224c1bedeb18e92911282f67e11c48ae0bd17d506492bb9a51413fd787cf61ebf"}
[2026-04-25 07:59:57] Lead stored successfully (both tables) {"lead_id":"012de882c9a674cc338482f27d7a7bcf46cf69a97df569db9b632a023bf0757b5dc715efe079a775228941dede5a1435ed17a0dbe9cac813cf9ad43fb5c4cc958c83e1998b423607d70cd8b2857e989552311fe40fc82c9e91cbae2c523c4fb97d3d7c9b99857206209879e7c251f99f"}
[2026-04-25 08:11:01] Lead stored successfully (both tables) {"lead_id":"012de882c99350136b2de99bac54b7e2c83de466e807c57156440a40d32d6eaae0fc85204ace7dde5324eb327634dc"}
[2026-04-25 08:27:37] Lead stored successfully (both tables) {"lead_id":"012de882c94bcd580621dde14c1b1fa7ee26ad0cb1c5886f6ee512cff1a1c7b017e3df47d8861aaae470de66ee2b5449eac5cda614fc83df52dce9686c4b89f3d7284a56eb302252df8c7b03e830c8a16b7624ba0f83c37ba6f125d2683954a25ae09e3830445e5a6932a3e0f3ceb631"}
[2026-04-25 08:30:26] Lead stored successfully (both tables) {"lead_id":"012de882c957c761e2f1b2d01f818af4849a8ebe1c104d36054277dc5960ded2b92622124f53ec8ef2f43484965deb6787b4886ce2108bef291fa608c8f432ea8ca24746af98b4c51da5605ea69dec8d8bd5b6ad091dd7e79cd32b8b992af485ba1776f3e4dc90089b3da614e4469124"}
[2026-04-25 08:39:39] Lead stored successfully (both tables) {"lead_id":"012de882c9dc5295cb5cc88d5a0703488b2f784988d99a2a8491678225f0372e93c1f0356aada44ba03666ed2ce03c10ca351081816f74ad296514327d8796714c57b5e6a99414ba441169f7be65c5873ef7e7ed09a403ea2f41a30510bd58df78398200f94051a3db3de570c9708a99"}
[2026-04-25 08:41:15] Lead stored successfully (both tables) {"lead_id":"012de882c9de3ebc15b21780ecd7e535c63c8abd9d429d8a8f2364f920a2bbb2cc5e7840ece87c19be516032106c5347f2742c58bccde59c291715adf2a48a1400f76f003a3805b32f2827331b558ae0039e9a3926b87732c6b789e80f7cd75f27e99d3161f4f7e17e6d415ea33cab0c"}
[2026-04-25 08:51:00] Lead stored successfully (both tables) {"lead_id":"012de882c908214a57b6251fa7da72e03eb96a00ef1f0b55e2eaa21959ac52ad285f37763c7ab427fa9ba9235b057c48d37c8e8a651aaa588b4ccc561a669aa58c6ab664d52ad7a73346470b111bba757dfda1e2e65ae5a217fee86fb0f05c9a0351e62c08b32c82b4762001bc7605fc"}
[2026-04-25 08:57:47] Lead stored successfully (both tables) {"lead_id":"012de882c9f51490b04d0be9f94b6069106ae36a5266fd06f9c8be1fcdd13c71684d215e004fcb2c61db2b204c38138da944d0a14ad5a70a1e2ed53a1ba0aeaba202a8fac536a3f7cffbf12c22ad9638a0d18eada25715ea62046045f404c454f323825be11efabeb803b1bff46b3d4a"}
[2026-04-25 09:10:36] Lead stored successfully (both tables) {"lead_id":"012de882c9077545f13723fd7c73711a0da75f191008b2db36cbd0c70b8af030d2a8df66cc5440b4b5de4cf968c94b64c7cd24b838e0ecd19d309665c06ad07a60c4df184af1ce0c05e60e485d0b067c6f8725a71eef6256e1119f4f0b2abcbb54057e1070739265a16eeb8edf1aacc2"}
[2026-04-25 09:28:27] Lead stored successfully (both tables) {"lead_id":"012de882c929a7b140d7be2b70c6fe7c2be65a7bf9b75481aa6b2b02d97245db7fd6a4b5bc18f7182a4b9bc036ae110515aea2600aa74c1d9b7601aebbc781329a1873a88bb707d8e261ab88169144648ff4abc68d620a41fd3123b9f0c7600517987d5f95d9584f0792de019845a267"}
[2026-04-25 09:34:47] Lead stored successfully (both tables) {"lead_id":"012de882c9b4fd38a91b1f28f5dbfff32917da2533a871f94151b0a369cb318506545b4a640ad8ffa3072dcd24f3ee57e50ac6667de4963f7cf62040cefd92a43d390a523a53088500a0e4c52047517afb2d8d94e3b5f85560ff0e86eeda33bd37e1b07092751387f099e71ded14d308"}
[2026-04-25 10:41:31] Lead stored successfully (both tables) {"lead_id":"012de882c96fbffc4647ff9b291333eace66888fbcacc6ae77ff05ac032929982368b0af131310f66d3a1d757ba4f6400c9f4e7424110146f49c01d92e68f3ff8d7765c0333998f0f1e09d098cce4ccebfb88589c4e2eb248868d2050199c6a15f7830279493c669de7635e09d490c44"}
[2026-04-25 11:02:44] Lead stored successfully (both tables) {"lead_id":"012de882c9078b964e1447fb51c52fb764f3ceccd6ab1d7c869292baafda715f31f1e1bd6d1ab19e5aa9a379c9fd2c66616d8e71069ac4259eec5446456f1f73016aafd4f63f5019f75cae2c81168f29ef8e3742ed23655e1eb3b54d967629a89755774a8ce449a4f6d6b07f98f8bddd"}
[2026-04-25 11:10:19] Lead stored successfully (both tables) {"lead_id":"012de882c901d232f5e5d4c4e7f30863e8c8085c643fd8acf54d57593a50f90d0db9a237fab6a2e317b1af4ab148c30923183a901b07fc712da7ae9fce02341bc70eb7ab2084a1a5020cc7f62fb694a1b0d1ea1ce7b5d7c50f24c18e8179f9446bb9b80dfd7b5d3055217a59d21bdefc"}
[2026-04-25 11:10:32] Duplicate lead ignored {"lead_id":"012de882c901d232f5e5d4c4e7f30863e8c8085c643fd8acf54d57593a50f90d0db9a237fab6a2e317b1af4ab148c30923183a901b07fc712da7ae9fce02341bc70eb7ab2084a1a5020cc7f62fb694a1b0d1ea1ce7b5d7c50f24c18e8179f9446bb9b80dfd7b5d3055217a59d21bdefc"}
[2026-04-25 11:24:24] Lead stored successfully (both tables) {"lead_id":"012de882c92e6ec8a774f6070e7edefa59f0933236eeb0e5615b8dd11f428522b28bc68234c3ac67b26d231884a08c18f59c53deb8ea5f3d4d8dc97d55e3ecda145bbf23089f2d2dc59de7cb29b2259b4f977bd7ebabc00d3aa5e72bc3ca42f7e38e87310bf7ced9531684e804a06e19"}
[2026-04-25 11:51:56] Lead stored successfully (both tables) {"lead_id":"012de882c904cb8a0b1a4fda4cb4b7bb170cc0f3e4793bea9abfa9d51b77d3ac2171d01011f666199a013528c2205c87ceaff8f2701b10a056f2224f4981c71ccdfe04d4fe9a3bef688774bec0041e69613505d7d535349aa07b49775c2e08aacd5c2aeea86e33805c80186635d7eb54"}
[2026-04-25 12:36:31] Lead stored successfully (both tables) {"lead_id":"012de882c9d3efe5905d03986c612e29a7be4abe1715185dfac999e8f2b014911b632b3af180b31eeb21d25a7ac6ef90ffa033bb4f1112b1570adbe56f20572fbd7966622c9292870ed09054fb74f3b8eb958be99f3e011ee9b1c483d2e1aa94d1c24f697f415428461f2875ea2e8b35"}
[2026-04-25 12:38:48] Lead stored successfully (both tables) {"lead_id":"012de882c9db63a0efa29f02f11945de4b503daed0440d5d5eb0eca471e59f0f6a1860d869ddcd9b535671a3451bb6253f152db6425dc01783d628f93fd2b690685284adc241b76bf23b2ddab3dfe51c080aa29df2b5ba17b9d7008cd5231f4e8dfb540020546b3171e249c77aeee2e2"}
[2026-04-25 12:44:02] Lead stored successfully (both tables) {"lead_id":"012de882c9ba75cf1f1157379c70faefd3a69e6b516954456d93ae68d7aaca8d0b6bcfbeb8f064c1ae70bb5c422231530038a1d4cbed39cb3450d51f1a7d1e5d741c0943988e7c0857712bf7c87363828aa826f4c369a1e4e360c9bb7d99d6401a36842ba10526a783f92daa3c96afa0"}
[2026-04-25 12:54:12] Lead stored successfully (both tables) {"lead_id":"012de882c9f6ba49520e826d7096cb40d05c03d1fa4647ce895bc4abc3f453206f7797bbae5551d53738c31a46f140568780f2483fee350d7931c1707f9c826972d4fb1b2b070eabf4fb7ab1a9d2cdfd7f4e044313fd5fb1a9e806c983817d1f884f6c26f8c093a7e3f1e37aac64309e"}
[2026-04-25 13:13:43] Lead stored successfully (both tables) {"lead_id":"012de882c96012d1700e50a5c20dd04881babd1c8a74f64b56cbbf3e4f742e9f9e63b1630fe7cadce20eca7e457c9c1c917d4039d432f04ceb6a12608319e9f297e0f1c04656e53b40b21ab539e8dbacddc96bb29c1b2c349645c621971a13ca600fe298d08f08efb915ee585b3f6317"}
[2026-04-25 13:15:06] Duplicate lead ignored {"lead_id":"012de882c96012d1700e50a5c20dd04881babd1c8a74f64b56cbbf3e4f742e9f9e63b1630fe7cadce20eca7e457c9c1c917d4039d432f04ceb6a12608319e9f297e0f1c04656e53b40b21ab539e8dbacddc96bb29c1b2c349645c621971a13ca600fe298d08f08efb915ee585b3f6317"}
[2026-04-25 13:30:47] Lead stored successfully (both tables) {"lead_id":"012de882c91bf48426a212a87bb7bc23afd63b3704d2fccb2d2e3de4fbff70c51adb6ab0edb6cf6340d6d91a873ee9532adb5f8e9568d1023a8808af45c104f9fc419443feb1c0c0c4c559e8e7c90d30a2367a415ab69ad006bbdfcf1b03306cb51e96205a569761afc6c210b8757b2c"}
[2026-04-25 13:41:34] Lead stored successfully (both tables) {"lead_id":"012de882c9cc51452f91d04b0ca6fc9fb9a66a8e3509e8da0555aa8166c4a6ddce97062a5d8580f45f6ba43968983805adfacedaacc78a8905b30fdf67c9f391a7fb973f62b704e13a4ab4dfdca89f94eb496b8d1b5fcae6e68e97682715d78438727945b92485edde6af4ff6746c02f"}
[2026-04-25 13:43:09] Lead stored successfully (both tables) {"lead_id":"012de882c9e50a8c5f1405c58fa16cef3ecae8b06cdf0fe087536d994aa910d507ea8fc75db16c62422cfbf23bb445a40d99ff5b22c82317a8438a678f243a3952a8882e3acc7cdc4e4327dfdc44c77995ed993b3514a7ce3453fd10a1f3b7c8424c95184d87af48f3d4112f1579b466"}
[2026-04-25 13:55:11] Lead stored successfully (both tables) {"lead_id":"012de882c99013a48660b630d11c938de63a550fb617bf45a016b514da393a0ae35197bfb11ad093e7d612c90f1b4db2a008a1ef570db4555f11c0287d54be1079b08e48587c2087b68a3bc084672d364dbdf7569f44625f802ede95d149fe63ba534c370a1ca584334d2014c3cd4736"}
[2026-04-25 13:56:14] Lead stored successfully (both tables) {"lead_id":"012de882c91f989830dd34fc6971bffd985ae601282b19947761ca9564b7516785259d3a5da6475ff7d2d5ba6b1df79d9f0bb93c133bfdf050da3a146255f54153bdc6c98b7a4426c60bf0858f3009a4d313e4451c02ae4cd4683324b3b9e1265d74d9b0dbfe3b6f27d5f0f2f18bb357"}
[2026-04-25 13:58:21] Lead stored successfully (both tables) {"lead_id":"012de882c9541261d8277a2a0288ba2dffb53e22954bcb7808caca247b2c0ae908dc88beeeded1766c22a42a3b2e87885c58cba5bdc3b28b8c72c16d9f50199fd9b06b950c34a7fd6fef5e133d00dd73ccfd2eef4a74bccfb12f47f4ea7926457f90a19db2eb322fc29c5445dfb6f7d3"}
[2026-04-25 14:08:05] Lead stored successfully (both tables) {"lead_id":"012de882c9b38a2b9a3a5a1bf201015a9d14c65dbf95e4a4d6aa9c4c2f4587ac90fa36bed9ff41710e9368542c4a3e24d20ac02b4c1950619b67abd38e47c22367f1b1f40eb0b0322a6c178b86d9c6ed1d0d721504d817d2356db839e56678ee461578a823cb263aed546fa90d8fba77"}
[2026-04-25 14:09:05] Lead stored successfully (both tables) {"lead_id":"012de882c954d2171d34a04196ae7b10f5d97006bb4d2a67360407baaba430bdfb7f11e0716cc268057df878c61c7dd5275b52bd0c2f58f4fb00eab2e49e76c404040487a3d82f3d8a56e81ebc0d81fc0cacb15d7f66980d50106211cf454c2487f7167c40ef83b7e858ea51f7069461"}
[2026-04-25 14:17:47] Lead stored successfully (both tables) {"lead_id":"012de882c95b26c35e6337cb36648b23ff62ad00cccb07d4e424c4c8c7f2e32138150371ff617f48b0b3effdac2973227e7916f6765c8f91769dd9eb3911bf1d59b20325d1050ab7bb5c309976936670a5e71f408b89ebc6673df4c82a44b801fbce5916684af200792e949860ac088d"}
[2026-04-25 14:21:04] Lead stored successfully (both tables) {"lead_id":"012de882c9cb44ab53d1d1a4a65d3ba21a8fef59a318dbca5e53554c70e7051db0ee12ea9a642fb2afceda5734ef1a7ca69d5820c7f1071508e2cf77758a371b67f5dd3b139cdac28e1276f3"}
[2026-04-25 14:21:18] Lead stored successfully (both tables) {"lead_id":"012de882c9756c17064b927afc629450669e5476894167c91a57b53145a2cdf223670a9fce63a8d756bedae705a174bf95a29b65fbd48895b08fe73e7f2a544c55f6b5a732ef05ff80d1709651b099d9c9179e3ef8b217b9409aaa36d11277928d40bbe4216dbb3e7549a8371703d7ee"}
[2026-04-25 14:35:23] Lead stored successfully (both tables) {"lead_id":"012de882c98d00f28ad8f7242a6eda35bdf45c31b66ea1bbdd64bb5b27ef93c69cac341de39b3cce5a62cd56e882695b72607e3794af554e8932cbd37a7ec23d5392ae04dbb7bdcb059967e735233ec67c3e6d1a88c48e2faefdd246f5d9b65e2c794cb55fcc2f931cafd1646941dfc2"}
[2026-04-25 14:46:59] Lead stored successfully (both tables) {"lead_id":"012de882c9e9c730368bf19cc544958501d8cc95a4472941a90a4db1c9647962291297364f3c94b857e4a3d5b89edf50dc3fa61b7f8e3c466df3d30973e7369ec1e316b318a5b18aa0e957a5d24bbb3d5595447c46caf0cf9338d46c490fed573257a8fd30c75113c72e80c9eb31e837"}
[2026-04-25 14:55:47] Lead stored successfully (both tables) {"lead_id":"012de882c972cec57ce67cf48de96eb2934e22554d385f11b83093300ad78c4735cb2a2c0b82aa9728b2e2d161ad3891097caaff22a250feefb3731325e9787458dd3039363d886f400979f40cd9cc33668a290fee019ba7fbe79c5195d5ed6dc48ea66a2f262c613c38f85f7c3ffd66"}
[2026-04-25 15:08:24] Lead stored successfully (both tables) {"lead_id":"012de882c95c2e65768e5f301df1a953c1eaba6c9d287cc1437347edecb2cf14ec85d90d0a92c99b00a81c530305013e5a6fceb6f0176f6797065e798c50d428c7dce2a2271feb4b672202c5b78e7c904c6d5a9982d614e0b164ea3bad02dd5c0624b323eaf09b59f8ffb79fad957012"}
[2026-04-25 15:15:57] Lead stored successfully (both tables) {"lead_id":"012de882c9ab2ed56972132a595cb9c310dc679f1591ea774d5d6fc98a5bf08499fb73d76fff9702616692d9088023b1754e0f7b71cb8ef3f57eb0851675d24848b60f6ec83c37dbeaa2268b8d8b9758b42aae7feaff975a3967ac4f9e73932abac60230edbee9ccaf90daf3ff8c9109"}
[2026-04-25 15:27:06] Lead stored successfully (both tables) {"lead_id":"012de882c9b8852bc00c9cdde1e9efe6f2dee494367b8804cd2312b0494ae770f13092c5b0e9454993abb1f3d0b21f709aade28c6cfaadbab79b480987f1fcf1717e60ba9f3f6756cc5d6012e899437be6c5f393d159017a132f87067e83daa7362189f7ee66fec22b60c4f43d78c881"}
[2026-04-25 15:28:23] Lead stored successfully (both tables) {"lead_id":"012de882c92f6cd7aa13054a6b4866aa4a5fa43736282fa4207824dcfd75b418261f920c7b5a75732825e7cb7f535503f58baad2f566ce7a0fb4a109163af09444b014dce77c1c78a3653733"}
[2026-04-25 15:54:20] Lead stored successfully (both tables) {"lead_id":"012de882c93a2f428ebf1c31f67993a2d2ceae8aac8ebc5b0acb54cc2dd3ce43ade1303dd43c877e3af49e925f63d529c2391283ca46f4dd0dfdee53d223db23d5f09a7c893a9954ddeeeb85"}
[2026-04-25 16:05:16] Lead stored successfully (both tables) {"lead_id":"012de882c93efd2c09db3e1cd4ce3031b4ed45af1193baf1adb9267b2a992e724a44b5c0330bf0d5a25e4ed4442b87d0fcb09d3f69c646735aa543dd3e93dde3103c890cfffcb16e4b9ac97f718f86a0cee859a63b761ea0568eac1946dfe050cb33c5ed9bc9d3cb17446b941c02d388"}
[2026-04-25 16:05:41] Lead stored successfully (both tables) {"lead_id":"012de882c91aec558ab90d8a0fd63a3d3a3a3150efff4eafd0158326ac53fa2dab1435b19ada55cd23ad1375db792d389b15267679a1e8c2b5ea0ffa5b57b97d34119b75e3d9ff1a408015e99e116df483c787ec95fddcecb037bbd6950f2ba6830e2d2fc1047fb94e5d51122e4b206a"}
[2026-04-25 16:10:49] Lead stored successfully (both tables) {"lead_id":"012de882c966219dbd5422a91079a20f574d7e8e70b885c4cdd4df2d415abcd8fdf3147c6fc4f133b7984c1fa60c741d2f85f2238db22698576b303a6b245bb7ba2fc066f8d0a8f74dc78cc5"}
[2026-04-25 16:19:32] Lead stored successfully (both tables) {"lead_id":"012de882c93b39421609cf51d69c210cc8fa15803efa2f4b6d56d2dc03e022d1607555d6a27fc195631cd55ee198d2487f916899d48ab9b500cd07e4b3d4daeea95a5ab0a0c7ec2e554f29498b198fb9d414bd68c68b91326c16dcae6a2fa5aad76b46bca1c491e11dac91e6c91f1fac"}
[2026-04-25 16:19:39] Lead stored successfully (both tables) {"lead_id":"012de882c9c5179bccab471610d53308cc22943539c8074ccb8411794b702136d2791bf61d235b58721460aee398f2c926a364187152bf333793e0d34ab561f5255da10a48fea5de3ce01cf147e8a4135844abaa4983abfde124d9d2ae4ae829554cdbd8746c906c4edfa6299a35a801"}
[2026-04-25 16:34:44] Lead stored successfully (both tables) {"lead_id":"012de882c93df639341df08019c8edb911f5857299d442c745f6000e05377b9cab7842be5e3fa4a94eae579e41134d55aafaf42d304123c4dd36b4740ddd174dafe86e534e634c755df42ce232d69497db9e7faa77e5304ecd3f4d6e56f33354ebc839cfaca67d8b6247877b938c1701"}
[2026-04-25 16:37:42] Lead stored successfully (both tables) {"lead_id":"012de882c952916ec01f6b2674daf4907dbe4d265f2119b31a7959e60a274847a9c464fb3b31ddb1d70a091d52dccd545325cda1f26c8b5ab9524f380a7ee81e6d0d586076509e3eb3936815a2a6cd741efd6c7d5640d8669cb4ac426f29364660b06cbb857ca4302d89d936b926e384"}
[2026-04-25 16:41:35] Lead stored successfully (both tables) {"lead_id":"012de882c9f38396ccd511e43350bbc83af19c6558f3057c8ff920f9895e33c60199860c0552f2a8f5a16d9d2081c5b3f5c5ec9648d4b87d1645cda6fcb53b37d3e777da87d57a0619eac9746beba1d97c0e4b0ba2ed708a20c0b619fed6e08f5798b7c9f62695289b2337bf6e50acf9"}
[2026-04-25 16:42:58] Lead stored successfully (both tables) {"lead_id":"012de882c9f0fd40bbe0448c646eab702846f0c37574e8d81b128adda95ea1da44d7e8f9bd391650dcf474e4ddc10617e274a54eb26f6bf53ad9cf6479ac32b4bdfa70475da5ba299f075962afa21746f2660ab5733157ae68aacff51fad2ada0e2365948b5bd5567cbd5e18684b600c"}
[2026-04-26 05:02:17] Lead stored successfully (both tables) {"lead_id":"012de882c91863b04c0372a17fd210ee4c61583bced780ec6723c9e535a5eb6c1c8c274b83191f2c908240244ea35fd0cde7bcf84819954de270ed00785e23f6359cc333f4a5aace182cfbdac6982a82e17a4af74b68c402a5c555530d5ec975725a5719a1c5ef3fd9cb0121f64fd104"}
[2026-04-26 05:23:50] Lead stored successfully (both tables) {"lead_id":"012de882c9587fe1a6e91e5caf43c5f74ae4003bbd16b60b6e82ea3aa971781bfc01412e5a050c5038e80658222a3a8bff69de0458cd7a94f24a0e9e749c0d1aa79bae900058e81ac89b70145798b02ba339aa66f9e64dd23748d4e6c70deeb73f822ba88108889a0b697a41a0e3f144"}
[2026-04-26 05:31:17] Lead stored successfully (both tables) {"lead_id":"012de882c9fba5a7dc7c84c85cf25411370c13fc5c2e00ae9e0b08e3ddae6fbcda9de12102fde9abf0d52d11d89cc40bdd791b82a7bbc5c05ab6ba7276f4e279e3b0b5201d11c5716e77dcbb822e96daf4330d4df70e2dc3bf00b0a399221576aeec9f85423f4151778e2aab2c8c7a1e"}
[2026-04-26 05:55:06] Lead stored successfully (both tables) {"lead_id":"012de882c95e062599f70e7e845b75ec508fceb78ea464afedb75573cea21794a9be90fe5c08292eecca6f166706e9e775be296b3bb2b7ff8cef947fee52064500295698f6b672c521346107"}
[2026-04-26 06:05:40] Lead stored successfully (both tables) {"lead_id":"012de882c974ba4eed3f2e23c9cb1f976071eb90c636bee2741fbc757da73830671b0c85796c6136e3cf92cb4b51cd2e95eb34efdb5ed254348edd102e08cfeeffd6c4f3b4e48d0f8c4ec7b560ac62d9dcbc07fa6f17d10bd3cbd58b29ba6208d3165d3e23fecd1381c6f29b478cc706"}
[2026-04-26 06:12:24] Lead stored successfully (both tables) {"lead_id":"012de882c90f7321d5de7c8d1f0c0aaf389a2595fb3d4c05b0e06b8d1f779ccf45794fccb619a232d18459c535a3b85820441b57221b92703f0038ba038b05d92b22daef673937cf5b0028612699f832ef50507647f1815569efad42d94445ff14f42125d57bbe149965d84f326b7282"}
[2026-04-26 06:41:27] Lead stored successfully (both tables) {"lead_id":"012de882c9282b5fc87ebf45d4e80343cf776385cbab3926a2734deb190c5eb1acafb1a62bf3565a99508debece2f18314474af6e6aedb22c3fb5b6a278437298c0f1aa2d59c2621a3ea222223a47fa90214df26e10c044b25cde36463a8df8409c05eabef7d1fe5d81a4aceeba7612e"}
[2026-04-26 06:51:55] Lead stored successfully (both tables) {"lead_id":"012de882c95ef6924b529b5d87766f72ce05d0271b86f083aab676f71b8809834bdf4c5c74a8b632e140e3a0c91f11957afb9026b4cf5f1ee191572a7154119c95bbff5b487873d11c293cc2ea36147943049f46e0e3dc91769b11373b71782a4a5abe503ac33a9cd41b85b67df31aef"}
[2026-04-26 07:32:52] Lead stored successfully (both tables) {"lead_id":"012de882c9c60d2be28ba40a4e9013bd48a7764521b62192379506fed60cc9684c08879d7edc3e13ae8c8068765036f5b555fd7382e3b871780d527f9f8fe44e50dcedc7fc989e7d1ab69a07323d7c2004100fd1310a444b73faae100f384d14b3ecf10f7f3267e7658bc8629ef9cfbc70"}
[2026-04-26 07:41:58] Lead stored successfully (both tables) {"lead_id":"012de882c9d12953c155d3d27aadd2a441aa0a82291aae087adfdb12955f60aef6e8f6563972402d67d039ae93d9eb4d1fd3575887454eb9c7dc936c496cf17b9ee2dd2945e1b5f878834f47e4edb94c5632da0385a9ba731ee75d44474aa0d0fb58e863789408d3246786cba5af63c778"}
[2026-04-26 07:46:50] Lead stored successfully (both tables) {"lead_id":"012de882c91c7b0659bff95125ce9725f552174dfd0dd9a8d29771412b679dc6a89b93e2f71eab124f94ba91e2a876f980b5012f851079fb342d150b82485a01dbcbf17df565368640739ae5a283da28c1086a5107fc664be3909fc2068800a302930bade40f457a13c75caf46cda5dee4"}
[2026-04-26 07:47:43] Lead stored successfully (both tables) {"lead_id":"012de882c9671f7177b56188718fd590970bb1e7d258ca9c60e90ab0bfcf967891c160662a2e1e31e78b677b3533ffbc5a15cd2e539e093ccb3fc6dfd5754c1c3684f87d522f85319addb6475d4fef70348f6e5194ddbdf38783bdacf9990e3e4c7982dee9525d67b593ac2c1608706ca0"}
[2026-04-26 07:59:44] Lead stored successfully (both tables) {"lead_id":"012de882c91c54d8ee480d4851275f559165364c6725e135bf01e935d47ab2e92bdfd175969fc28715e85f21b48bfabde665cc7cbddb2de35cce1ae53a64cad2e4f6ca6144a9fe16c5e8c55bdb40f9e527d2a35708c138bf34c11d6d75a9b981999593cb112e6edc63268d54be8f681920"}
[2026-04-26 08:10:41] Lead stored successfully (both tables) {"lead_id":"012de882c99b63a01c27527bc73bccb66ad1c2bea2d1fea46251a70d26d78e87ae9de188787d39d2bc08ca7411fabe6f4755205637fc941de9b382e9b40339bccd4ab76c2ad5fbda7e3b302aa6aa83b3988ca44a8cd6df4d977fda2a0c4db7f6bd273da5d809d169557320d1975ea61b23"}
[2026-04-26 08:14:27] Lead stored successfully (both tables) {"lead_id":"012de882c9b30f15e2003093b4cf697fe5c8870fd1708fae2f4cceee84874d75a498ec0dfca5d33902fc7188411e1dfe51d62511655ace065d1412c1438eaa1e144eac3109e6b9a9d4a88820b907bbf245049d76d337fc51adbc4a68c566455357de757124a2995a19d78ec1012939b6dc"}
[2026-04-26 08:19:32] Lead stored successfully (both tables) {"lead_id":"012de882c98a458bc2f383b7aec3ac9b71a98c80b3e970619ca6a69713750ded97a5b1312eb1250b989191108b1d1c49b1bb78150b53274513265de4fcb8e76ee2904ef25c99ead423413df6"}
[2026-04-26 08:24:49] Lead stored successfully (both tables) {"lead_id":"012de882c9d7cb1d070dab0f0cf5ebd63cfe12e3bb87dfd58f256fc4c787c0d5586c5f688932f036eee0bd2a571717ff6de573fcfd920e96626f0dc9ae75447ab1febb427c656c2087c6a9d408b387140587b037159ab54e99d36fc72da06d34da652948455fab9480b0c393504314bbbe"}
[2026-04-26 08:27:23] Lead stored successfully (both tables) {"lead_id":"012de882c9cd0e82f91648cb0fb93beba510bc311898868d241ee285a15f67c875f8782557e3c4b1263cbffbfbece8a6712b48ce1241655254a1b26737afbe26291b24064ea8628c3a24f2cbc9de975006f34fa716f72025fe7074ded2dc65d8b769fdd634181bb22a31006ea357955326"}
[2026-04-26 08:53:07] Lead stored successfully (both tables) {"lead_id":"012de882c9d25b2bc85375ada588dcaf25b02b5ceddf262e3904f5425872fdc490e8b29538e6dae132520896aa05ef2dea708565923fe9883c7a4f47d6a2fa940a5b9eec1d4e61a13e5bc5a025054ba9ce682fcb3d2efe62ba71f800c53a5f7386460d73d3094ab5ddf1ab327755b4d782"}
[2026-04-26 09:16:08] Lead stored successfully (both tables) {"lead_id":"012de882c989bfcc05be487b3e92d5d21db890e2ef0cada49ad9e54ce1e739e40c1f06efb954a62a349cb4ad712f3a5f9123b550a7e8e3f5184245d229bd5192b25d840c8b06bcc05d7fcb9df46337c3477c2125fe6ab1b9116a75ee7fd4154d2b9725fe866398fb80b6740d38837d5620"}
[2026-04-26 09:19:43] Lead stored successfully (both tables) {"lead_id":"012de882c930d1dfc3e7de18f2f860c26d44f52cb5b986ad7dbb9593523fc33f435af3a92423ac117a979f97b91c306118c504d5098a15b0e67511d49476cee7e2a050d742bee27b1d849c74fbf4232ea92296da958cebf999cd30ef43eeafcacf10b834fcab633b901223660530f9da1e"}
[2026-04-26 09:58:05] Lead stored successfully (both tables) {"lead_id":"012de882c92be5860ac118a238ccc3bfa90f4587704d0ef1cf78d7bfbdf78e1cd6e3b816d91c5bf76d700ba4f579a649d7c1823492ae87faaf1724dba3f55d61a9e92d870ea672ec5354d0202a9bbf9fda9c6723eb6fade7674cfdb7c614d4292fa9d5135bb830ae1fc8f610820f0feefb"}
[2026-04-26 10:07:34] Lead stored successfully (both tables) {"lead_id":"012de882c91b059bd5ce2e6d64b546acba704a052e0b7c433fcafbf6cee40ce03185960cc3e880bb204c74ed083e2301caa458c2633b49f720f6630dc00134ee8ca5260b196bc1596aec0c6bf914b6868f1af8da7eeef97bdc0ac335a36cd80a039df49b7e1b490eafa5e815d8fd61b199"}
[2026-04-26 10:10:48] Lead stored successfully (both tables) {"lead_id":"012de882c9d697db0e248ad96da118e916832fe668615ccbe0d6437238087c2f95e41c3ea31321cb7bb479f4cbb6725f3c5cd544fea396c5795d054d81d2727b0f58a142f19c2a411cebd59ba09497c61e48fb951fcc14f9b1d3105b2f465d440268ad304fbb0a6f8d4ef9ea9676c03a46"}
[2026-04-26 10:11:04] Lead stored successfully (both tables) {"lead_id":"012de882c9416809117f475df4f12129e6668b1e9a63cec579bd9132c10abfc8b7e38720032b32ec69a4fbc2c5b6c1"}
[2026-04-26 10:13:44] Lead stored successfully (both tables) {"lead_id":"012de882c92c0af366da0f1cb4eb4b63ac0baed53d49fd3cd06ece146c7e82ac7a3b463ef03cdb955a3bf7dee020a42dbdec08d8f183837b141e57270b950e57203c588796417a8b85d00e3cb2370eb761b35a8da2de7238595a5b9b6601d0d87e1813573547155d882084195aed3310a5"}
[2026-04-26 10:22:33] Lead stored successfully (both tables) {"lead_id":"012de882c9f8ee8a29dfd4fe412eed2760ca7f710994a7b4d7a1376e650a112e1521bf0be90c234ae2119d2f2ae113fdb8c790684f2099e5f38ef587d2757590af6522e6cac730b113a71abe5b11dba65ff5f3f78e43aacbafec9e7b8ba2751b05b736d348f6f498195133dd99aeffd175"}
[2026-04-26 10:24:02] Lead stored successfully (both tables) {"lead_id":"012de882c99f1a0b427a4cf548f708312a6c75cad621caf48b70ee65a6a62c33a32a50ddda5a96dbca21bc260d3ed29ce0eeb5a30929c34af143100868a2d969f3623710675b81f1f8c812b6511d45775f2b4d760a47374a4804ff87dadbedcc9193c52e07780a13b1e4fb154f12888768"}
[2026-04-26 10:38:09] Lead stored successfully (both tables) {"lead_id":"012de882c9163f58b8f6382d3a1f93d4c0bae176bbf92ed1450a37aebdc1d52ee5beb4eb965706f41d5801584d729aab7f95cebe75acfb4cc5e691b39e2905d948d0cd15b649b6eb812f4cb11924fdfa31e5fa0b4709b5e48b0ce463aa5dcb18944f71cc4ebc999a38e461b24e0217d007"}
[2026-04-26 10:48:00] Lead stored successfully (both tables) {"lead_id":"012de882c93388713b6dfab84cc0aac2cf65bea4a5c7bb74fb7e74afcc7df5d8ec9079ea3123590a9892baf238cebc4dd2a98b331991c46302139ad21fe6981ae0de31e0316e2a518380ad07b2496df1b278db3c12ab0671467b255a9a175ae1abdbe47fe38958a5f889ade467c927dc67"}
[2026-04-26 10:57:59] Lead stored successfully (both tables) {"lead_id":"012de882c955ae4c8ec886d00b099cd05b372402408bfe4d1b7aac7cdca824480ded7db82b538ae8565bd230ba67b206d5f5304cb52cfd9816ab85278e6d4613fcd9d72119c474a7bcc9fdc865c8ed84a1af0150c8755dde4da9cfed0fb0fe8d18348cac06653e30112acd6c56678f1dff"}
[2026-04-26 11:06:37] Lead stored successfully (both tables) {"lead_id":"012de882c939d643c7c7a5fece40b6f282be08bb031568586babb6ef8993c1158e8c8eab50818451e75b711b8736367c8d5dd0df8ce32ff5224ca996c66f496226c48e16ff1ab9159bb89db858c09b37384732b8da3e6aa6d36308f1babb0c5442f18b8e9ac0d2a3a40f2248eb663e13d7"}
[2026-04-26 11:25:42] Lead stored successfully (both tables) {"lead_id":"012de882c919d1c1303d69661cb159d46d236d9ff2f53f146e2c342824d09f18f80d4fc4cf8342f546dbbdffa5a97934fbb3ba94916ab57858bb47361b555572db49ea78e82b72d68f44fb51185b375f4a583e5de3bd2082b6efc59de5c545a2d9e32781389863e3b82129dfa64388eb35"}
[2026-04-26 11:34:32] Lead stored successfully (both tables) {"lead_id":"012de882c9ec7e117a7e801a22397f47a791fd69a3e4c5a68383b9347cbd8c3be6f9d4d3282a9b3543c79bec984227123d60f8ad0d6ce20ea1be2dac113e507182694a5bc7230c36095a113b6911c832d3de32641d0aeace83a71f86f80a2414099dd647e52a21b637c36ae2197d1a77a8"}
[2026-04-26 11:48:54] Lead stored successfully (both tables) {"lead_id":"012de882c946b052d747edcf5d1229bca3109fa43613e4b8a26d67226570f8da56f9fbf85d3fcd15fede7eb3fe94a0beac18d3ffdb616621d3ad0aa64677e1917a189ed508cec65f070118acc2d7cb4bb3a177bad58133990c04776c879bcb23418e395dd82eefffe3dfc37cdaf4c5f70f"}
[2026-04-26 12:01:41] Lead stored successfully (both tables) {"lead_id":"012de882c97ee3cf4ea1054d94fca318707972669e3587874a9e9db8ddc7397da6bb2d6460ea3cc12906ec618947a4"}
[2026-04-26 12:07:02] Lead stored successfully (both tables) {"lead_id":"012de882c9b673d4bacd656d70ff897f9bf0d4b64ef86d8601910b16a3ea0880a92e587c8175c31ad0ca790064ca485c8f25ab6d1c144effbd1e8fa59b80cacd7cb86966dc59a61b2515ba265446130f757d8c882121e450608b101fcc5a402831ca142531491299de893fcb0922b1e7e9"}
[2026-04-26 12:20:51] Lead stored successfully (both tables) {"lead_id":"012de882c93705022454f6c77c36dadd46b859d71752b4f63adde5bdab034bd7141a4eb9d7d15af574df1a69c72653ea2ca39c62ed81e8ab483169cb3e87d2fd63cb9a82dd2caaeebfb8e6e7b0c9a68690639ea9e27df5704ef4d1a06e4ffceda3102c204c1540ec11c4c2ac4e929f222f"}
[2026-04-26 13:21:17] Lead stored successfully (both tables) {"lead_id":"012de882c989ed0132bdb0e68941bf1c1550d2e98cf6d10af4422ef875a77ad9429f0ae08a71d963090405ae999780d9d30890dc8b15be00629dc4aa5809e9dfd12d9c96086e1ec0317853b97039a7e810535fe8dd5e36eb23868f32baff882e9b473e3512aae556daffe518f167c4e384"}
[2026-04-26 13:24:37] Lead stored successfully (both tables) {"lead_id":"012de882c931950903f7275c113a16916fa79210db589b62b4ea5db30b4a877ceac9ddd16ad07ba4fcc04a7fc00eeed4b0e7ae15e8bc787b559a5afeb34dd28dd3a25335b4eb47212e5309fef8fc4979988704e2688cc8a3ed278088e1a388f87b76248f0681cd904ef6c0e4910aa0b3f7"}
[2026-04-26 13:25:05] Lead stored successfully (both tables) {"lead_id":"012de882c9eca2ce911417c09bf02635affed9f262f8a3824bb0c2e8e807e76fa97a1b075c3102420d64688fa20d03ae6fafc639de864a54e1ba77a662f4bd31a82899bd53cbdb328cf06de5fd0566ac14c5039f51a39b287511d71eb5c14a3f681bca014bab3a17fe69e2ba982fc68ada"}
[2026-04-26 13:36:05] Lead stored successfully (both tables) {"lead_id":"012de882c9a5ddf6154451206f0baa0052addc25fcf47f5ada909e97b3f9913a2a70e815554c399c0714188301fa0bb1be833343d534633b0c74a1cf6f8ee1590efe5ca330868ed4af74ea6fe5a294649a83f57ad52f566d3f176ffd19e5551be873f424f05884593129cd1250e41f657c"}
[2026-04-26 13:48:54] Lead stored successfully (both tables) {"lead_id":"012de882c904cdf6c830fc16426081acd81daa6df20bbdf8d58cb0459e128ab27bdf20769cf749d37e31e3c5c284c85afd8c78a413602c2966f2426abd54a022d451137eb38db105aff7ce225c8f4b67e0b9414126c561d8bc9cd1d98b3d87e27265cf9d47e8ac28630002da815bcf308b"}
[2026-04-26 13:59:05] Lead stored successfully (both tables) {"lead_id":"012de882c9668620a5da215de5c1b186afd2d186b75c030dd2fb9d5a219c3613dd90eea4b8b97328588504cf02fbc20f6bc1156e97076d2c2cf95abe6ebd5e563eee531b90a2f9eee386a4aaccddb22e635a1fd70e027d3b243fec1ad0cf1e510029f80b4909e23e327f8133aba73358ec"}
[2026-04-26 14:23:31] Lead stored successfully (both tables) {"lead_id":"012de882c9cd2695556c4d4e580d66c1d9aa56cb3508893e4dfd17f0f7bdbffea955d56881f6d6e96417a81dd108fe623e70a1c787b06073a2af7cc3c92ab5156ec1058b0ea389860ff91f96"}
[2026-04-26 14:29:21] Lead stored successfully (both tables) {"lead_id":"012de882c9acd8dbd177f52ac7108c44f67831898ad6a32e347c00783aad1758a130afd5f7b3004b91bdb6ce7d838fe22a6322bae7186552f03c049f19176ef9eb9ad92a25074cb3736df0206c064145772b1a72d4fbbc5271784477b63718e2b7ed1ba84a647b0705d2067449f05aedc2"}
[2026-04-26 14:33:07] Lead stored successfully (both tables) {"lead_id":"012de882c92d568388d44e1657e5410276c291435f9b4bc84b2b6ff438cb6c5e3f65bf42b121e2244c69112eb20136649a5f22b9ad60125318c6a7fe90d795dd996af8557424689a8e149f093a4a957ed5cd31dc1f1a2dbe9cd39d3a62a19e3b5103681d5d89ec383d2169ff2540997d3a"}
[2026-04-26 14:33:58] Lead stored successfully (both tables) {"lead_id":"012de882c9642158840d8ba1b623f57ed2de01021958a1bb0dfc9ccb9c75fbcb424c1289efbc209e2f558808fcb67fe2a14fae31cfb0f64b5513e72ef618ece91a063361128403e9210f29d0694b70d6d5b809134170ddca3d73775e557717170f6e69a69096a806c0c2eada8a323652e1"}
[2026-04-26 15:26:35] Lead stored successfully (both tables) {"lead_id":"012de882c9e6bcf07073a3b91565e40d5692a7b5b8736c4e3a83c2ffd53a83dbb63db847729d6327a733500bf6962d2b574dd32b29780e150caf76cf2ee8001db99140fd03c5418ba453f9532018b81a6a3d7d140e3f5d056a8687a043393338b13ea43dc5894ca8320c41bac2b96c9ff2"}
[2026-04-26 15:26:39] Lead stored successfully (both tables) {"lead_id":"012de882c9d7612dd9792858b3cb7a681e53c846bafd421c2e461c6cb146645bdd8ffc33a3788462f2ec09353d17cf4e31feeaeb730a4f83aa645b9ebaab7df9fd8dfbbb1cf3748aeb4311577058b8b6a8041523ebaac936e9ef8b7f266af6b5be4e48fc6108b0e957a8a7e62add63fcc0"}
[2026-04-26 15:33:30] Lead stored successfully (both tables) {"lead_id":"012de882c98c3c078c4b3f9349966753faa68ff3f2340b06f7d976e007bd1ae4ce95655916d730e349809907b097c7e2e7ff45d79f118b01a6dcb991d1a0e67b3208d3fdc6d4124c7426dc981a003e96ebd53bc530fe60bb24cfef92f1daf4017eaa2868e565df103cc6961edffd3ecdea"}
[2026-04-26 15:51:40] Lead stored successfully (both tables) {"lead_id":"012de882c9869cce0283899339c92ccd8cd7435a9056e4156a13b7ed88c65c61f95d1fd40ed000c58aeed24ef9cbb10c5122cab9c1ec379a4c9fd28e48ba9e70906ab907b3df90114e0ee1bc81731710b46366cbb814c1067ca0085d354405e5d7e89d771aedee2bc7d3b994a8b38bdf02"}
[2026-04-26 15:52:19] Lead stored successfully (both tables) {"lead_id":"012de882c94a1b8d2bf7effdc84737f97bc59fb23f702e08627ef3db8f3100024e36bf2bc5e001f8ba84364af0ba479b718efa6fd18c6a90846c6ef3c4610e2988d61603ac06063b233d6777d3fc6b85007ceac35b3d55f55304585c128706f782120dcd261a2bed86415e15b9ea02f6b7"}
[2026-04-26 16:08:14] Lead stored successfully (both tables) {"lead_id":"012de882c94e985579a43f33354c7d2e50882c16099067b777daafd3d117a6ceb9d49b4148d3ff1a299bcb00ae9aebe98f27471d80963979a96afb3a50979b4413c6b6bca2fc9c044bf1395a37f43560eb71b0b7a54af9921d8f0927407ec71500ef86e75f0556971eac7ac9c51bd59d20"}
[2026-04-26 16:11:17] Lead stored successfully (both tables) {"lead_id":"012de882c9de4ec2aa076b0983e416f191ea421b05cea3602f284d588e15f642f26e2f62844f1fece4ea6734a2da7260d19411c5ac652d300e68f050e961622d246e3793edf8cb991ba7d8ef88fc844fae5b098b953553798b7f9f337fe776f898e6e1cbc8db46c5dbad74306b6cd8812b"}
[2026-04-26 16:20:15] Lead stored successfully (both tables) {"lead_id":"012de882c9cb2ba7c17e64c3e2a2851dd475a8a561ceb3ba9f703c9937d028ba1fbf5a653c9d26b423f5f3aee2beefe4b6d9f1ead8b9e0b9b7e30d5eaa06d9574a14834db82784694535631bdeaf1f504dbc0f20ac75c2b537e693a98b46ab853b196e00ea74a2198c24da622b7df06e91"}
[2026-04-26 16:32:13] Lead stored successfully (both tables) {"lead_id":"012de882c9eb858802262ad2cae1165ade2958298ad669ec1ef8b893aeafd935b391254a7f7731f03bdc71d3ed516e2a37472b590516345c0d9dc1b4cbc787a4aa6e322f2b5e04044e161995529173a32ae70dbd79cb052956edd18196a640873340041f9a03760b0b80983d331a83adab"}
[2026-04-26 16:33:16] Lead stored successfully (both tables) {"lead_id":"012de882c9b6358659ef06950bd386d28df323a0a4b3224efbcefa0fc698f0071cba0db52d782acecb9ec2fb8acb9d03ed4a24a2bca7228018462cc31de5c872370c30266ad2f8ee1001fc17561bb6b81b45951623b7219f8e4a6e7f90768cf7f749463d38d48d18a7add6069e88e1d387"}
[2026-04-26 16:38:18] Lead stored successfully (both tables) {"lead_id":"012de882c9ad5c2ce388b0a157c0185e37462c3ada82e23d46a67e10cf3fe84061be1cd455514d65d23c5131abbe29facfa8bd03e7c9ffe52abd361aae12fa6565f48d3dfa7b6615de1919422a526cd72d4cc255cecf71c8bdf5a8ef73de5b105187a708af600c61538bfb79a43d1aa088"}
[2026-04-27 05:37:43] Lead stored successfully (both tables) {"lead_id":"012de882c9d79dfe42ad246ca578399bcd7c7170b55a35fad98f86e904c2e2135a38c4e0236700ab412ff4505fb62f849177c3b96c3025b352c6a581c0347de8aada1111fdf0c1d4ae16cdc55d97b8868149117b0cae8e57a039aabd0b270934a6ef0cebdb33e8e358329155fd18c94de4"}
[2026-04-27 05:40:17] Lead stored successfully (both tables) {"lead_id":"012de882c96e6fd695ea908602c21074b8246b26f90a21ab4326f6cd5d15ab7d921fbb4d6a0fb88da3322ccfe744c08d3b27862dd57684dbf98cea34db49a61fd36d36fce69b441406c3e2d68afa2dc3ec12436e6c2372e992974960fb8aa665f3a9e7d15d561e86aa25a0ece898e53a2a"}
[2026-04-27 05:43:21] Lead stored successfully (both tables) {"lead_id":"012de882c9434fc7d8c588463359d7aaac9573d7f04803fa2c9b4e30e871fb6d2249505efc3815d30c1d3f44b5d561c8d706bbdb0a9c2e27fad0b2ba668c6188e08dd1451ec64419824392c024b424283c00dc305adcaae0c4d3aeb8940a13267f7627fb02721f55424b3c30176d4898e9"}
[2026-04-27 05:53:07] Lead stored successfully (both tables) {"lead_id":"012de882c9c277af08505e23c05a84fad7c888b7eaadf4b03e4c081ccc587e599d9ef5bd62cb1261714a87686edaf37d671710e1fd579310c12e5741755236abca3fbbcdbb7479458bfb25abd60773726853eab67c602571308f59c1cb55bdf57735ffcfdbe674eb61ac321415838f08b0"}
[2026-04-27 06:08:45] Lead stored successfully (both tables) {"lead_id":"012de882c99a03eb7758424c946ad944e0d118344b45991b14016edf9b53c2202cd2b4fb1041f45d3f355c57171fda272f353170c3061ad2fb7f127bc4bf242af1cec6ee0c59b49067074b1f"}
[2026-04-27 06:18:09] Lead stored successfully (both tables) {"lead_id":"012de882c9a99eae5661e2bf872377a51842f38886b12a27686ad90a5dae905901616bb1d4658a8c2612ff4516449b408be4c2fd23ac8e70d8cafb4bc135eee17f867d6deb3f1ade7328415e20b255ba9e4c2384b6e8d8f5cd1261f939d19042c1c57cd45f42e5841fb3a175c227f6c6d8"}
[2026-04-27 06:27:34] Lead stored successfully (both tables) {"lead_id":"012de882c984969e46c4118a7d807f381088340e6d397aca5ca1bcf8dc350cab3163db4b9e0950644e69705b9782497199acb3b4d7a2cfc72ff8ffe38e62fe471bcc7baecf6e96c8656abd288ddd765deac04d6752186146144fc87c1dc6e1b3965c952484e8761336cab41beea378fbb5"}
[2026-04-27 06:38:30] Lead stored successfully (both tables) {"lead_id":"012de882c9a5ed079d5b578d2832bafbb84d647fd1526e28320b700ac84ae9cd9c3b5b71827624f325bbe22539aca0e44550c9bd2799ae90b37367b50f7c46958c640de12653da56c73f7d9771f5de452cb2544ed35a3f86422117b88858f88515045192326284190e1d1e51ff31dc892e"}
[2026-04-27 07:06:35] Lead stored successfully (both tables) {"lead_id":"012de882c90467a5421a0d139ea0d0621c418724302397e5f72256f0fbc7e2ece8e9c8231898d580ed01fa527de3d5d69b55f9c32a4e1af264e7abe72d83ab9324d6c7bb1ab474ef9c374beb6fc614c1e7242de5f5007faa163234bb74ac5db97909c569dc1b0f54c836f0df57048bbfe1"}
[2026-04-27 08:27:42] Lead stored successfully (both tables) {"lead_id":"012de882c9fc703710c26da4f3c73c55677833adca02bbd7486a09e1bc15dd29f031651fe7ad4cdf6e016e49bf572a7f87ea24fb89c4848e5deab78fbe03750adf4ccdca09642d90269323051dfe43a999eebc7c3909ae65e07b6c9e643a3e9999b78cb588ac690c945e96b1eb6295140d"}
[2026-04-27 08:50:03] Lead stored successfully (both tables) {"lead_id":"012de882c9efada0da5b5eca86ff3bbf5976db1fc3879a8bc6fde143c4b755fcc433ce71ab9ddbd9c2243c5d9275deb58e9f505ff01c2220df6ce83a6e5e05020b37a8daad41fa7b32cc575458cfd806fbc89ffc21f5c7330f2db85bf77ebbd5bd08d54a586dc2463640bc0c1111e98f38"}
[2026-04-27 09:52:51] Lead stored successfully (both tables) {"lead_id":"012de882c9727f9aa6229740f3bf64b450a8fdbdc82dc0de544760e9e3d65aca435052cca291373377127051f1560a64023f5347618a1215ca74706e0b953ee9145c4d95a5369eb76aee92d6931783c0e80d9f8e8abe9a701fd634262a9c0afe2c60f3b21a805c2eb278c39ade548dab6f"}
[2026-04-27 10:16:15] Lead stored successfully (both tables) {"lead_id":"012de882c992be2ae6f3f2c446663d73462b9e82ab71bb01627e5bee06e9aca77b64bb183b95ea835c6114de9b5a049e035495d2834ac56daa3271ee92984c74d0afafb970f0f56973ea8cd0e3ba415d33c6739ea49c5e27b861d75f48dcc9c26768687a5dfc0db1ba0ef6f8c884764244"}
[2026-04-27 10:37:03] Lead stored successfully (both tables) {"lead_id":"012de882c96d22cc044ebe78e54d3a68036a1bfc681fd6c0aa8299911c1fdb750d55722232b1b008a0e4048c1f7591fd80be82b9cf34d8ed754e53471d88f05d6b9ea7a7556585a6e75c0cb7602148f400f26b2cec9ebf1b185f69be953dc0a2f33c8f60fec222ecffd5ffa6c9191b8cf6"}
[2026-04-27 10:38:05] Lead stored successfully (both tables) {"lead_id":"012de882c98ff35376423b9c4b3d4dfaca667aa8004f81fca28d73ef85972f55e320f503274a4db7696f2c2cb181bfcb50f0043f76d45e2b3ecde0a4fc25a9eec8d21446636adb9e91a3ab5c28096929772e078a9226b5c57eb233aebdd5851fdd37e627e63179da67fc35201f27267df8"}
[2026-04-27 10:48:40] Lead stored successfully (both tables) {"lead_id":"012de882c981fc9c0e8fda698f0cc14b159ab00f50a973c72ff248a99f0cef8d368c1da28acef9da39ac2abd64afc90e50b907adaaacc2b4d99641d705c2d952fc57848b47f2bdc3bafe23f9562ec0dd6e1a974cd5e7ed518208583d03d1a5a0fc1b43362b483225ef9d4d9aa5c3a88470"}
[2026-04-27 11:17:19] Lead stored successfully (both tables) {"lead_id":"012de882c954fe7ac5a013c2124524900fde03c8a90001007b393f6ed8d99c0162c7170c669dfb18ea5da1bde1498bf1a57638c34beb38b63849850a68cec1cab618b4ad28477ab4951b7dbb998b12e94a7961187cd854bb06b8599c0a368243cd0df029e9cf661b0ea86ab22a70f12179"}
[2026-04-27 11:17:33] Lead stored successfully (both tables) {"lead_id":"012de882c9780a074e47ee2ff00ac2a8de0cde809cac9a3642fca2f249cf33f8f2be8bff7db71ef1d8691fdea7fade723847fb5b3ab8b65bb69763c452bbf0cf92d813b0f037af97544c387a83c464c0b06f6afe3e414b80e905d5f0e6d83a25eb6d33f228f213a545b7d791ddab6df5ba"}
[2026-04-27 11:18:17] Lead stored successfully (both tables) {"lead_id":"012de882c9f673aaff69dd9629f6071fb0675c93524658bb082e15de2b896701f8be719473e874b14f42758bf91992e233cc9a2ade9a8acd4009599a30113e9af07d9e7fdbb653dc04b148efe4edb7f1a8892141c93bf714710890779f014b42cdd7d157cf66ab932ce144ee01028182cd"}
[2026-04-27 11:25:08] Lead stored successfully (both tables) {"lead_id":"012de882c9a1f0bc8a73f764fe201e23c5eeb3bdb46a4f52496bce0837cf2116cf212691567a94255d124a788255d09c3e6c6ee2dff9656a6836025f5ef47491dd85cc5e38d08bd9a2f3f4e777bb43f9bcf3ba3bd06649b4032082c2c42910bc9e955561ae7a796a90c1b0fc41c183f7f4"}
[2026-04-27 11:26:00] Lead stored successfully (both tables) {"lead_id":"012de882c94793f5359e3caf411e06a583746129bcda1adff36d588d574b76070014ac7f1b0a9c2080118870dd6638659cec0244ab259e9309cad927496759c63e156270e025e5dd2aab88c766c61aeb68760ce97e32c710dec56997b5e77acf4ddd9107a1f2e45c1eca4c332d27f94837"}
[2026-04-27 11:44:42] Lead stored successfully (both tables) {"lead_id":"012de882c94fd6f092288fe6154e0b60190d0dec646b903db3cc3b6cb62a624fc8a730a44727196d67160d6dae447e4d7d30449bb15faef6415ad55398bda28653919d572fb888239f24f43c1d95fa6a357ddc15e280dc17f9b1c8bfd4febcf5f88be4ec14ab31eab85b8768350b206631"}
[2026-04-27 12:02:58] Lead stored successfully (both tables) {"lead_id":"012de882c99e2c8c1dc054c26e71abe7e12808a62749c3e052a7996f80fcba53f21e14d1655e7a16ba77d6d8896566af7cc22ad857af1a260fba9becc50b8bbddd8626f38094bc44be76ef36a75396569e1427e8af72bf73841b41b07e905ad97b124dfae9a432479672797232d4d178d7"}
[2026-04-27 12:09:07] Lead stored successfully (both tables) {"lead_id":"012de882c9d74733f360beb3f3b4e29c1494b73420e52100665e1d3fe8c8cbab29fd3f7cbcf204c5ce48119ca025d0b5bb378a57729b33ff35b6c70696cd4a0fa4db0e073ae16182f6853b9664e79bfd499b1c355cc77296ce8617e6da2fefe065474e60472f9b03627929f82ec878aec0"}
[2026-04-27 12:25:37] Lead stored successfully (both tables) {"lead_id":"012de882c985504c6f318e2f00a61f04be42952155d05bd85db139297be1a499eb56463f6e93eea458eb9fb8ab8ff83e1bd2a510eb78a15d46eee136787b8159641a7cd7f469779ecbdbf4700a847a38690b3c33b71e5006385fc102566c81646a46801e2371e8481ce22d65830da7c91d"}
[2026-04-27 12:33:25] Lead stored successfully (both tables) {"lead_id":"012de882c99262d221d8489517d17485d8f89397cb93f5ca06f9e063e52d1b6d63c752ded8a03c1b491903323ee9632080d03dbf66839f50004ef4506b245a14b68b46e7fb410de6a7b6161e35ac4e3cab9f1a4c2542d390d74ef949859d0f98f66fe0a51caf1c155ff09191a6ea902d06"}
[2026-04-27 13:14:48] Lead stored successfully (both tables) {"lead_id":"012de882c945e9290bba0fbf73f0f3edb409be8c1ff0bbc8caabe7686d6438dfadfb227476ec7c932221c79cd97ebecdaa458013d358d0146b2938b2b7cf081489a5463190cc325d612b2cf9a64f342a048c4e846c177da7ae828c3ad98b0c5ad7e1257ff19addf0f16fcbda9d0f53ee62"}
[2026-04-27 13:23:23] Lead stored successfully (both tables) {"lead_id":"012de882c94935523c84a514fc7a23ff606b8b74dcaf223adcfbab15281a148ca14ec4c679d97df7ae187a0bb514c51dd7672d7dd28d4ab8a6eb026383b8631c036621e8700c744dcf354871777da2beaa6993207762646f2fc89f1d96a0193bdf9d19a0e03079d131e45cb8bb753d6c73"}
[2026-04-27 13:31:49] Lead stored successfully (both tables) {"lead_id":"012de882c902cd3024048e05b08ed783b54d42f7e5517a016703cc4787d7dae92e47adf5d044a02db54c1017df6c9d0768e8bcbfb864192026502d729cf4f87cf8317f151330578c2cfd4bf2341745b851386a31242cb9323c2fe7a428dceabb12b8450f53a235768923e6116cca8787be"}
[2026-04-27 13:41:00] Lead stored successfully (both tables) {"lead_id":"012de882c9b9738c1048c713ec2dacb3ffa8565f89cabe19ad4f43095d20ed092e6282d00e061bc1ebc0a5e90fc5fde42a02bb0f233a36ab789d5dc9539ea46446f389dfdfb98498cfe22195f26aefc9b4a89fbfc1e7633690642cdcf8af56ece16ce2d7264c100400150646ffcfe80d82"}
[2026-04-27 14:15:06] Lead stored successfully (both tables) {"lead_id":"012de882c9cc07ed2647e4d5fd1dcdd960183dfe70b820282bae37d310003f96cb224172a736a8ba57e34ff1d233dce6384532ad4174a41548dfe1524c7f1c38029f5ea43a28c86d804b4a2dd69687046219c935ee5bfcefb588d17a69d43cb90c3a9c6b14a0bb845bda3a726c62e6cab3"}
[2026-04-27 14:35:26] Lead stored successfully (both tables) {"lead_id":"012de882c9cc380739cc9dba36be6fe87e534115ce96d246e2f7d44330d30e8985194d2c5a50bded711cd1ba37aecad489c0cc7c2cc8ce8802bbdca24832b67e0d9a8a9e72857e799d70398a709be589b79f91bf2b443d03019f67647f7b71957bada87884a1e85e9935363abb572c4c44"}
[2026-04-27 14:43:34] Lead stored successfully (both tables) {"lead_id":"012de882c9ea122bb5300496d6833ec3978dfeb6ab447060da5bfa6edfe73a25a33f039aa3ac0eab545d87ee615653995ddf84c00d89375cbd9c02797923aa3897819f6ee51a85f889e9922578842838d5337fe6668ee80d1050523ffcbc19af52e94710f53a825eb412628a16860785d3"}
[2026-04-27 14:56:04] Lead stored successfully (both tables) {"lead_id":"012de882c95c0fa6cd22ad8e15dd6711742538c2464d9a41650b80c464a622772f99e840b28a35b83be4384112dc9a583ef21296ec9669fc85bfd5dabf303180a8dfb56b99e68910ecd0ceb49d9854820c2699fa72298ed22c5a1cbdb2303525b41956382455a631e6ab6800572724a7b6"}
[2026-04-27 14:58:30] Lead stored successfully (both tables) {"lead_id":"012de882c97e376d7c0d54007b5c19ed7dba14d6214335ac117b97af6a11e269ebcc95df9acdca7fbae9a3d0855bf95b0be7ff7cfcb007a3a011253764607fd23b8f3ba89e76653f3457f9d19d6abaad49662c6cfb60982af1d5093206e8bb3c01d17d2a4dabb2cec370a435ac576aebb0"}
[2026-04-27 15:01:14] Lead stored successfully (both tables) {"lead_id":"012de882c97e370ee7e46097e262c72575a2fed179c1a3bb96002d17a58444398574ee473b22b917fed68cc1dd8d34639b18937751dbf790182d47dbf7f22ad5980a077d2ed94d365b1139927b108977d71c0283f4d54d8557a4f3f8ef30c50c48d4f508e1e7588bad8575fcdc319350a1"}
[2026-04-27 15:35:21] Lead stored successfully (both tables) {"lead_id":"012de882c9a44e8365936412bc4b3d90c761a0eb9614ba32a7c4edc61518349e0779fbb046b04c9e71a1fbce535721396f626f27d0c35ed420b1e7634814aa7607377c5e4d6337d8888245b415cbd3e9683b6096bbad3440a4019b093a9759f4fc725b60d6f83c9822b24a65929fa2b3e8"}
[2026-04-27 15:44:03] Lead stored successfully (both tables) {"lead_id":"012de882c9bc71c261dfd52a59e65a551549ddd61d3c4f4f9655b812ca7ab47d2b2f7e0115e75d581752f7a01ac4ecd6c3e92c199bba201476f8ad322126786801eec295a8ee8f16557be1a6345476e6e4370e638d614a71f4830cfcb552ceb3d82b960a39d249998e4f8e1cfedb0c5740"}
[2026-04-27 16:05:38] Lead stored successfully (both tables) {"lead_id":"012de882c931759cfb7f3dde013c7f4ce7ac43717375a5bb1b91c3d0baec4d75030f993df54073349bea4ae327a13c1406fe976e862e074b5e4d4d8a7aeeec24764122088d6bef8a94b6b05c85a32fe4b01f02c6f6842ae07000d84bd52e418914f7cc62dba488889b4e9d8495afe48b42"}
[2026-04-27 16:28:50] Lead stored successfully (both tables) {"lead_id":"012de882c96108b4fcb40abb9efb0226424904515969cc6a9291ff9935613e9695fb2618de82f4fd87d1c55fe820da9499808509f7f49295e65ca1434ec8a21531ad4c0bf6a705426e4912c477af03e0da9b227b515c009e8296fe9777316c4ea0ab4394229a8f84af3fc751c202fe21e9"}
[2026-04-27 16:36:01] Lead stored successfully (both tables) {"lead_id":"012de882c9c34fdb7d192996a3dbadf8ccc59f357e16c584c4e050c410c3b6c70275a9930e25d7ae23d26487215b5aa745465c13ba9eccd9c552a1bea9dcff266f5e5fa88b4eeb920e19368d"}
[2026-04-27 16:53:18] Lead stored successfully (both tables) {"lead_id":"012de882c932c5fdd50f8c4b60f287dc858895183b1fcd5a05e700125f10264b89e9d90915ccc5b59100e942a47cc7929890e26cb57bf851ef0a90055f2967e7176098ecdea768cb7437c972457ed0b644570a96a6ee41f7cf8bf7e1223549091cf85bc171100c7459b560e00dded45ff2"}
[2026-04-27 16:59:04] Lead stored successfully (both tables) {"lead_id":"012de882c9cfe36543dd6c4f98b5251227c5a4def4d913da705d006a4b0d03e8313cee043fc899fef2e449250e971008dcb0183928560a8ec6ff1cbd2a54632f5a290dd1327ac1d966ff4b040f827c2df9681aa7e7da6ecfd4c3b979511406c5f84bbe16a68e09946001f124f5023f3356"}
[2026-04-28 05:04:10] Lead stored successfully (both tables) {"lead_id":"012de882c9594ab7c80371b3a8c8859755e89d1cc5a61993175b13a300a69167094da58c063c29a0c55e4a59c3475d8176ad6680c99dff3ac92f6c8837220a4a329b1466c48d8a33397ae6473b8a2d44c846a73a4c8ab605290d60565ac8e058b1e3acd98401966fa4ea000f44683b6ad7"}
[2026-04-28 05:50:07] Lead stored successfully (both tables) {"lead_id":"012de882c98e47c6ccf3f46048c38865537eea87f602c5bfc5122e8fc3b31bbdaf1e99aa1d9e3a4a68e3885cf620d276a5ef00ce85a3d8c639719c4800a41c6e5f30c1f40f20745a3673ebe1"}
[2026-04-28 06:40:15] Lead stored successfully (both tables) {"lead_id":"012de882c954c0b33c0ff1177923afae3053decff093bc1d12142e259504958a6d80b5bb7ab969815d4298a50e5fb45ba131996fc8e5f6e49668670b2b93c07b8c6f6833af8b855327a929a5"}
[2026-04-28 06:46:12] Lead stored successfully (both tables) {"lead_id":"012de882c9ea88121d87c77cf9ef85e6c033f78c29d549a57ffa53879c72080da9ebd16af7844f45d332647be0edca"}
[2026-04-28 06:57:31] Lead stored successfully (both tables) {"lead_id":"012de882c9e5f8e091962cd888d7db6a8c0f560cecfa524d5e8486f096ebf53018d8399b0e9c952b5e1a3d3c20aeabbb13f941a6d517841407ddf8d27cbe34d099ca163165d825f1ebc441e0836f64d49c604a17a4e0639a022c8a60e81e6db1cb2f7962f1ec774761924f987ca7a7e8a7"}
[2026-04-28 07:32:03] Lead stored successfully (both tables) {"lead_id":"012de882c96ec92b72404253e6111028475ef489709227b994a683923f2a7840cf180ebd9d28070b679211fde7ed9826aeb1a5946caba3d7b8ebf633b4e579442a4ddddba539bd5c6a375da982a48a3ec50960b469d565c4316f67bb21330ea079b97cb2d3a0b213105e444bde8b824f"}
[2026-04-28 09:07:52] Lead stored successfully (both tables) {"lead_id":"012de882c94c48f8d1f9104825acb6030ed0f2d8f5fc6af6c0922b252793e69c0874a10bb06238063e44ba20fb41a6fa1dfeaaf18424a8bb1e2e08dccdd3316324299d07ccb37ea66b439cc37b90cde4912846e6f4ae187682a6f2d3680520fe705a6ff1313e3033cacc471eb75c9e88"}
[2026-04-28 09:11:32] Lead stored successfully (both tables) {"lead_id":"012de882c9811111d900b5b5373c40be4a10c773db5b25a60733884e82bd4c3f529fc1d5827effe18335595ffa0be15ece121e746e0021884d6e2add43e6977870b9e6a96711b603c38fb1f7cc1a86fe48d136bd16d0a452eef59b0c3729816f0fec1bfc13b52b75d25b2f75001c95c6"}
[2026-04-28 09:15:01] Lead stored successfully (both tables) {"lead_id":"012de882c98acfc1f0d9f6018088cafa7a6949376546c9b3edb57c17c66c86953dfae8b5bb5f325d2a960b6b5c6d117987255a1e20cc1d4db31522479db1e7d7dfd24a8302d88941045094a7639b122fcb008c737fce4cf25303b9bc27a829895656c670a26f97053373d1af5851de4a"}
[2026-04-28 09:40:50] Lead stored successfully (both tables) {"lead_id":"012de882c91fe3d8da7e3ae52d00ac2df8e72a188a4f579d7b1d789ad1d73db795c3385f87cacd2cb3cec10bd9b8f8c74bb1065a0b92d6c08a29d282c38c6dec227c9ec0a0c8160ffaa9414bcf9afe51ba939e24bbbdbfa0581fac661a38ce30f5ae33c06fd377af9bc815a133749e46"}
[2026-04-28 09:41:50] Lead stored successfully (both tables) {"lead_id":"012de882c9ad54b7a3cc06f4b66242ce4769b3380b86e298d8e2b766d2f2774bd645f9c4b7e0a7140ad6a5b6f31dbd88ee70f7555219d62418ec519b7209685abfc8b2262c469e1708b1f71cd8a6ae6e79f9eb2e74d4c2ef3d0ca5a2cef490fc07bf43398a96a1cb447af29903bb1649"}
[2026-04-28 09:52:19] Lead stored successfully (both tables) {"lead_id":"012de882c99aa900d6c1bc91f92d7c220232724f12faf430dfd3c188927f17b60c2757de80f8c8df1c0356caa04ef4e01e64f4e2a0c0076afb74a27ed9050afb23dbb502f106e0b03fa0a3d5b3a8998968cb270485652b1a8f8931c3efe565381f95cbcb93adb144afe2b5b04e46cbaf"}
[2026-04-28 09:58:16] Lead stored successfully (both tables) {"lead_id":"012de882c95339b67e9280d3ec403aaaeb0b1a010202962807cfe62c3bb4eaa9eb85a796f34545bcf93d793f0001b1b15ef54426140deda727b03ce06c6390a7ade046f8fb45b4f9b7329cfd2ac2d178dc675d4ad8a8ce52e29e8d3cc8a99da216c728d16ff4f07b374c8571cc7a5dea"}
[2026-04-28 10:09:09] Lead stored successfully (both tables) {"lead_id":"012de882c977ec5d54f61962610d341e34f12b845da066d0ed2d4fa1f28dbf0183420236e7c9cbef27b535b8a2facba679d8ef6cbd23c298f303928a61d90971180b36962f3144350971a851f36502fe18330dad63b9c521d5db1f9c56500afdc9e2ee22e9333ba90f766cd5d7fb8b4e"}
[2026-04-28 10:14:23] Lead stored successfully (both tables) {"lead_id":"012de882c9a55b67560c3dde42108251afccd8f208bbe50937ff53027dc4e16b708913c7108f15ea04f1e55361790d1becf00ad9f9b95c6a966e66fdea49487ba8d2f674e9aacaf7a3251a08f531822de237cc6678992d65870c506d8f9b85e27c837f87e84da8fab415f2e9857aa200"}
[2026-04-28 10:19:32] Lead stored successfully (both tables) {"lead_id":"012de882c942a9369171b670d6025a5ca8b701747a41279b7bbd41d1aeff5bd141774d89d3e77e374b3db81910cf05f02dc8e1a1f758a832f63f50081eee4fa3d9d2a74363536ba8ab54216017019ed9dd4e26265fd221c93fb1f472379c7ae01c7e9042b015523215b854a5e30a0605"}
[2026-04-28 10:31:05] Lead stored successfully (both tables) {"lead_id":"012de882c999723eae78307e17774260ea5babe39b445e9065cafe7e76e7968719b2cc61e5b03bf8c3a25e43b5b500b5f1b8a9e85498b8a0691c968db52ccf0c39656f43daa2344c3a2513840e57e84988369aa0234511f7671bdca39fb7164b23fde14ee3981b06a37e428efa60d77e"}
[2026-04-28 10:31:15] Lead stored successfully (both tables) {"lead_id":"012de882c90718ef93822c5acc05b0f4b2b7003c49f7b6af0b9b3f264f40c8196d19f5ecaaff8329851f939104b731ae4b643eb0d1c620428ef20bc97cb6974ae631c82f4b0a01a525cce6743144b9e9bdbc36be2083f98bcf15c9d9afba79c31faa1d6151658bf46a30e28f573ae759"}
[2026-04-28 10:51:52] Lead stored successfully (both tables) {"lead_id":"012de882c9d0c362bde609cdedd30829c0243c35b14545e724b965a88645ba3618975d59794dff83aed4d28dc2c3ced0c81ddacb148c12c09190010caee81a6934ecd5e1761cb5d983dde5660c55b7cfdad26023dd0d31925ae0cb9dd961ef8764273eadd6fce0cf5f5195ced543a3a9"}
[2026-04-28 11:01:56] Lead stored successfully (both tables) {"lead_id":"012de882c9dae802c24310739a3bf0f03b3d5af5a3cac419f328ee4d328c6015131e2dcd5b8bf64e2926175f36ee0dd9fb0c025b15860726e41324d57303903ffc24a294d0059f458dd168e5e1f46d6ddea325aa9d2168743ba9d672271ad51f783b704b0e179a10b4edaa995704969b"}
[2026-04-28 11:21:27] Lead stored successfully (both tables) {"lead_id":"012de882c93390a5a143b43374cf4af29fc7c788dccaa40ba73d289155ee212c01bc28d0a6dde61cec59eab99d20ab8bf6e7d89ea9e33f0eae699e2bce4d4b04b4ec1415b8d2d4ee2f6fe0dd235f704e1d22a6e7dc66d3c4f404dd6f0a4fe17d58c4ba418a0f8b7bf516e5fc9e5e682e"}
[2026-04-28 11:26:17] Lead stored successfully (both tables) {"lead_id":"012de882c96a70cbe7c19539218de5cc087ab9a4d247eec02cac758ad2170b8cea798d6b4fc6cc919f33bd81d2463e2b900ce453b4c3f45c624cfe58e905928cbcd09367c973f90ecb37e5214e822b090d30e0c909261a46e54e2c67d506a1e203c6eecee780c2f49049bd16d73cd0ce"}
[2026-04-28 12:04:24] Lead stored successfully (both tables) {"lead_id":"012de882c99ca24527934ba945cff79f6b2f9e57b33ffab73bf661f965510524760cd1c635264b9f6f9fd5bb5a4e573d61d28fb63e6d2e11780ae39b15524a8454826954640eacbecb1f70c36a72b09082edfa9ad1a290a569f9f7b0478d17ea5df9ffa3be922351a578459ef8460c4f"}
[2026-04-28 12:05:35] Lead stored successfully (both tables) {"lead_id":"012de882c94232a8e62da2ea5d14e983951c055d348a959bb80756259d76a0e314bce87bb778d8d6c17f9e07f1fcfe199413c55f6d0d42141adf6c4008dba5b0fc05360647d089b8457681a158fb578db923d9f675e2f332933a5b782150f70499670cff89c415699beb1b625bb45fba"}
[2026-04-28 12:19:29] Lead stored successfully (both tables) {"lead_id":"012de882c9775e8de00f762c7908e02b9be6460acddd37b6d11f7cc0d8245e3f357848b96ee2ac1871a7f5c5a5758a3461313d9c8c9986b352e83f1f98d4a47e924fdd90f4a24f71397df4e3eff149bf9b179aa367f36c320aee1fe4c87aebe9796606d78f72c6553c8a9cd72c87ed81"}
[2026-04-28 12:24:13] Lead stored successfully (both tables) {"lead_id":"012de882c9c5e5ce19ce003ba6d11b60562f760160c2a84b24312cfc9e4d932e62159afb59b202c160196291e49f49c9eec0598b67f9b2f36443f89036640be45c62fa945556b27da9bf84bb3e3b168fc9d5c9a25c1bc0a1e206dc4127605a2ffa08e583f4263e21f911248612e1e277"}
[2026-04-28 12:30:38] Lead stored successfully (both tables) {"lead_id":"012de882c9b09d01d963d7b5e71d4740b8b03ce45d574d9afb24e8d23695167fcf4564b6f83bb2b03d6aff88f8b528af73777598325a4f1b904a53ece6e34fc3761e74b40f75d40ec6cfc9fe2d1d2e5bf7cfc1946d4b3a7a84708be6fa07db76c74872b036320abe6ae30ecc4dd1ec64"}
[2026-04-28 12:39:11] Lead stored successfully (both tables) {"lead_id":"012de882c9fc35a97e3e6c22c9a1492300dd40712bff34091a346a59e2d3200fbf6fa34aa45e8dcfb711ad9759d9f598db4a8f166e754d9ac93ac6221af83545ca5b674f826ef5c8da8b8d27836c71d1e42acbfe885e4b6a5092bf64e968fa9a2b7c85df9246fde4b24280504e8a21c5"}
[2026-04-28 12:58:16] Lead stored successfully (both tables) {"lead_id":"012de882c98b9950a5f65e47c8d5599dfc2178561649d4daf3f20599bbdd7a9cabca6dc3ec67550adc23cb525d13ef007d89865a140154592cdd1441474d7dcf21d02fb9d7bc62b08ebb27034cc0d60cb8b4be002a1fcb26844dcb2fe26d77b438ff2303f8b2765ff150f12630ded2e2"}
[2026-04-28 13:03:58] Lead stored successfully (both tables) {"lead_id":"012de882c91fb802a2fd2f78753509b8be0cdfaed6978733ec4e8d10e29fb5e35c1fd91c01459cf01d45abe69ad41eaf6068e2ac53a81d27b0c6f763855eeda4ea51ee40839c43f8a170bebd5492265ef08efa2fa614f4fb458ce24ab15c21f825929eba486affb552741a0084542f1f"}
[2026-04-28 13:09:50] Lead stored successfully (both tables) {"lead_id":"012de882c9dbea515c0beddef845ff285571f38cc349f95630894b762a52a1b1c8d7c56a518c40bb31d351bd1375811be95b4da87f747839d65474294bbf92f2c82ae45a6bff2250415626b02d29e7f21f9e1567dd6a69fe54eedddba10f576ea8bb65d03eafaaa963ec5c2ca1dab55f"}
[2026-04-28 13:35:11] Lead stored successfully (both tables) {"lead_id":"012de882c977c491e44f974c5d6bbd00d2a11a7b84b346178df02e80beb39adbf4f997053d2dfdeebf1db89bc45d82962367f36c62ee9014aeee62665100ff7e3f6cd11e886159316eec0c235c56331220c48105bd419eeb6f260ee127e832f89cb712066f56c8882909773e30cac6c1"}
[2026-04-28 13:49:20] Lead stored successfully (both tables) {"lead_id":"012de882c9ac98249edeaa6c9c67a6336897e0818233bc424e2850790d2724027f2ffdbbaa1b12f187129e99a9c5926c05413976c980fb81b0fb372f7e0fb00ad1a24781ead156578feff6d16b1be483cfce89c1f52a8883c06026ce2bc7ad77b4270fdcfe6814b4714bad3f71652008"}
[2026-04-28 13:51:58] Lead stored successfully (both tables) {"lead_id":"012de882c989d30efe792dca9454622d780f727ffe8513f7525ef62563f17a9d6b86833934e37aa8b696cff16ac8c922e0197d0e4e55fbfa0f16c3ac015d1c683ac8efdff10d03937d84a4e7797cc5c87a9a0d836b82f2f6971a3137d3f44dcd2322657322d401bd3bd3066d021972e0"}
[2026-04-28 13:54:06] Lead stored successfully (both tables) {"lead_id":"012de882c9b66528193f9f5ca2d2b10008b008ef013d4d31df792a3205a77b034d8833e72f68eb539857312c678b5846b663a467c08568d59b8e20fd652fc500ed8c17599cb8f84ac06aff08dc101a583615fe04e08343ebcdb8c55a6e14f86d0290bc468ef427b5ec0d51d8328a497f"}
[2026-04-28 14:07:02] Lead stored successfully (both tables) {"lead_id":"012de882c9f79aec6866c06a8e9c58ed34a911f6ede1d54fe57adee285f498b088f157a4cf35e28006b93c0eac7d6c4ac9caaec087cb5366e3bbfe8e6d435215765c216536cecb8f1e5ad8e7832b17bc6fa1f808a11136742916258267ddca8c22030a695b2b02eccba35985729ddf5c"}
[2026-04-28 14:08:37] Lead stored successfully (both tables) {"lead_id":"012de882c9bb1064ac3300bc0d73bacb80b1c09eaf765433f5d61cef5656fe5bd86599996f7fdd6f1b3f60d55d764ec1d064fd49891ef20d4699f4b4299961cd2b28d80f067092502ac6db86a2e87ebc58ef0e720d5fcc84f342d3f13b4bce7749c4193ec7c12fc1a18391c0c9ff8d1a"}
[2026-04-28 14:30:36] Lead stored successfully (both tables) {"lead_id":"012de882c93e012c1a0db1050301cfa564f87ae5ca3237e7739d2b7f3773a4956354eeb9a8231658e667812b5a0c5794adc8134e75f70d80f8f7d55a7caa8698d5db9feda7dfbc0b9fb5c934cf2184fc553cc20311c5adbd1c6ded3b921363075e2e1f9a7301d666a152174ea76ebd5b"}
[2026-04-28 14:30:50] Duplicate lead ignored {"lead_id":"012de882c93e012c1a0db1050301cfa564f87ae5ca3237e7739d2b7f3773a4956354eeb9a8231658e667812b5a0c5794adc8134e75f70d80f8f7d55a7caa8698d5db9feda7dfbc0b9fb5c934cf2184fc553cc20311c5adbd1c6ded3b921363075e2e1f9a7301d666a152174ea76ebd5b"}
[2026-04-28 14:38:35] Lead stored successfully (both tables) {"lead_id":"012de882c970c4bee27562aa027e10a9b80cf2dfe0030a57353e15a0bc24213448c3cf326e89b2eb124196c3901ee5d3e3a7f04350b5e77dbcbda05f54c8c68afedf7be97c6e455b44a4a5add71e1d54d251c3e8cc06a31e021b0ceddbb8d484a213176b86ee015347e91b011e856bfc"}
[2026-04-28 15:19:26] Lead stored successfully (both tables) {"lead_id":"012de882c9be99f316078b3a2257630221fc9e48bed27a4f2de10fd536e3a9cf4e785cc5683af3f626588fda25f5c7a67bc4e7644fcf4accb07619d7c70b5186b0809b561b47535e29dacee87f2819dca4742ec5aa6a99a5b931256ebfaa80e0376d6a209dbf3f42cb3d8ac6fad27752"}
[2026-04-28 15:23:33] Lead stored successfully (both tables) {"lead_id":"012de882c9f7cd1c8ac6dc17daa6e158bcead18827a3ed8b26bee368226f84262bbc6309e6ef9daf6b940d6ef4c6a2"}
[2026-04-28 15:29:01] Lead stored successfully (both tables) {"lead_id":"012de882c9142acf4000f7503fe1ff7510f54ba42ce6134bd0e74b501e5cbf935735a68c14586a6aa82bd80af60a07b343de6d181a4fed763b8ce9bc3f9d8e59157dcd99b9c2d3949347f81bb731972b79833f6da2ef5581fcd7f81058dc389a9733a852a45e75a63025729e95bd33dd"}
[2026-04-28 15:46:10] Lead stored successfully (both tables) {"lead_id":"012de882c98f18b17d27142f73080fe5f22d7c81f00b37f10881fb09769e6d160acf38a3d594227aa19b2590e98bc3b005e42109dbacd3eed4095f23a12e36e3f04bb6774bec0d247b0bc664a49cebba597f0ece7dfee78d69d550eaeb09d0de86c0e4967e50b017d04e65299f96e5b2"}
[2026-04-28 16:23:06] Lead stored successfully (both tables) {"lead_id":"012de882c9c604f3d38cd37c3c085f419e55cb127cb03a5eb98adefd352c065ddc9fb7f04b9955709b752dbe3413cb3a5dee3b3ea88e9f28976ec122c26f321ea54f4be4ae68034be5b353bf203854fe91f70278db7f6e421594c71ef6fb510c9a6bf664c7888e0af9a4d73fe9538b81"}
[2026-04-28 16:28:07] Lead stored successfully (both tables) {"lead_id":"012de882c94f7b76c5564e4804f056632f8d02ec2803883c4e31dd01186864bb886b7082a568c69cb80d93a942308bbe5e529f260779961528e20ade46753185f3e9d9803710b4a26271316323a97b4f3b2854cbf4cbd25fc6a1504bfe45d9b784130e08956c3104bb0e32df87ca9ec2"}
[2026-04-28 16:48:29] Lead stored successfully (both tables) {"lead_id":"012de882c9372338fe06f28cc9dd1bed2773f0fef43fd6dcda4e4506f643a284ecae3d3cc9cd24ae0d3931a5c23c3b7daa3d29e56d4b5f5396cff36401b82526af719a1342172ea0c4583ea422011b5a10db3820c56b2f1576efcf12fe6deda24e11952e63e8fa386d214d292e8618a1"}
[2026-04-28 21:18:12] Lead stored successfully (both tables) {"lead_id":"012de882c96fae1ab7afc6317f41ab37663216e0206c8842f5736115a4ebb80aec9e4a470dbe35119981107a342d1e0f8a7a8c50068b0a0323761cd40e484fc2bf8739dfc369f27b804f7d860f6f9302e1d806e1e85f70c62762fdcda3f831071ce732d9c8e89566ae15f13cedf9ec8a"}
[2026-04-29 05:12:37] Lead stored successfully (both tables) {"lead_id":"012de882c9f3589c85609c0aa47d18f974d9b68b919cc60f1e128e66f0ce376ea921e48cf405b14429b36839e7aefd8744d80b38a79fce0fe161086bab50a01518c0d09ce6cb91ba89b5e70aedda6148ff1cdd4a6ec11c9518b32593da95747ecd1314aceea6e2d52cf164273e1b2701"}
[2026-04-29 05:29:13] Lead stored successfully (both tables) {"lead_id":"012de882c985df1af9a344f1099f7de0e52245c8ebfebf4867225a14b69f9af2f457483be58d95be0f67a4b3db06d9665746cf98c377c9c61f1cba1f94f08c9b4ff223a478d3539db0d3133febc2f27a121d66c9acc1e50c0d25842f0709da5dea5169187aab06bef86645624c1c6a51"}
[2026-04-29 05:46:27] Lead stored successfully (both tables) {"lead_id":"012de882c9a367daa94f53f4012aee93537dd3f0cc457de7a1d241280ae1ec142ebc089522151c299d1a3803c9b7b44e70562caf16e88fe856a2d5599bf74ed822de1413daa88d71a851c8ec2d82f95692cd5331df8b6a6a43a616cd539ef984d0ad4e8113823578f11e316b02a8ea9b"}
[2026-04-29 05:58:44] Lead stored successfully (both tables) {"lead_id":"012de882c9703e668a8866c8450934af405211670fd9e686a78a48265162fe347f08922aaaf7809ff1961f20c46e881899858205e28e0b20c44271b6725227a803973444f77933e9837c71da62cdf77981558da6e697a2683e1f07090e7647c461d96d18d2cc6fa00ed206ab8af0104b"}
[2026-04-29 06:11:47] Lead stored successfully (both tables) {"lead_id":"012de882c9c2672184d733524aec4a19f82011ac2fec229b03070a12de774b5960223e5421ec106783ca0c80739cb8fcbfe8dcc1f0152c16427a4e87616623fc2d1c860d1915bbf3d055c66ed701d406aed8d461ed6055a11a72eecb64a2b74070927d164f3a68d2fa58f7d5b19e24e6"}
[2026-04-29 06:34:12] Lead stored successfully (both tables) {"lead_id":"012de882c9165edb0326a9106ee2a76f40093f41e41dd3890a482eba10f40a4f05597b8a6b993934088a143dc3bd83be733ea1778cbe12b8808591a867997a6a032c86f1142a18cecc2a45fcbb2a46b8a8f2fedcc778e34fb0db9f0cd94413c44d1207fb7967bd03b581af49a21b18d9"}
[2026-04-29 06:37:57] Lead stored successfully (both tables) {"lead_id":"012de882c916cc490335b5acd15cee7c2b73eb4d602d615b93d96e8dea5262f39439a65fdb39ae40a374d60d38684ff69b4c45110620eecfc0ce46037370e35b778d5d2a5c13262f5103536ea2e2d4158b4967031342ce08263dd45fd0dc11be683f07357682ec2f32f481f7ebb07c50"}
[2026-04-29 06:41:22] Lead stored successfully (both tables) {"lead_id":"012de882c9af6b842e44e8ff5389e18c6500150710e48f0d97bafbce914bf5df688d8dc2af205ca8bbc6638a06e9dd80e9c6120d4f6c3e1846b57516de251e1181b08c39ff6dc7a105bc04c78626f1569e7c97cce3437274028aa96592edf2ea727422dec98d90876f1a8fb0763531e6"}
[2026-04-29 06:56:54] Lead stored successfully (both tables) {"lead_id":"012de882c984d403c8f33d711cccbb5dc26d0d89e059ee3873e2911346e992ea1bb48eec798440f354f05dd415dab3030814be0e026fd7c12d679b931e7810b3d31214313c84e4498f576458270986a3a2c1fdb8707a0f615f61cbd0c2f5cda165ad5c6205965489468d8384b3732756"}
[2026-04-29 06:57:05] Duplicate lead ignored {"lead_id":"012de882c984d403c8f33d711cccbb5dc26d0d89e059ee3873e2911346e992ea1bb48eec798440f354f05dd415dab3030814be0e026fd7c12d679b931e7810b3d31214313c84e4498f576458270986a3a2c1fdb8707a0f615f61cbd0c2f5cda165ad5c6205965489468d8384b3732756"}
[2026-04-29 08:17:15] Lead stored successfully (both tables) {"lead_id":"012de882c9b834bcadba2db384acaecf132052a2751123081b8726394cf9da7b2fe00067a935d08002a45d2cbf8d52266cc170f70c95b52286e09d8651e457bd47a3a42d256f3d6b1be6eb150577ef19f520f3eb1d3d6d6bd6afda5069346ba38bc10d31753406b98e94d005708083635b"}
[2026-04-29 08:18:11] Lead stored successfully (both tables) {"lead_id":"012de882c9e840c88be9778aa0acdef85ab191b00cd79d1e5cbcd59051ebac1f973149e99ca69d910daf6587cacbd639416e36b87699a021281b5290332161309aa3a744dcd68fb13e5d92fc1377160750fc54c68ba354bacd9acb5652ef0ab0924a0cc519f781ecb88f3005d9e5df3d8f"}
[2026-04-29 08:23:53] Lead stored successfully (both tables) {"lead_id":"012de882c96f146eccbb3ac1becb69af3758a6e615e161d1142195c8cfd5b9fc866d8064557f57b386e2d5171e6ee617d478cd138b5a982bd3939ca360380bff7e63bb284ce23533cf75037319e1d333f20f2e4bc45f0a3644886b1d4595ac72bf3de9ef0ee68bec5f3487308eceb01c8b"}
[2026-04-29 08:24:06] Duplicate lead ignored {"lead_id":"012de882c96f146eccbb3ac1becb69af3758a6e615e161d1142195c8cfd5b9fc866d8064557f57b386e2d5171e6ee617d478cd138b5a982bd3939ca360380bff7e63bb284ce23533cf75037319e1d333f20f2e4bc45f0a3644886b1d4595ac72bf3de9ef0ee68bec5f3487308eceb01c8b"}
[2026-04-29 08:25:13] Lead stored successfully (both tables) {"lead_id":"012de882c944a8131cce8ed0aa352530159c2802ddd414e120073409bd1fdbbe2ebc15bf8bf75e0e68629613df5fc27b15fa430dede8e8f59584d8e2d974ef4c55533facdafe7969bfdc2c121c42908e05306edb86a115f0d780a923dcdf900d13e0c638d32f5026886c8b9d7613883a55"}
[2026-04-29 08:37:07] Lead stored successfully (both tables) {"lead_id":"012de882c926338474ff658345dd71615c4914c54154462ba3d7f68c68948f70811ef45959551d8033b6f725664a12d16194ce4725fef1d9ca2e153e90830b8cf4d649a4de1e11f7b82e10a7ce36e54b4cd6f1f55c26af43ccd48eb95de1c2c740ac224cce9c421befc43b9f806bd73820"}
[2026-04-29 08:50:31] Lead stored successfully (both tables) {"lead_id":"012de882c99e6b28085e9d2debf3e58a4a80a571ed41b4b4f8ac8167b42b295503ceeb94269cae90d5badd96400c8afb0dc7a9f2d25b0ecfc0bdf0873fe96e79b75affb93f10610d0c8daa51bcdba36024da85cab7b556eb0af59416904f8154b7bfe4228cdfe3b5534575befa76dd162c"}
[2026-04-29 09:02:45] Lead stored successfully (both tables) {"lead_id":"012de882c90ff478e6627c266467d4be59450e8b6ae373f50996e670dfa01ceb842c2e98d9154914342aef10e8f1dc7f3b99589ddb641eb0c3d360de84750b12b0de2cb3fee4b07a158417e2c3b1f0fb4f54406d7f00e61ed24cede0d49a342acc4860f2ea56dc2bbb1f0d56d2bb3277ae"}
[2026-04-29 09:03:50] Lead stored successfully (both tables) {"lead_id":"012de882c98569fea53c4303f69c0efe05c35e2e9f5109b5d7e3a55915f0dc99ea04782c2be471eb8f6c6aedc19b5cd52efb7999177b8f64168f82323457c4edeb18078633d80dbd90846e50ed92c4949c8eb8192cc1d5536c36685de09363553d5ae43eef7201e048201674ecd8755f31"}
[2026-04-29 09:07:49] Lead stored successfully (both tables) {"lead_id":"012de882c9ee40d349cf639e6c78ba3650ac395e81044c9804472d14df9613bb3f8b5c040eccdb225f3f09e179efa7e5402f4d9a1107aea544c0a2267892888890848c56437df55f714596360147ef6079a8b9386ffde851614ec56dcb4f03c982be64b856968fd8e0acfcf716737c4457"}
[2026-04-29 09:13:22] Lead stored successfully (both tables) {"lead_id":"012de882c9953cc5c1e9f85cca487f72f20e840553cb137cdaa6594649c91878e91bb5f044aa01270047f03feb37e5da465b47d8a7ee58a0a054c7f9013bfb5302288fec1c8a87925e2fccee9c5f087d171c0d9a8c28a9e316bd45d3b3fdf216bf944f3365727ddf957d4aaff2be0127ea"}
[2026-04-29 09:14:44] Lead stored successfully (both tables) {"lead_id":"012de882c94ab90351503e40a50f8004b10ed3b6e4cf9172619a1a9d65ea0c28149d9c5aa09409933cc086bd8fa13243a9f9501e921cecea1ec3439925ee6c1d09fe724fe73311b4fad7a4acdc814ede55ac622c300bdaa9381f3380b3f46b6a83fc8b73367999ce22d6945ceb1cc0ff74"}
[2026-04-29 09:24:03] Lead stored successfully (both tables) {"lead_id":"012de882c97456abaad23489d8f0b8c3386fc40995244c1082ca5d0172d60fdff93e970d4bb369cb40b609362f9b01838550c841d2797f319659c03c94f77ccb39dd39c47a3e8eaf230261d512c6a77cbd634406fa1b8a358abec475478976d1654569b84aff89b1e34f1c38808af3dc92"}
[2026-04-29 10:09:45] Lead stored successfully (both tables) {"lead_id":"012de882c9485a3f8c79cca7d2e0f02ba2b4a12ca599584cd1e1793308e0d60e18ad85160ca661d44fbbc2fd8d5118ca995afcb8c2ed81c078b77a8ea5b0228c60377435567141179470d7a41a7e46efeb50c7fddbdbd7898d77b69b220387e2bb6ae7324a321106f9f7c2d45e7cf353d3"}
[2026-04-29 10:50:47] Lead stored successfully (both tables) {"lead_id":"012de882c9c47fc668634c415ef18145d87e0e28e1511bad0dae2cbf3f41b42115b7e53d54d11d2a6503f4bdb79c6ab6f9397617d3d4aeef3f9bd440b6f2d232ec0b849420279e22a8600f6f407b9dca5b136283cbc970443ddc30d9c6968d53dc721bc0c527295cdeb688804d06e5c7da"}
[2026-04-29 10:59:14] Lead stored successfully (both tables) {"lead_id":"012de882c9f7c0a05f1b74f37c8392cdb801b017ffe553a6f99bd64111eaec749e19043f70113fa65ae8a434b938a59fca42194599e08411163e9d7bd6ec958a1410c1ff0e5b957c6e803b6e7b2ff37ad01c1df1581e7272c8f4a4e7863b0751e646df45a9d2e0bacd232f94bc295ec74d"}
[2026-04-29 11:18:25] Lead stored successfully (both tables) {"lead_id":"012de882c95815447ab1e26fd4f3373498671650ccd353ef576c98c070978dc849aea4ae828552fccdd7341902a682c04de8a946f46eab0d9d8efd481eba55b88da7b1a365faea75062df6c74eeae6dc883e531f1cddd94c9c3f9f385b5768cdaab73c4bbe7b534a64ed55cfaae52db301"}
[2026-04-29 11:21:25] Lead stored successfully (both tables) {"lead_id":"012de882c9be90e11d0e7d66b63fb04c05bef90341893f81152de86f2b0f09ef065b1e349e85e036a64a6598c89be9366e8ad9ae1440d3c529d71485a30d940b684a0dcb2170b44ae493170f5a5ca14ff795f0d4ad7f340e512d0f814930eb32505a4b3756008af6ce557db73bd20feb78"}
[2026-04-29 11:31:42] Lead stored successfully (both tables) {"lead_id":"012de882c93c6782ee84d90a062f3298ce12f81330578c762b5f9c4176ce704c56b0e6962087c0b153a71b642ab94fa5e4bf63dc501a7ef278c42b7bacf2edc528707381f04da80ba6ff6c714d48232557b69df363570ef136d7e8137410941a2ed7cc4940bc9914df0fe3233be28ffe82"}
[2026-04-29 11:35:29] Lead stored successfully (both tables) {"lead_id":"012de882c9ccaed3eeee17aa74bf355f9f2353cf6fa0b5e4c6d62c1494390a1ec326288c9762eeebbb0bff580670588402b53535ed75f8e0f2088daf23befb06d6692a0f349fdda78037fc1cff8d44751d356a5fc0a6f948cfede8099301194d938184f0735c2b63fd529ca55937efa562"}
[2026-04-29 11:51:17] Lead stored successfully (both tables) {"lead_id":"012de882c963de4464592c5c4dc572f2274df8b2ee8a2c5c596c7018e24c4e9880cf7190f5f5098af1f1e3d378e6db3e7fda3db8c671917a85eb43265eb0d3afdab7236ef5785ecc90db2cb9d289f6fd6b88e712e9830d31519d1b7a8a5831ef6ac31981739e55030fa0d475342aa8d40a"}
[2026-04-29 11:58:45] Lead stored successfully (both tables) {"lead_id":"012de882c9dc6c0bfec50c3ed3e448101ce07ca9ccaf18c034482db28f03b74c55776386bf2ccfd7fa286bc55047c156da907abff1edb548d48f86bd03a7f0da363054ddde9144e351f050bca2bc79b1c874a44f7cdc88002787e032951e0cf69ca87c129ad04feb4e96a163573fbe2d6b"}
[2026-04-29 12:09:41] Lead stored successfully (both tables) {"lead_id":"012de882c9555049ce4289e4240d4d56fc6ac7767cd4a0b45bae1699036217d868307a77f8ea2027dc5359863dd2b357182c5858484069a10de4bdb4521e0af65e6e31708617675fa25d07919368680571482d59d17111ad6faed344f3ebc250d4dc7968036a3f9590216f9de28a675c75"}
[2026-04-29 12:39:11] Lead stored successfully (both tables) {"lead_id":"012de882c9a8f86a33a4df80c1a4afed7651b26a100da144b5c223d4f1b12a9ff2c03a11958dadc106d1447b830ac9397e00d8cbaa01ebc346cf7c20fa59594faf74fb981d6de8b41afae38df55313feeaa5836b191d1fbea07de5acca79f4b6fa649f04f4477815121f130c1aa934a3ac"}
[2026-04-29 12:44:25] Lead stored successfully (both tables) {"lead_id":"012de882c96269fae5ebbbce132d656c1547915b9ceb11c6aae6ad625cadc461e11978cb85814049ceb2afbe20190c0fc89486ae3f58fdbe6b4a8ec513f20b25c5e77a91cf5027b0eba0feb30620f1bb3f4698c070c5f73db3dfe88181511ce1376d8cd86a1d288d8ad97bf5a3c6d72ef9"}
[2026-04-29 13:00:11] Lead stored successfully (both tables) {"lead_id":"012de882c94f1d0bc2baeef935d6b84766e2ab71668a16de2933a3dc81b6fd0e8d657fee1490d4341adefcc22a99d233c8f5f9ffd175115d1e94536af089ba75ff015b95449e5eac0d4995d433d228829383b73329611436f0114dd7670127ec6d67656b8636eb00b4005893088c95820e"}
[2026-04-29 13:01:42] Lead stored successfully (both tables) {"lead_id":"012de882c934a335af0ef29dca19b9ab30e882c40a22b1657fa01a6e67f4f0f3fd1e0ff9fce209cc2523359b4863c0a52cfa0892724aff54739ce685b2d8eba9bea3a06eecd29296375627ba2afbc56b39899d4ce64e71e382aba9f251f17a68b26e3596f4a0b73809f25d3a3418c66ddd"}
[2026-04-29 13:03:31] Lead stored successfully (both tables) {"lead_id":"012de882c90d67c99759d53d5094a512986d490649d5986bb9a2e9b797f897ec2e9e64cfa9e2fe0d9ef451c14820e86d48cfd56d9f02f7aa46b24da4dbcd04fcf20fa16acd0fdea2de9c161d9f9e8c9e6d6d1604c1d1e1883f227656fa8c1228255ba49b8ac7274045d4aecf222ae964a3"}
[2026-04-29 13:16:45] Lead stored successfully (both tables) {"lead_id":"012de882c923d1085eb6b0e6a8c1cf2e1c794b77b12e951ac4b911bc9fe7e7ffbe8692388c6d74d0673942f95225441207936f52c7ae5acc45687d4610224ab4450b3bc35f0c17aedee654dba164d07c181125e04826a9ff5c6f92854c5c4d9ddf62037e3d85a348525eaf5f9d4f3c3258"}
[2026-04-29 13:29:30] Lead stored successfully (both tables) {"lead_id":"012de882c949fadad80676f84f34206551940432f1b73f5ff66266878303c90369cd2d3e94b8a409635e50804880f5257b8dfe2a348859b0f2e8f8c52b08420e7987092b6ad8d84c45a5b095e882be66d853590c9681a7b40952cf78bd2ea73e2aa4878821ede2ba7af5d4f6daa60a7d06"}
[2026-04-29 14:07:09] Lead stored successfully (both tables) {"lead_id":"012de882c9e2ba9329b544e6ff2d049188147c7124e555775744c6785f64da73bcb537fc812ddbe6d55bba8d1944f544db527ff6514fa569dfc76107814a265a4c22da002b60427a389bd6db569d97f76daa5ba3f5f06b2b0a2ee080d939eeaa07468b1febec907c3b666cb0fa2669d6a0"}
[2026-04-29 14:17:57] Lead stored successfully (both tables) {"lead_id":"012de882c9603fcbd6fd4937a8ce4c07310e68ffaa33e45eeda7ded3cb1dec42840ba8b967406a679bb6b4cf87f1d00d6fbd114683b7e917d671655c407cc5e36ff476e11efb5803dd34c5b2521620efd991cc78bea27feb0734151b08b403e0d8f030d996f852c754d748f83edff4964e"}
[2026-04-29 14:18:08] Lead stored successfully (both tables) {"lead_id":"012de882c97c0e976f9894d05725c9b31bc72476265723b52fcfeac970ed271ee9872d6f9ff274ee64b5d133f37a6b3f7953ce8a1e6fdd34e622373c4aa84c58dfbb6033aced6f36e3e630d41b8b846beb22105605b56051286e9705d2297bf4de4bc857aa2e44b96ecb93221df1763c0a"}
[2026-04-29 14:33:03] Lead stored successfully (both tables) {"lead_id":"012de882c970e86fe6bcb4aff2ee8dea76f66ec69e5b2da8a5b673e4f9656642aa49428db016c1e966fbff56bc3442107ba925ccb19ae76ee5da2688e8f0946258c3dcc3d3499bd0a6e7fcda10066fb002eafd471038f803c6e17a25ddc7d9a16ca9ca6aecdde866f9f255a4fe39e45466"}
[2026-04-29 14:39:24] Lead stored successfully (both tables) {"lead_id":"012de882c90ce20a33338b72f2021cdc4b2df621c3aa6d0c800564931c47b64208abfc286263daea19c8913ca6aba1"}
[2026-04-29 14:42:20] Lead stored successfully (both tables) {"lead_id":"012de882c924efb7cde33e374039165fd549391484e8021f7045cbc655707073839a3a6e9177aefb5b301e79aa8888dce81eaa6bd75d31da9e5f013e68b21f04615a869c5c0e9f95ac160afa58a9978e7cddc3636e70a18000f4a240bcd3a4f96a20d3acbcb915cd846bfbd35ac840ae14"}
[2026-04-29 14:43:26] Lead stored successfully (both tables) {"lead_id":"012de882c906a0b49340fcd1078c8a36928b4e0bc959051340234fd9df8a69c7150f165683bf3847ea083fd1dd33fac4f5d37512fcf261fe6c142dbd0cb0521185cd0e7b16f321720b0854ba753a04813f4b7036a3661fe882adb6cace00e67d3be8cc9ecbe33acffd39474f9a8c3e7a12"}
[2026-04-29 14:52:27] Lead stored successfully (both tables) {"lead_id":"012de882c9a0d36ba641810a36793f3a1a64c453071958fd4b707fadcad57cea7508afc7410b5e9ed4d655dd51bb20fd2ee302dff457a119a6afd0096139ae2603d198f84dd3067e5e3e1c80a0d7dab0ff23ea36adbe0ca80608c2db64a56d1946288850d714b275f77047e05fcda863d3"}
[2026-04-29 14:55:08] Lead stored successfully (both tables) {"lead_id":"012de882c95a96c9aec6b75f3f0ce361cf79cdfe7a68038d8316c9063b4b611aed4992b930e929a70ba3f74dbf709207580fde71c97e7ad82b8822cb8158b75792fa41a9f2e94cd1c589fbc5acb60963f6a90e2e45c66597e6599d2541011f630cffd2a73a1d867f17fd595611d8f601c6"}
[2026-04-29 14:58:06] Lead stored successfully (both tables) {"lead_id":"012de882c92c566cdac95c97f8ce8f12dcd0f8ddf17e2e556cecccada4d2a765987500fb430f7627f636f43796df680188966a0a0cf22b9b10682e95f476fcab695543f2fbbb47eaa788bd8c78e31fc78c7c299c20d55e2372eab69be9c63b83a257b5f09be39aec2d0096a58ff204fe3b"}
[2026-04-29 15:15:32] Lead stored successfully (both tables) {"lead_id":"012de882c9444ad32807bfc48ce482f0e87930979a2616b40d83f4784c28e9e7cc7b28f228599aecbe09f3726d31faac95a745747f36514b9cfbf76eb98317179347d5c00db66f809c349f58fce00dee8f6340312b18ab86fec11140fe64b4439f5a653cf3471feced0f571060dfee9d72"}
[2026-04-29 15:17:50] Lead stored successfully (both tables) {"lead_id":"012de882c9c02001f02ed24d07cf064d333212e1d25c6b9772fe2caf62a120704b7640b65f68b4b6f1078ab6705c3fd9e8682ea526cc8fb72a84bc25dd29cc3d772ceb3d7a7f4a6a0444c3ff5aeaa0d938c38a268e8d3e3c33be05b744a00303ae5dee80fdb1f7e4b6be26f6529d0244e2"}
[2026-04-29 15:22:37] Lead stored successfully (both tables) {"lead_id":"012de882c9a6e74e618bf1f6103ca1f896a26694ca02333252aba17c0cd80327c8bca257534e6c057cb43970cc0b4e00a7477a1971ba421e3b1f1a50db760563f47ef8e0a20bb7ad07fa99b828846f2ec3ea1486d5faa6520f90e8a2d002a5dc1cdc6ba5ffefca58549d07ee27f325a584"}
[2026-04-29 15:33:50] Lead stored successfully (both tables) {"lead_id":"012de882c9dfdf346da39f38899630408f7be75706d52c2cbb071f84e6b510dade0198251c009cc2135c9c37dc0599f1847943187192694e8330602cc1f71a59dbd945614347c72b66ab12850c251ec04355ba16d67d19916c8ef8f3ab4c946b63b6a4e80e05279132f534baf3ed05fe08"}
[2026-04-29 15:34:07] Duplicate lead ignored {"lead_id":"012de882c9dfdf346da39f38899630408f7be75706d52c2cbb071f84e6b510dade0198251c009cc2135c9c37dc0599f1847943187192694e8330602cc1f71a59dbd945614347c72b66ab12850c251ec04355ba16d67d19916c8ef8f3ab4c946b63b6a4e80e05279132f534baf3ed05fe08"}
[2026-04-29 15:50:45] Lead stored successfully (both tables) {"lead_id":"012de882c943f392ca08ed9589f7e5aadcd1841cf7118619f44dffdb7b15217f6b9c963141fdcd238d2b0e357123a7e6b9c526643d198c9332d44ee105b36f598155a0f40c471b37d80bcb08de1ab3028ee460b7c55bb2bd3dec75f392ee70274edf59ac1daa8bae7d1bd1bb283eef8ada"}
[2026-04-29 15:54:44] Lead stored successfully (both tables) {"lead_id":"012de882c966a1c9eb6d499988535d8add00e15b6ba6abcd4c68f5ef9148dedb4d61f6ce291fc97fd13df34c3e0211774bfff4eb428d3d5fedb44154ef5244562a1cd00d1e68eec3b612d063"}
[2026-04-29 15:58:58] Lead stored successfully (both tables) {"lead_id":"012de882c9c3232cc17c72c96657c6254c0ab3f9319c623bea9c777766160b6147a0efe04712314fbcc4a1c1a6dd780128ee64c3e0eb2461cdaa2d7bdb6154f58535de8082e18e32ac6973c56f25a21e152faad324fc3e73a96aaa2d53615e867b90bcb7fcb40086ceeef93df0f82f2e58"}
[2026-04-29 16:24:33] Lead stored successfully (both tables) {"lead_id":"012de882c9112abc579c6bddf5e0e175e016c03e80a29f6973f117853caf128bd3433176209199e17c389d539dbce8f88d0eaeef2996372992778c6d87296b5c793f2d8a0c5f0d84b9d54ac5990165a99acdb41d330aaa4b802962e9fb2fc638d2ee0ddbe6b2f899fad9e3d8871e65e460"}
[2026-04-29 16:37:20] Lead stored successfully (both tables) {"lead_id":"012de882c9f16c88f1db505a8c25d5981d3406e60329a0846e36846db18adcc11488e0dabcf244ae9aa71cc4519d75f075d784147ec10bc31ede1331fcad05e1d969fdb482eb7dccc8d7b13f5b5e3f54993903aff884c59b70f5d54c4152b872ccf01cf04fddd0a115b1cf6f9eaf24b062"}
[2026-04-29 16:42:53] Lead stored successfully (both tables) {"lead_id":"012de882c9432ce17abcb32814d5817a90b99979650dfba062511836058172021ec73c4219de3314cd4bc4a3294d55c51f8cded4061a423353307cd6cd26f633a83fd547f724c0af5bb71a2aaddc8934dd6f1c5d3c23b201086b0bb6739207f59186223433fee3b0c86033aebfaa444073"}
[2026-04-29 16:52:23] Lead stored successfully (both tables) {"lead_id":"012de882c9a3a071627c32ea5bf94c46511143b7511e0e3066b469a348317f6598d16f7f742b93885488015331701d52d18ce21290276f661d07df9268cd5d7a5af55b2435a1ce74655e1f2d514e1b54a22c887c9a4a837b7a71f4346b996b61d16cf20ebbafb46588c949f7075b01294b"}
[2026-04-30 05:23:06] Lead stored successfully (both tables) {"lead_id":"012de882c94be88a65e4acd72c64a474bc8fdf125bdc5dd7fb1d1211b6cc201e1a84b91c9a38c1711a7bdfceab862aa5121f327e281f1bb8d07cab7de038d8f0ece28a182ad60e1680a1e713643549cfb8dc8f263c8bc79d2a51ba910fdf34ccdba3cbb10a7fe0d5166bfc9764e77eb830"}
[2026-04-30 05:31:12] Lead stored successfully (both tables) {"lead_id":"012de882c9817cb49b0dbd1b3f3d110ddbde3d42f52b38ff1cb3058692c26d577dacb3f8f58ed6b2771a48a0e9ae63c936e61ab3e6b57fbda1407dd823a5e9775542c311a8ed51405662fc3f12d0e44f797347b1b38469e9874d1aa95b9aa10e427c68775e3c2bc06405df3b74bef054bb"}
[2026-04-30 05:39:54] Lead stored successfully (both tables) {"lead_id":"012de882c9ceb533aa75ce4f6fcb9e9ff32a3a91d0a4baabd308625b795ee33b41b5f1c69d82609024d89d34baf445ebd10327b4ed40f410d91ae48af97eebf537e1bb4b8e8040154e09a950965533f526d178fef2ed48589f039ed9af85e4115fbbd3a8bde4f83c69b8cc3397f93a5608"}
[2026-04-30 05:41:59] Lead stored successfully (both tables) {"lead_id":"012de882c9c79e2e5fb15058f9f3bfe80847b472a5e85be5d2b13d6baedeb377c63b2ef55ead8855b938c3257e5eac86238d32334f0386f52345700a6d8456f72561a4bf841247d369cff8a7e8b175d7b4c7dfba1c848841baa89003b443f1595025777109d96ddbf8233a1b53ef8f73c5"}
[2026-04-30 06:08:37] Lead stored successfully (both tables) {"lead_id":"012de882c96bc1862d215bbf1335b46d6e683c4f5dd4e14e3c818ddb0dc8d3ee7d659c4882104c8daea8fa6f68f210da044bc9670f54d1140e4058b447e7b1c4273e9133db0593ab28ac0716c2f601d30aff5c80cd45ca9ae389cc86ff38a7cea51bf630ffa21a4357f2994a13717bc43f"}
[2026-04-30 06:12:09] Lead stored successfully (both tables) {"lead_id":"012de882c9e453e3478930f3af050c6b22a984944e1300aaa429bd110b02cca1e44b053079137880858e915380c2ceef80616113d033990533198b74f1192b8937170e16f5f10904250d1a6e3341b226129459476f9f75c9d462db7f62592de6576c60aa47e6540702b4e422bc5ffb82bf"}
[2026-04-30 06:17:40] Lead stored successfully (both tables) {"lead_id":"012de882c9de1ccdf063dab4998b8f36a3b46e04c0dfee5e2fc335d9a25d5854e10a9fbd6513ddde0d84a05e5288a7c8fee2925d9531942d556fd17b8428b2f45e17466f25a5b83a0d53d283b2a53adb2de6295689cc394f4dc8628b897ed13887c39ba582e1ab250fe7bb922845c99dc8"}
[2026-04-30 06:18:34] Lead stored successfully (both tables) {"lead_id":"012de882c92142c638777dafb9a1142aa9af6032455597e9e5e08061036f857392c3b6fe166af72bb03b76acf9e3a244e807ec41feb9cbeadf05b9f5518cb8f1e3d8fc428192a4854dd800b9c1f200f55dd6dd637cac54013ce97d0c2f749bfb7a76763cc13b3c3ce8ba281e06bcdb8db9"}
[2026-04-30 06:28:42] Lead stored successfully (both tables) {"lead_id":"012de882c9b2da47de489e8444ccf505cfe01fad910afa10bad83b304f69052e7257301f3d0e99981fadd1724d03ad5c8539352d441f32177d7d960fb2d44b51318e205431b426295e7542e6df7b2aed1ae3e8683cf8b65c6b88ef6d7f15b953cb83436d25ec8b5d32b1ac16303a46008b"}
[2026-04-30 06:45:39] Lead stored successfully (both tables) {"lead_id":"012de882c96cc4bb46f6b37e91ed5ff8055d7feae537216c719e96eb4c15d194fd1ab6f101cdba0be78ffbaaf1d4f86b40befb9f3b45c56047bce5924aa4abd457836c10bf4a3dd758192d90b3b15015401da6215fb99d27b6e19a6ad9a8d832a6f0b2165107c982767339db725961598e"}
[2026-04-30 06:51:07] Lead stored successfully (both tables) {"lead_id":"012de882c941261c2c2f5f5a2bd62a511d83f97d67c1f651a15e2d991875ec5dbb66555e096246e48874421cc6dc5ccaa0ddcc9a4434f17b6d7d90b145b2104c5b3ac7b6d372b027049080242349aa0048eeb998378f9a3a144657258a9e835ec209e63daa4661b05367f2ccc994269469"}
[2026-04-30 07:36:17] Lead stored successfully (both tables) {"lead_id":"012de882c9f47fe561255781fefb73b68dcb8ef9407a88be6c278f9f8e632b05da67ec6b0fc9a59c3e4a27f561a93b51576f23361be09b8cc25e8de7255d60cb956d479f422fe11e9c309395ee0021d962c2fec647b29ba34cb7b270935eeb90eba10372635b873af0181eb16dc5ce89"}
[2026-04-30 07:41:01] Lead stored successfully (both tables) {"lead_id":"012de882c9ce47327b4ada901ee92b68e86f0cb79e244575d7e96dbeaccf83468942ffb7e37359dda56d0e8b8cf73e9df87e514fbef5ad3fdf536dd9a825f175854efa64757e4506a55d4e85e9ad9e3cd6cc9e28dd7926553ff4ed249a56850b93c0878ebc34d83b1acedcbd70155208"}
[2026-04-30 07:47:54] Lead stored successfully (both tables) {"lead_id":"012de882c96614fba76880da57feb6d5bd9c2763724bbf3d1bc0616532fa4cb005b58854a949ac99ba994beaa71c4186162b85cd8fd69a471653eb8286bd0cd69d891d9a33c91f963b5a03babeac2b7f9fa4dd155bc6a957edc121443d881394194e4a857c5c7816e816e246ad21fa78"}
[2026-04-30 08:09:46] Lead stored successfully (both tables) {"lead_id":"012de882c9ee08c717313145e28b524a9eb762f07cb4017255679be9c6e0bf0404bd19d5d1f70f0ef2e96ea357a8c35f9c27558f0471d0f4e7dcafe8d8f3d8f42e32ac74d52d9a10fbd07c613115d79c0fe067419e4071b3b48eb4a197b906bdb054f5a6d4ab794fd786753ce8d28388"}
[2026-04-30 08:10:32] Duplicate lead ignored {"lead_id":"012de882c9ee08c717313145e28b524a9eb762f07cb4017255679be9c6e0bf0404bd19d5d1f70f0ef2e96ea357a8c35f9c27558f0471d0f4e7dcafe8d8f3d8f42e32ac74d52d9a10fbd07c613115d79c0fe067419e4071b3b48eb4a197b906bdb054f5a6d4ab794fd786753ce8d28388"}
[2026-04-30 08:13:27] Lead stored successfully (both tables) {"lead_id":"012de882c9c5303470e15d043e579f1f3324f76148bb57b5694983abc48247f7128a8adce74fdcce738227b423f53e7cfe0c06adde660148545181527bc81eb8e5c0dc214cc8c1d2d71c2589fe2dc3f2dce5afeecf2ab3efd854f1828bcdeb6e21c56c7afabf82e3a387d7cfc10bd91c"}
[2026-04-30 08:56:32] Lead stored successfully (both tables) {"lead_id":"012de882c9d3c82cbc9762a83ec3f7c731ea1feddaf8c0c71cdc1b814fcea10bb8d751a41a950f2aaae8fa5c8aca86ea51b4809ce6066ad4c6a3600d325b6ebe3a9ac46db59966563c548f44c9eb49c357dafbb315089d7aad6256f20826de6cb849d37aa4867c0c53ae2786334b1edc"}
[2026-04-30 09:26:00] Lead stored successfully (both tables) {"lead_id":"012de882c9232df866410499323bb9648721c67c425f0381fcb47396712e511ca0e07bcaebf240dec037046b598831e3c785fb3d8ad672e687595b47d4c936cfbd1ac715137bdd4ff05577bd6d5ab1a26717e2ac2c055523a70d42def687431bcb805fe19baaed2168c45ec030a62f7a"}
[2026-04-30 09:30:08] Lead stored successfully (both tables) {"lead_id":"012de882c951bf05d004793e4e4554e8326e3423c651961ca03e46a8f8238ff0df924a55aea513d1731dd3696ef8084f64b9a8747b3bdbcb7e2007efcc9f0d83d696ece7626d5eeb934473d9a92ead8b01ec3187cb6147263f2149a4e8f20b7739447211acdf86288296e15d812503aa"}
[2026-04-30 10:09:24] Lead stored successfully (both tables) {"lead_id":"012de882c914d7a0f396cc4e528d98128b52d72981ceb5e0410a3422da480035938876b7d21003c2d48eedc77d7ab5a9a542456322ec9de42cc3892a5408b2fecf60ed3cd9dce4e7e5fdb287f2c7863f00f81c111b6be8042e62e6b2532cfbdd0c5cc1f4791613905828d223bd27c151"}
[2026-04-30 10:18:57] Lead stored successfully (both tables) {"lead_id":"012de882c94a4b27f9e76031bd953d92595cedcfd30563d95eec011a85c3f01286f50599c11467900da82f3e290add90bbeff8961e52212d0ac960b5aaedec675956de5365c04da0eaa00b79aa0c8cf082135905663e3cdc928f48c7762ead3f535e665083f92c4c7f8cf9b3c99acf69"}
[2026-04-30 10:24:30] Lead stored successfully (both tables) {"lead_id":"012de882c99332a28254d6bd1aff6221f4ff174dcec7340461e715f89bb6c5c83e533c53dd28d1b6864c26853b09f5321d7ebcdbf95d22951d3efd317777ea63745b1f9b15f458cab081501facc14e87cccd56e46d41713d3c6553886a1bd746300328642fe7b27487e6e9d98856f4a6"}
[2026-04-30 10:33:51] Lead stored successfully (both tables) {"lead_id":"012de882c9069956d0c7000bf76642bd99400ae88a2c94c4e2357f4f669abe0e14683f709e8eb6cbce271794c6efbb3581a0229bc53b5f036204c19db9b9eb88feeb5fdf3eec87dee475193c5351525bd725a2c870fa657b8d6c903dae5e3dd1a1661bb398724a081fd2f7c213b47208"}
[2026-04-30 10:41:39] Lead stored successfully (both tables) {"lead_id":"012de882c9d183f9413108390ee07fd9be8355de8653b28e4477cc23872d05219692d37e801f302be8181a99d45b29611cc8a513229d1b5ae80f1b4fa690ab71c95481dc8cf00a2640a9f21e8a767531210f5e1f28d4b9828d2404e7650477e4e8bc8eb0f892430e6e1fa0e3c874bdcd"}
[2026-04-30 10:45:34] Lead stored successfully (both tables) {"lead_id":"012de882c96f5d9c0d9e0fdd15d87a35c824ba52ac3b3a78ffec6b298b4f4b1998f06caaf9cfcd98c9315a9d7dc79900544fc2bc8622b3b47ec223d6297909aea8cf262f391810ecfbc1a05ed6c481e09f80e5722362419f4b14292841440c23839d798fffc509c5ee0965417b6f0896"}
[2026-04-30 11:05:09] Lead stored successfully (both tables) {"lead_id":"012de882c9359878afd064355f09d4ed40a25ec972073e2eccad5527d59e22fbf5bfc1b8f176b97a5e2aeed0bb4b2ab730b601cfa37e137f6408f8d4886b2ccd5c2700a037509b69fa9424f1d6d08674ba67b64be843d0749e11146d133ae3e03d8e638b6dcf0f9c1b740cdacf030666"}
[2026-04-30 11:05:37] Duplicate lead ignored {"lead_id":"012de882c9359878afd064355f09d4ed40a25ec972073e2eccad5527d59e22fbf5bfc1b8f176b97a5e2aeed0bb4b2ab730b601cfa37e137f6408f8d4886b2ccd5c2700a037509b69fa9424f1d6d08674ba67b64be843d0749e11146d133ae3e03d8e638b6dcf0f9c1b740cdacf030666"}
[2026-04-30 11:30:03] Lead stored successfully (both tables) {"lead_id":"012de882c90a7200e5a8e66a65e3f5686e5bf605b996a1e86588d7bde3d7ee1c79d3e24243b1a45bb108dbb084deac18d6c806a3b66575f48a7460ff671e3da28da079dde09d1334bea35eb855f2d44d7177b3b7ff1d20e0c659a078161d851111de22978fff9ee3b1979ca6647236ed"}
[2026-04-30 11:33:14] Lead stored successfully (both tables) {"lead_id":"012de882c9efcd652b7dd7e5051d05cae11af8f623d65bdf121c1bfba961f4f7a994269173de9ea9a59b9b0f689cafb79cf154c5116ffea3044735243c96f70fa5698cf80f91351dd179c5dca3f522e500ea6595a0436054ffee843133389d5414fd47c377d334d8822dd9442be7d284"}
[2026-04-30 11:45:57] Lead stored successfully (both tables) {"lead_id":"012de882c951d834b1aa5af7a4c7bb1bbdd61928c455d339c95a65300c779423aae6922fe42efd0785433c1c38775497fdbd48182f6300cdf842f2177327bc25ba4b10b4b6311a75de5777f441fedc50b26f402478cbd8a64e7a5d2f12c56b88fbca7db26a414b8698f2f9dc73ec6a26"}
[2026-04-30 11:46:14] Lead stored successfully (both tables) {"lead_id":"012de882c9cf70515a682efc3725165a9c47b3a965694a5c6955b3ea0f59c5bdc083fe473d80b992e1ad442a6272aa299391dd573a564029b23b383c96fd7f643f789cb11e9386a9bd163a70df1f048677693bebbb033462207fcc6b9287e77c6bd7a0a01df9ee3a9c66ebefee0351e2"}
[2026-04-30 11:53:02] Lead stored successfully (both tables) {"lead_id":"012de882c94ff0839de49cb1c9519b7a69194711e88c8b110034f921352e5d9ab446955e4cee82e6402f70daee2ee1b964a8fdd5812bb55a8470eeb6b5ba2fb9f0b8e33e3917286e7fe344f40bb59538edeb86f09fe9f2962c0214fdd10e7e0c60dd9a7a50cdacd1b8243745395afb77"}
[2026-04-30 12:43:42] Lead stored successfully (both tables) {"lead_id":"012de882c969a739d427d0d6d8947825c947a12105e04d0ea8f81a61939d514b8616f945a3a93aa9eaa21fb41396ce8dc90bd7f739aa5611637ed0b6720fc7f1a8c9af662b87313fdd249050d58434be912ae30add7cd5c1c77efa260d3b51761d5c59e7133c78555fe66208b0742284"}
[2026-04-30 12:51:03] Lead stored successfully (both tables) {"lead_id":"012de882c94b17cb8843400c7502787713a8732b82fe0df27e497ee84268136319d1e568b0d4c3962b0b8ef429628ba0e59708ff2464d534c1ff5b9b2c971debda4a88505c1ad1781ba934fdfd2cc157aeac57c57718b48b459fab10d2030748f53ae5c1fe336c9c17a68bbe9b16c000"}
[2026-04-30 12:59:48] Lead stored successfully (both tables) {"lead_id":"012de882c9b86fb90191f26a269cece7f2f13a01674c1ba8d9d7b88481289d9d65adaf4aa78f777849da8b56c45cfead527bb0d06341644bc64d0a8920b11cf5042d268596f902498e4f308650d0c9966e45f4cac42052a0328e6181d18dfdae6fcef2bbe1034e946f2f9bdeca5b28de"}
[2026-04-30 13:48:06] Lead stored successfully (both tables) {"lead_id":"012de882c9761b1ca6eed8fe34335acea71f3c7240a37d620d3c5cdd7da89d5f887f8fedde5d2032a01f3efbb96abc489575457efed5303edf8bce5a78a781fd2febea11cb44b6f50dbfb3e2b0de28a58265772cc36c1b934b3a1f13516587f883da84a87a59aa2cbbfff73c923af259"}
[2026-04-30 13:49:31] Lead stored successfully (both tables) {"lead_id":"012de882c9bbc12cf54bdd58a29e6dfe43a029d1c21acaa7c14e31c530086577b3422b75da9bd2ae0d23f14693ceb07167d2ec102e5934db011799685fb45c79cc0051efb255d00953279db5d491215f6df4a6144ab264f47c9d266a515789cd5a76ba44c54126105f84f2dd5a779c14"}
[2026-04-30 13:53:59] Lead stored successfully (both tables) {"lead_id":"012de882c97ed4e5eada1a995e9f562a225f20ce7dc26cf5b5ebaad4ec0a419ab2df1ba30136c00e83826181f6da87485cedbdfbd3c31b96cd1fafe35780a886c8119f50ce4cb3d5ff800e13125021fc21069857a3cf28b8ca810c6915b5296ea1a813678aeab9207994eeffb9bc6c9a"}
[2026-04-30 13:57:30] Lead stored successfully (both tables) {"lead_id":"012de882c957f10c3a3dc0b91f55a9248b12ec9adcf94938f1d1217f224e16166f6c2620d298717adc7571bc24e41fb694d2b025c86689e381135c05f340de253d9a921447eafe0ffede0aec922dc6495d9b9d3d606963473cf0b9e1e5d8a1d2510995be88cc33477f4e5ca574279ccd"}
[2026-04-30 13:58:43] Lead stored successfully (both tables) {"lead_id":"012de882c95f9df268ea85103e36718b34474164795a553b15c68120ff471c698c77e536f969e79c8ad5c9b948095118cbb31aa8131633f78815462c9f27058d869ef9387895de6380dd57351beb5f56c48995a275c02bafb066214ea7b758c7dc629279ecb9e561777f9bb342643d3e"}
[2026-04-30 14:11:42] Lead stored successfully (both tables) {"lead_id":"012de882c93079b78b89df06f1dd47be347afb2511e485139e5c10828fe6c036dfa98c636e5d42a47aea6b756c7d938715e954082a8666d9c2e3babb8cd4ab3947dfff25be82a46050c0290f01c26aeb03d5404eed14de98964e6f0f11220924a0eef094977ac00eea5a53ad96474d12"}
[2026-04-30 14:13:37] Lead stored successfully (both tables) {"lead_id":"012de882c9ed2242f5cf26093a74109aacf32fa126a75a44956cc28ae40deec770d0cf95a87899999e3df68a9e9b12035df20359eaec5deebbcbb92ab31eda4b49e07f0892b5964daca66c2dfc336fc5c3069e8ee6c175f37100c026b047f3e6bcde922e9cd39f0e3514312d200629b6"}
[2026-04-30 14:23:35] Lead stored successfully (both tables) {"lead_id":"012de882c9cc1261f33a1ea91beddf0d9c4588a7984d26b7673612ff0ce3f3f3c64a026aa56f5c406157d6eb85959fb03eeceb0c1c0056164a6c7a65a76252865f1089a9bcf5cd4a51c4c906f59a5728e1a1dc78f941783d06dee05ef8b823a5bedfa268ad2302161c6f171d0fc8c3b6"}
[2026-04-30 14:36:48] Lead stored successfully (both tables) {"lead_id":"012de882c90c7d57ba4a98bcc9eb07a8ffb8b7fce056e91dd2f2f98c3cda4bb21cf4a2faecb2ae0ce8e1ac8f5bd099261571a99e77509d61740b2fcf130aecf38cbec394b384bec6e0a10241411874c4af9cfd2c18ba59e21d758838de2b7f3d1fc7d9d6f4bdb9a309a36ced20a1e19f"}
[2026-04-30 14:56:53] Lead stored successfully (both tables) {"lead_id":"012de882c91ca9ac9036ba84e63b7e9876dadb50f70ac5b42f91e86fda43eb0fbaaa9a156f54259d63ff06e4a5d2e5ae3d23e4817b62dcb02b00fe0d9b3fad02cebd5fee02d9f3f80f7cae9c227156abc239e247163b7a07cdba143b582b96a27e6f1f72cf1cff6ff45a983569d8ead8"}
[2026-04-30 15:04:25] Lead stored successfully (both tables) {"lead_id":"012de882c92d2b8a1d7085b5f0d51532441bee23935ba30303dcd36b761e35ead264acf0a81a982693a14336e7b3610ea3f1ce491b45efff2a16f87808d021dcfc0e1032b62d0a3d4b95809ddd08c80972b5b9d0bb1c7682520ec60e7d924b11bc0d6e482f49707a47b8d02cb1fa7545"}
[2026-04-30 15:33:14] Lead stored successfully (both tables) {"lead_id":"012de882c970d0ead5797fc05d03f076793f3ba4ad5724cf0367c9fb2575e5d1ec60653828459906e902ef122cd344e3b301a120322042bb1b40c90f2e5bd9a65e5a04f88fcce4272044f6ba0f22e6d7e0dd8df0c8375cea88f5ab453fd0c0e925784fd9544c6360813f885383dd6c0b"}
[2026-04-30 15:48:25] Lead stored successfully (both tables) {"lead_id":"012de882c935f335d4c35fb22b3a1b240a2f7307c3cd750fd505feea181132b3f3b37856b129b1fdb59a087a8e08db48cba59f0f0ebd2f7c23eb9134709d4cd6f4742ff9c6264705392d44b1eea243243ed6c18d9c988f32636194050033a812c63d673e921010e83f598142b1ea90f2"}
[2026-04-30 15:58:58] Lead stored successfully (both tables) {"lead_id":"012de882c9a87e2ab19a8e852f4bb8788ba6a58578416133e017a3068fff98a32336cbbcf39c213dd56d80d2e3dc67626041b4330ee4d42c8e0647c27f6820dad75b36f18950b5daac6c50878bc79a5a186a96f3c22ef08be2c29ddc1dc74539f486e53e4838d316a08fe299528681bb"}
[2026-04-30 16:01:40] Lead stored successfully (both tables) {"lead_id":"012de882c9741e79fb4e9aadccd5a431f60f0c6a5830ebdbdbe367fcdfc97680889db12abc88924e67e93f01e2c1367e933391df4a0e4ec6eeb08f7307f405886837f9e4bf9584cf7752b58166bbb9916fac2523bb08b3a75a11585e0799e42ad67f54a7588491fa650c80cdf81f36b0"}
[2026-04-30 16:08:50] Lead stored successfully (both tables) {"lead_id":"012de882c997b3ad9ee7a50e0308b186d8041520da83c77d0b03c8b9a7820dd3b3691daeb533a7b9c4338d879c88c1fb1bc4589f1188158ad3cb35c0a3cfc8925033e65ca76d390f5996f9d7cf18525ad9c4f47988e4d11832ac8af4741e4ab4ed1a93bbb4e29b0d89d5fbcd98431cf5"}
[2026-04-30 16:08:53] Lead stored successfully (both tables) {"lead_id":"012de882c96407b2e84868c13e409d17f974d6c4f6df4a315122dd58c99f485277a2bd125b15a4a4122de7d10d955bf821cc81b17b0a185d966d6dfc9a990d8a83a13af125c30dbc3ad6438e619c83dafbd52d0d9cf3ffa09a12cac8009deee4e9ee78defc03cd102a17802d46e38188"}
[2026-04-30 16:13:35] Lead stored successfully (both tables) {"lead_id":"012de882c9f9b8e11c1b1201bea7a65f78ba4f773ce21746ef7d25e92103a0f4d0bc9218ea9b5f5858b7714c02ae33196cf85647b9cacff088e62ffe11b9ee3531da789984f82af2b9336961"}
[2026-04-30 16:29:31] Lead stored successfully (both tables) {"lead_id":"012de882c9a0c4245205ec0d6f916ce65e0cc54fa57a8cdade0217d39e69d4e04445250b063b1bbc59dbbba3f4cce0454f446e54982dbb1c454e23a19bc95cf943be968891aabf7af3aa7a9d5519124a81d2d5c878aabd469f9f7e7d5c107ea034b0e5e4e1ff13bf045d2f36466b74bf"}
[2026-04-30 16:51:42] Lead stored successfully (both tables) {"lead_id":"012de882c92dd2340aa5de54fd3ceed5d81794c0597de6d43152b168f611abeb2ac012d805f12a7841ac133ccd2e297cf1053fa5f07ffb378996c80a597813e1801ce31c8dbe0d9d6209d8d0b9c213d28c6912f6fc7c73cd4022e7685006d95b03b5f130d297d74617c9396bf7476ebe"}
[2026-05-01 13:41:50] Lead stored successfully (both tables) {"lead_id":"TeSter-123-ABCDEFGHIJKLMNOPQRSTUVWXYZ-abcdefghijklmnopqrstuvwxyz-0123456789-AaBbCcDdEeFfGgHhIiJjKkLl"}
[2026-05-01 13:42:19] Duplicate lead ignored {"lead_id":"TeSter-123-ABCDEFGHIJKLMNOPQRSTUVWXYZ-abcdefghijklmnopqrstuvwxyz-0123456789-AaBbCcDdEeFfGgHhIiJjKkLl"}
[2026-05-01 13:46:09] Lead stored successfully (both tables) {"lead_id":"012de882c9327d15ad1b389afd1b17bbe4eb3742f13fd15c2634e5ef930e47c94a7cadfa2c9406bf6878b44a7dabd325d4c065095cb1bfe0d42725b6cd69453d4e49a314d594634b9afffd1206a01fe455920f04fc0f69aa108ff4a7e7def5549402fbb2c6c0ca98f6e231f7115e0694"}
[2026-05-01 13:48:42] Lead stored successfully (both tables) {"lead_id":"012de882c9461dbbe9cbe9655bc03659f9e37303cbb9cf3c939c1d5220be42dccfe01b62d168e632a8c30efd8dee2990fb7e5c4fb6f10e38629b29c036bef3f3bd0a3c36d77056c65d41cfa27e0255f38ea843ed8a9105639299094b0293d03fe0b0228283ad0567286e29611ba6f1e3"}
[2026-05-01 13:56:36] Lead stored successfully (both tables) {"lead_id":"012de882c9ca04ecc0d24951751912a7f0bd4fe12694971cf25d4901d0e097bd00972d79eda8a4578b6e5625b6683f037b65615fffce84cd5fe4976faa7c3c9a4ec39043286abcb753a6c10b01b6b378042c3e4e1394b272fa84f5009e8bbbc455d02874d1256b7b3cb79604dd45c4bc"}
[2026-05-01 13:57:27] Lead stored successfully (both tables) {"lead_id":"012de882c9a146e59b186bd4c50eac015b1a2d205859a8a1b10d05b60bad82a79b1a5b12e75ee7998bbe4730bf9604b7e2c90902e92f4453f7878bb770ea951a19b302825972fd5cf7ed8242860ff144dbc7e0b167d690c044fa8ca745c2af58234fe61ee31dd932ece6cc40d99e52fd"}
[2026-05-01 14:01:59] Lead stored successfully (both tables) {"lead_id":"012de882c96930bb5064b1e58e569890c2dce9ebfa40645ca469ef6f511487a7772d05f448a1c75c3f251af4d01bae0131ccc57370fed58186d1e2652b3d0f50179f6ec03c5368fcd206e4cebed06f3b8b46d4b318b6eb91c2105cb30d558eabdc8916594ea9b4bf8a6a1799f6f52d23"}
[2026-05-01 14:05:13] Lead stored successfully (both tables) {"lead_id":"012de882c94509207b81bf38c63588524294bbffc623bd53748ee6e7ce544f09d4fd74f75818d1857f00f6256e44280e72b04c54843165f0d66948dbf1b8aeb32ce53f2f0c8152c7a099ee0714995d6df73d9366b274de1a5d1d5dec70c88ba3c139b6ff4143baef6ceb07f1ae930822"}
[2026-05-01 14:07:07] Lead stored successfully (both tables) {"lead_id":"012de882c9a25b42bf5ee6368155b37ff68d8785b36d872bed74ab74f05f6718a26b00532620096e21f9c466bb6fff1d7ce896924ee271b2ab5479aeaaa4429ee1fc12441208b1c363f8db20163b3dc310f26e521b6b11d658097ea5a822027f92ea87137c0e13f7f96257cca413110d"}
[2026-05-01 14:08:36] Lead stored successfully (both tables) {"lead_id":"012de882c9ef49ba65507d0aff066abd3c8256071e0a3f9c5147a8d9c285fa9c6ada20f3749a4e61f08c823c90e3becb0fbc6f65012b32f4636332afcd0403ba8a4225ac3e18427684606de3a4e801e02f8a58b9b281fde4bf18bf73f273010318bac9a3801bb51947d1fde935dcd281"}
[2026-05-01 14:13:00] Lead stored successfully (both tables) {"lead_id":"012de882c9491c030a0ef728b1efa0231c08fdbf88da8eb8d9ab8fcbef9636f5d8ef6c373ea6b5abc08aee97d6a90a13b0b3f4f9b6997ea5e5f1f780b6cf5a8f45ccf79aaca78bf04e208ff0f95048b443043d5e4f72dbcaf1b57504f9a78523508554c8fa829b3e22fcb4771a914147"}
[2026-05-01 14:13:05] Lead stored successfully (both tables) {"lead_id":"012de882c94f0dc20c934ba41d59c6021b7534a9e0c8b48a39f8024caab286923bfa892877c750b0cca529a37b0309771a90592e6d5d8de7cf69dc857fbb67382257ea2dda5644328e2479cf6bf1ae9131fc38c76d18e6456f2276acd030cc470ece5ba9ddb58c52431b93f827a491fd"}
[2026-05-01 14:21:22] Lead stored successfully (both tables) {"lead_id":"012de882c90e6fe3f97eb30740a426818071ff231d0f5fdce9c4dc5cb30040c375bd177624bf54c593626e46b700540b2ac2cc323cf12e55bf6988937dd9f9439fed7b00c27b0226cac9e596eb156a4135bbc65f186777aa3773a749456eeb7ac87894c5b60829011e6970dc5125eb17"}
[2026-05-01 14:33:45] Lead stored successfully (both tables) {"lead_id":"012de882c9007b61ef77da0009054e77b4a06f411d55f0b2dda5cd8bbc89c431904c1a462b989e5582cf3f0725325a54c0c55afe185f73259cf75dd86ac9fae8e8f510fdd2fee6c3486e651e09bbce087352c8eb950ff085fc81b27364cee5b2e24e9f19363415b8b49a1de39aab3895"}
[2026-05-01 14:48:00] Lead stored successfully (both tables) {"lead_id":"012de882c9da343ca8ef38fb9d56be6d2cdaa838532b2b5b79f5071b6933a5c4d9c9dd1cfeca4b9268c41e8229109f5d42ac09f707392e15dbfbdf40b18b6a0b86ca5357de08322d90032a26b10eadcda73ef6ced6713872735b6002a9fb118fe78ddbdb795358a19f9d77fd1aa74dc8"}
[2026-05-01 14:52:43] Lead stored successfully (both tables) {"lead_id":"012de882c9b517b4780b6af10ed2277f55dda67433da1ac56878dfaf7ed9c933caf90d27fa36f92132721a90a6174b8d3fd93115fe71e7a476c6d06f04baa13d4143c1396b7620356a93909588a254fb1d103d53581c32d0c3d7151a631e3a1576ca58c582895eb027dc0884763d40b8"}
[2026-05-01 14:54:48] Lead stored successfully (both tables) {"lead_id":"012de882c977a69ded95b9a886fc3398747413a99bb22cc00bb8b3fe668486cb7c1ab80f7171f4401893774070ba0dcf8fa6c27013dd1b8659a81e0ea34b5f778b05fd272a8bf0707b9e44b926b011906f9b64f80c3865e4d484ce44dd37294df63a2ca09227a45476c78c9b8a022c62"}
[2026-05-01 15:14:50] Lead stored successfully (both tables) {"lead_id":"012de882c93a9927338f1e3c4a99212ecc581c13048bf4274a634ad56f96732266e3abc8d0fe38d673493987db14f6b19b8591977cef33a5e333b415a823223185d112dc2a93033e63dd5de1e1a6b9510f6181091e9c8a508b1b22e59573810d1508bb87df90afe2e0939e3a67cddd5d"}
[2026-05-01 15:17:05] Lead stored successfully (both tables) {"lead_id":"012de882c97ddda5f1ccd4f56f75a4970bda656eb7809ee02999e2461191f783ecc73b9038d5871f75b18dabdefca020a7545b18e95928fe42ad507f648b420080a64d09dc960608f25b65a7c1073c1ca9f2fd3d117d18349abb7e127aa8e09afcdcd5a4bd830cd87385ac40edb64f82"}
[2026-05-01 15:17:08] Lead stored successfully (both tables) {"lead_id":"012de882c93f17636316e4024a73a22a90bec548c5246fe4f448ac7aa4b731deb4a106c1857d4727305be2847c779755243e8e9bd8e178bead5935137d5176b96f814d94e9ff0685b11952d2fafa4aba1297b7692e89958011a9f954b026c02468ab1266eea62dbb11bc38e35a8e99f7"}
[2026-05-01 15:24:34] Lead stored successfully (both tables) {"lead_id":"012de882c9b86e2887fdfb920e748871124283ddc86dd01347468ba38a636535960d446bc7666ec704e1eeb60b444c17a43c3d1f4c22237f1199673ecd31d9ca9af2d667f231aa2a73ae2dbfae4566bd948ac2abf02de91cdd92b9083cdce0cb988d34a500befa9cc9848c518221641e"}
[2026-05-01 15:34:27] Lead stored successfully (both tables) {"lead_id":"012de882c92c96e95fac8ae9e2f9b337ea8ad02807b5cf0bffa817ec4c90052e3729033384fbd1cdadda803092e53a303d3aa184ad0e50e61b7a56a6e48c635a58362371829cd7ed58a2ca427b5903214d848a53eb026c06a386cbc877ec7f3d6fe81218eeb90fa6507b21202393750d"}
[2026-05-01 15:39:45] Lead stored successfully (both tables) {"lead_id":"012de882c91a5f835328f86c44cfb8217ff3e3509fed5c12edea57b0c504d72fa6378d6cba143907038920aa2b5e839ac8b1ddba24788979bfed3f2c9ad2d35436dc72603457fb46253a6ae5a556ca7f0a06ad725ab6d722dae8b64443e45e11164b564d37a74c3c10e15d722f263eef"}
[2026-05-01 15:50:57] Lead stored successfully (both tables) {"lead_id":"012de882c934b4c40cf7ec22b58b5973e8f05e3f5168208efc693415661d3a11ebea4cd4a18db1de328b73b76f1026de318528810863657fbb1a868547d089aeea571f62b371824a6b0709aafd45e0b804b96013b0b38fba3c4222bce0db3d481799abce4f74236c7554b0a65d66b51d"}
[2026-05-01 15:56:24] Lead stored successfully (both tables) {"lead_id":"012de882c927127e40b78dd11649355231c8fa706465e8ec905b8ff4b0b2e56b95ff83121deb45bd330206be2b36dd523b6bc39d7a07063fab6ca322e34018589768113a44529439644e924b13e71ad613f01a229ef2db1a6eaaa039f40dfb7d97c45269f718aece59ab915d4332795c"}
[2026-05-01 16:05:04] Lead stored successfully (both tables) {"lead_id":"012de882c9c71d01109eeb5b46abdac0c9b5ee6ceee9825279f7001f4c48a0fba5c2e91d03f6792691af24f9d3d26803d309beaa1b504fa9193bbc8ab24ae4068bcc22b7a58fbe3d9e8cd05d6cd0a8d737879fe284491997841efc0f3be8aeb08336dcca4052e5dfe0ac28cb07631f15"}
[2026-05-01 16:43:59] Lead stored successfully (both tables) {"lead_id":"012de882c914995738521a4772f0586d0143a25a47b9aec542bc5f1b3cfad7aad40d97212c33cae0254546f18668730960c19738bcfc0fd716ab299e3d78fea385709f1a8cebabd1ed7a078267af4f3e88128d928fa8b47dbd75cf61d8ae2a924e021eb64d86f0fd460783bd66297a83"}
[2026-05-01 16:44:58] Lead stored successfully (both tables) {"lead_id":"012de882c9bb9f1beaf68d0b99262cb16885fdfff64a4a4a2365ebe57e4c35219e30d8e5cc2e06ecfd469bd1c687f8349c83e3b7f5383545ad3246980fabf0a40686b1cee64348652cf27a0aca123e614d37960dad930751f91a3e3e1221f1abf126ece872f83769ae9c8ee877dbf7c8"}
[2026-05-01 16:55:02] Lead stored successfully (both tables) {"lead_id":"012de882c9ec99ecf0b24c1877a418dbaf2fabb5160978a018a4886622bccad0bf3d03724d9d0fdfb595988498272d"}
[2026-05-02 05:05:47] Lead stored successfully (both tables) {"lead_id":"012de882c995c5048779c0cefa85d0278fd79a3ed376d4b218f887d219bd285815a2f7c03b12b60f4b0d27c8651c15f3b362a90b34dd9548ec870c935c043d620114a54a9eb8abfc0f91a3dd824c90df86ea9a732cb0c1bfa684bedf12c71586ed4ac35a67ae6bed4fa4c27b4acbc71e"}
[2026-05-02 05:15:47] Lead stored successfully (both tables) {"lead_id":"012de882c982e78268b9b0521c8308d15f6e08ff95c7ef65474837e0a2b435d309fd25c1e2043297fcba74899259b0237180a9e935ba29410c33bd29bbb3fed0c251cb3e70322780053b47c45e4ebc88a803d4d7ca32c2d3fd4ab3f10c73d7a3c17e080f09c81fd349cdc6a481b11589"}
[2026-05-02 05:26:57] Lead stored successfully (both tables) {"lead_id":"012de882c9b6c5efd24cf6d0decfe3353b668196b340825c27a2a0ca92cbe6d85695d1041207e794811e2c763b0b49c0046115817ed138f7b87ebd52c2940a9338b2505686b3b98e25e0b0a2e4eaeb961fd3a93cc71ae06b17b3af419b11dda649bf827d5a1d9e2548d918915c75660d"}
[2026-05-02 05:30:28] Lead stored successfully (both tables) {"lead_id":"012de882c9510fbc4dbec9dee5a48a25d7d6e6b324746eaff581a1b5c03e282d72898ad3d52b2a249c58850730d988cb30c6d5faac510dc19cd47e3dbcfa28acb60f3bb709208306bcff42a017f63c08543a8218547e354643b5818bf0b6c88de2f8e401ee046678de667c21cf405a1e"}
[2026-05-02 05:34:33] Lead stored successfully (both tables) {"lead_id":"012de882c9486e5e2b40a3baa214299d6c38999727a9ca6e7ebf5ace3d8abe7e4436d59c6c3db123b3977c21cd78cc0f3d8a05e89a3426f6f04f3d2e9c43afd2f544272a56cbf9f6b358f8a6d6e8662e00aaf494ac35e57d5dc7e9d5bd4a7e80df3d068fe15173f11c521acc495c772a"}
[2026-05-02 05:46:28] Lead stored successfully (both tables) {"lead_id":"012de882c902088d5f300b0beb4423ffb0c4e1a337cca4bf76afdb62e2685616d93cf1455124c33366db752bfc1cd8c1b25764699e797a766c056c76517c6ef0276280371a7ed6c728de406fc77d0037e15c3194c38a3a1bbf249209d72d2f5b31b7e0b63962ff9e9279f445e0039082"}
[2026-05-02 05:50:52] Lead stored successfully (both tables) {"lead_id":"012de882c9874d9cd526a574ace46d2be3bd7933d23f2ddbfdb1a92e5d6b1a33bfd97085ea58f9ef4364206eac1ebddd863441acb6f3e8393115f06bc6df24fdff88f7543c77c3a35bafd7cc95fd24feac8000ca7691fca5ac57309b21e9849d1d3dcb52f0ef2cc1ed3d838a32d0248a"}
[2026-05-02 05:58:26] Lead stored successfully (both tables) {"lead_id":"012de882c96f181bfdffe86262a3f9f865b72d0fb378eceb9e64a7ede8cf73c8001d4a60f7a2f989a565af2b5832b6f6cea62c60d904c3f0642c19623fedec6a431239c49e4ca8adb2aa5188d8075190a9d91448e34a9b99d8bee8f95a216e54b53cf52482999f4e1b347f29472a9e1e"}
[2026-05-02 06:02:09] Lead stored successfully (both tables) {"lead_id":"012de882c95809c889a71958b4d7592512730f0dfcda20b9a3c442ee7279faf699c7e71e15952a17f8b56643e45cecc5c8591c201878d9993c9285844bf14d80e570e55fb0662813d21c3bf3138e165e0a14b3cce8f8da6b15fad95fc21cf12e18f3cb6dabaab354ae1913872c2db35f"}
[2026-05-02 06:24:22] Lead stored successfully (both tables) {"lead_id":"012de882c9c4ea2cbe207ecdc02cbece9bdbc5054d65b2630222a73156bf22c3b9383a0609970c05c2533a510f27e30b54fe7923178f7270580bcd9dc40f5e87047912d992b6adc2695ba92b4bc8b7b1bca41e62797fcbea9a6cc98709feb7c8dcecd4fc97b7e785cb62ea35e43f71de"}
[2026-05-02 06:39:35] Lead stored successfully (both tables) {"lead_id":"012de882c90e6ba6ad5469c3e5b97b7651cda25201d3c1f8ceecb1a1a7f7216e67957ef63329d700eafdf0ed9758571c4505dc31f4d2263ad42dd3489ff3790220f4d4ce26732d0e106fcdb1a92e4fc0b7a568c536a1239d51be83965a42d39edb27bfcffbd3e2f1b2023c99af802c67"}
[2026-05-02 06:47:26] Lead stored successfully (both tables) {"lead_id":"012de882c9ca1c345c372a5767a0a26a8b0c9094d2e12817f0ef3dfae29cfc321144cd04c02f083433e6be6ff8ca5b5836628ca7d895ee68b52f2c7d1f00a451b6b050ef70045c11089261224d1f39aeda5cc5e5db45c0cda5e69c8fbca330015356d19a8f04770914bb4a299b9c8d1d"}
[2026-05-02 07:05:54] Lead stored successfully (both tables) {"lead_id":"012de882c9dfb732001f71efd187429df9ec344ddfdf8e8746146fe477e0c233b549caf3a65fbe571fb5394e474a33a7c0ff9baf972df79e5cb7ab60a41d09d6675fdd8f5807564ef742e1b3f4f3da7e8fa65a8463ef5917087861c5e560b03f54fd7f2463da69171c765de3d9d03508"}
[2026-05-02 07:40:14] Lead stored successfully (both tables) {"lead_id":"012de882c994e9d86908680341826706b0b5810c681a42fa99536cd9acd690edef8d277e1486429b3d1e1418cc32be829ef366ae490e11c8e11b16600c748017debbe5c4daa19112f51ccbe0b7e9f198d547fd65efde98ca98a0c97e8146292a18ff83a45d2956a4d908bef81908bce3"}
[2026-05-02 07:46:25] Lead stored successfully (both tables) {"lead_id":"012de882c9cdd05a5a0cc9756b6c2066646b9f0feee88d7cc4293a176eb22d8ece7cf1f30c3dff3a6916b1ef1466350df6eb27bc763152e0acf489c7872237bd3d6d7248c5a2aa26d0a4e3053631a81d70aabccc50c4c3a19cb273d5ddeaa8e4a5ca6dd3991e0007cb507c2f5fa69cad"}
[2026-05-02 07:46:26] Lead stored successfully (both tables) {"lead_id":"012de882c9d49f403c1f014e4f5737ead687562a9e6187eb43515e5e9f95faf1b000d537e044a89803aded5d70ff8df40923af9bece91a2aa0d8aa5a4a7afe79080d38ff7a65c490b004771734106d0b894c1e339901d676a31ecb9dcdebcf9745601b2a043b616bbd3b13be2b27c139"}
[2026-05-02 08:06:27] Lead stored successfully (both tables) {"lead_id":"012de882c97e0e7a78024474be87c96fbef8fdb28e6c5a36676f4f9f535e45219c437edbd00222892088925f77e6f6c8391a0823c24dd01ec0c1bace6ce56d67e79628676ce6e6094bea1120bd01ef215faf5e14a3c3f66165496848766485aabc6618f3991b15092a22b2397fa73a17"}
[2026-05-02 08:07:31] Lead stored successfully (both tables) {"lead_id":"012de882c91ba55a0d9ab11f2eeff4bfd686badbc83edb4cecddbcdafad010ccfcdd40b26aeedc6e6d3684b024d133b540e481c1cddd289f660b241ba3d3bb5fd48b1cc9f15d079a564bccfbaf08458b7b196fff43929c5fbfb5a59fe07bdd31d1bc0c283c60ac21af77dd0689a3177a"}
[2026-05-02 08:36:07] Lead stored successfully (both tables) {"lead_id":"012de882c94c4e63ba573da67854b8551db03bdbce850f27246860ad73f2fbed493025d3dda80d31747aa57f8f71cfa0b65f15a5a6c2c72b63fde6ccd2f76cb219237ee161f32b48aa152cf1271cc7c835e8df865b1043c3f9468ff744c6fc54de34c13ee51f0e4fc0ce75a17f50f573"}
[2026-05-02 08:36:55] Lead stored successfully (both tables) {"lead_id":"012de882c980915f208bf7055bb15dbf60ae26ecd043c4876d1d689231418e8c2baaaa0632b35062c744d63d64c64f31713185ddde3ca1eb69c51f010e552a061199bbb6bda83bb8440438f8ffa367d650a277c2488da377ebbbbb96b9bff37c8e5e38d8f6d0e3bf3e1cdbca1c0ccd77"}
[2026-05-02 08:42:54] Lead stored successfully (both tables) {"lead_id":"012de882c929b84fc024b821343d1da1ad6a9657a1970d64d773cfa8cec3c60677148ef90b4c0933299b09a0428e8ea0b38cb0a583633f1d2d7a48236a477e1c8df5b809880eb6fb8a8cc4d4fbaad35312ea71cad7579233a39ea17c8d5f8d3d852270215bf6ec29b3d0017ef91a1823"}
[2026-05-02 08:54:08] Lead stored successfully (both tables) {"lead_id":"012de882c9f5bbed0321dfc94ea4564c87afb9a81cf6ec3993b92e216c769a217b791b00c94b4c79cf421d098292304d139604218e78b50aba1bde58021ea718513be87a3be1fbe7472b95a1b979d1875ae5956d93f9be649573258db34ea83a32cfae0d78e6dc9a442b6925c4b3583b"}
[2026-05-02 08:54:34] Lead stored successfully (both tables) {"lead_id":"012de882c9104769063204515310e47834d3e2a1703ffa0eda9d73984483dc86439a71781f86bba1ee2e3bdc74693eae0529db1dd195eb5a95e2cedc8845f007760170ad85cd580a88c39ba824723d2cbc8530ecccaba6c2e254bc17eda848f7004d3b0b8f7d8f74e64aaa49421aaff0"}
[2026-05-02 09:34:14] Lead stored successfully (both tables) {"lead_id":"012de882c92049884ee64e6a3cd963f18401ea7f1ba275eb5eb521f40e296789e15653a8923d57db546248afa82f632c3512194d7f41bfab56072b911bb26194ff11fda532833e4279e998515b5749ea4f50662b35a9846e391e135be394ab6d30ecaafbe2d9df8ddf498d8b1359e4c3"}
[2026-05-02 09:35:14] Lead stored successfully (both tables) {"lead_id":"012de882c9c90cea0aba0776bd47e397af7737be788b28267854691b8b05076d3d8df355e49b00b1625742301596eb443434e12507322c61826dc6039275e46a829ac50585f9398f0e16f99d302f5f78be09e65a8253d2645358ad05558776554141d720d2cebbe8190a2447aac406ab"}
[2026-05-02 09:37:51] Lead stored successfully (both tables) {"lead_id":"012de882c9c7730cd74ce2fd6c9f4ddf2841c435a51373fee691098ae36683bd6a3bd6fe0de0463ec17fe5da5e0fb9bfd31fd539adcec00ca2f63817b351ff2bebb65eba913d072e2b41afd1c00d0fd5d0c6befbe106356d4ead96b487f7d664f0b8a0b73228d7a11094cd266ae20f54"}
[2026-05-02 09:38:30] Lead stored successfully (both tables) {"lead_id":"012de882c990ad473fa910e6fcecae2bc654e449f8c1601368fdb2a59969bd00f11ab2876e0a0324856144f9f51dd31809ab7b3705fbc788fd8acb46da6f02ad0e6ca4a5d9d8ffad190bb776fd143439a02df6bd03a3876172d6675531bf04e4d045eacdbeb55a3d7977544b23409262"}
[2026-05-02 09:51:27] Lead stored successfully (both tables) {"lead_id":"012de882c916895ce8ac2339530e9ff770fe979651315278467d707e97e1404148d4044c6a24093711d4dc8fb54ccd9929d29532ca1bbe7c4882e5a202a07f442ea5530434f072cddbd6a6fc59e1375e7f95c89c23854e84ca139fe5138f65ec37580bd8f4b70781d74693c52f837165"}
[2026-05-02 10:06:18] Lead stored successfully (both tables) {"lead_id":"012de882c98b67546a8826ba58da44a638bd1f04c3f76b3c95c3e011cdb8289d60b09742ad484d30b80f2c0ef02be8dbdac7c11e83a582fda630577e378d51f3069f9c24743dfa032809dac7f393b907f2c30a3cb3c3a4b7d1341eff5d0c46b2e25dfbb4ec640f99fbb4cffecccf9c13"}
[2026-05-02 10:14:35] Lead stored successfully (both tables) {"lead_id":"012de882c97e34f28e9345fa4566035a8891115f9f2b218212c914969e3b35d13f207b1ae873aecd365d43849303febff12ad7b73462dafe463ca8f36c4994cd7a6dc73bc746cf91cda10fbd685fb840d2e5351b00edaed6a00c907266a09c7a0f20fc50240383a5687d7d58ba5f6995"}
[2026-05-02 10:18:32] Lead stored successfully (both tables) {"lead_id":"012de882c9cdce81fbc18dafecd6a185c2664c8a2788f3b13842cc5e50be3541d3914ad190cf18595cb09a8dfd050c1833de4910aec25d13aaaa288983919ad8f40bfea30a12306f21beacfa8958292b2212fbfdcf8e3f51d96fbb562f2077cdca5b362e4accf54fe27bfc5d2c384c7b"}
[2026-05-02 11:16:17] Lead stored successfully (both tables) {"lead_id":"012de882c94b855737857747eaaeb03e65e469bee24cb7e0b99ab6947c9ef934cd43294b3f50eca1d84cecb27e237bb5a623e46a17eccb50cce68417bc7f3d50296a144eba8747eb1949fab25ddaa2231f85b47e19c944be3964ac64123833afd75ba8fac5eb697bf33925aba539b142"}
[2026-05-02 11:18:36] Lead stored successfully (both tables) {"lead_id":"012de882c9df8665533be3232c61a614c54213c904eed2da36c8917222bb0c3d3331a0684eeb5ec05fad06ea3a9a5fc8484c0b19f498424a8953eccd2fa87dd33e3b2dd0416e0626e8fc8980bce03360a07b97eb9c8716f4044ab7cf1014f89cda82c12a947c6dd8430e7b19c4a4d535"}
[2026-05-02 11:29:09] Lead stored successfully (both tables) {"lead_id":"012de882c9f9c1323daf9a5631ef80580cddbaafd6c9a45897bd09b89cbd4716401f0de4aacfdd72a5f080e89a2c6b01680b8cf8a0de87dc926ee632112d83e3646d598c598267f655e63970efcf3fee9da3f7d4625854b6c637bf3d8a1eb6e17054db279d92267f9d5de2ce07f1354d"}
[2026-05-02 11:31:51] Lead stored successfully (both tables) {"lead_id":"012de882c9423a96acd8c3494ded1a7a4310b85520a5a5b29bf6f6852eed6b2238b00b79274fba0383c373867d460223793843ed68e64128f761f0c3db556e4e75b45af1ee1f62eb83ffdc064e3ed733964055f90ed4d10be0b68ea03dd9be9abb25b7e2e35bd22340f474acd35cf7b6"}
[2026-05-02 11:34:25] Lead stored successfully (both tables) {"lead_id":"012de882c95b6a084a86d2966a7b079dcce10d143796cde45541f7eb6c3f680392a25bd9f58c9d2feffe7965e3dd431b99818bb40e0d1ff8106522ef9903c274d02e898ec9c08d69e3ac9d2b25c34a0a822b787ee002f7342d3555d3771596dede7cdd36aadb91e2231c3060730b7f26"}
[2026-05-02 11:37:25] Lead stored successfully (both tables) {"lead_id":"012de882c9cc22499c0dceabedbe481d371cd439ceb44efbe70015e78921fbd56942e0abbd8f4d5e50e6f325f9547814d60b8c8b4c3f3aac52c39d2fcb589281d68253b701407ca17df1fafea3dde1a330531ccf01b3f878c048b307f12bbf4391bfd9edaa568c6cc02d9874ac5bc425"}
[2026-05-02 11:50:59] Lead stored successfully (both tables) {"lead_id":"012de882c9a45ee79efd91a817c0d24a27bb3980694db82281a84ff6b7fd1b08abd7a54c1f12bd96f40f0288fa9bae2d2dcaaac24f0e0fe27e8362546f6b98e9b5342b628d1589dd0166e4d3148d8737d94b8ab992b723b8f3df85258a449038886fffd66c9f4e373373b9c4482886b0"}
[2026-05-02 11:57:46] Lead stored successfully (both tables) {"lead_id":"012de882c9b728bddfc9a1eaad09795f98f3f676adb80977e0ca9bab55522ad0b8de49e7f171d5ba1dd836d5064ed26ddb368f33a89223ca5804938e89891b849d6ee020ae972e0f4ac34a4142ff5ace8e8053950431cc0ba59746919921bd7fc3acc1e1f910664a1235905a2916ef2b"}
[2026-05-02 12:24:02] Lead stored successfully (both tables) {"lead_id":"012de882c9fe04cfa58c0797871eed682c69b41ca249b7e7d94ea84383553c8b3e68af791c24be5b062254ad50a6073a0bcd729376d3769927b2f6dd5adb6a2c7e1988ec9daffa547d354e7cc7bd9a8111fa0a31edd84e1aef8a0456c73677a8cca0957ed80944e8e788e364e4391970"}
[2026-05-02 12:42:41] Lead stored successfully (both tables) {"lead_id":"012de882c932940e575db04907b8b246607ce5a1552bfc982afb9a63a6855a230359f4606bccaab4b3a972146d201407ff8b54adb1b564f8a1c4dde24c4207077f13d6092647dec915a6bd9fac291f5629c131b3054b810a5b099a6daf6bb20775c80ff981c0f5c61acadbc21c2286ce"}
[2026-05-02 12:55:59] Lead stored successfully (both tables) {"lead_id":"012de882c919774ee65d3fe139d8676eae9b256ad663d1941682b382ad8666e85d731783d29313d97a259cb8494ae64fc3294680f34de0869e29e29055c6d633e1fcbfc65ff27076486f73015a4d986f3f05eac7e7faf3a6d2745966137cea848a6cdbda410a53008e7861599d8c7100"}
[2026-05-02 13:22:19] Lead stored successfully (both tables) {"lead_id":"012de882c9da757a4f5a52ce99dd47045e3a6f8112603ae8ee4711c6ee733ff6031daf59d5ac7c993a900e54dc652b66adc301503ef8a1ab8f2bf8ac1ad12841668e4ff51f0e85ee72e0389100b74c660538f25ca3b1660eb7846d43547ac5598fd9b0f67a47cf69fa4ade65ec9e8b92"}
[2026-05-02 13:23:02] Lead stored successfully (both tables) {"lead_id":"012de882c95f81026a4aaf47c0209c7a943e5995ce011f4c2e3de482c0b0bf55687a2be3c9851c34f09daf3f406aac1e2e0d2cf54cb148204c574ff52209bb22359412be94e675c907e0636afed3f491862405f10ced27d40d19c405c764be57df26ecbcedeb23f5da2a491ae66aaeff"}
[2026-05-02 13:30:59] Lead stored successfully (both tables) {"lead_id":"012de882c959edc92e6930b724139962cdc7b2a544de81696fa87a49e7b6f5884509bbe03d2cb25726bc7afb6705bf49d129df6f2523c334673b7dee2a761cd21cd685ca97101492da2ceb0a6b12c8ad4a33e2aeed4b90e4ea19270ce36908a30b6cb40519f1d53886790ee8ff0c2e71"}
[2026-05-02 13:47:11] Lead stored successfully (both tables) {"lead_id":"012de882c9e6e09dfb231c8f4604c823015ce0b5b4c07c912eccec15e4cfa9174adbd65405a46efaf5cc300bf85d5215625041d31f1c492bb6b5eb2b79ab405d9a1de4e61c4e3f2c0ec523fb87bcd21edf27bd2004f3c2702454c0ea58616fcdeb2099920412a88f5eaf5fba88f690b7"}
[2026-05-02 13:51:49] Lead stored successfully (both tables) {"lead_id":"012de882c93fe66aac71616e3009c2ff5fb6555ae901a227f1df092e118ef8a34a8d525d091f27ad4c4788316703682f2512ed66aafa642b870910fcfa2f9016545f905681381d515d4245572431f6008c9e960ad88084ec6d846e112ab636e0896368f0b589facc5536aab0816c6b61"}
[2026-05-02 14:06:22] Lead stored successfully (both tables) {"lead_id":"012de882c92f5430da45bed3696a8647e454fe96e4fc7888545d7c5051d7cc84463c93051da25e4b889550f1a483f48e54d9743704c8685fac4dff060305d887325f9df9b79b3fc6527d0b3925e0960717d17275e9b6d4370dfc48393742c2fc4e3f8332a183d94af7988dd63dd1c4ce"}
[2026-05-02 14:21:19] Lead stored successfully (both tables) {"lead_id":"012de882c96d7bb150c7fe999fdc6f98e40edfeeacb68128f851f1a6040cdc522291da3078a6cc60eff88d50626f0f1d8f4b7efe6a1cc7496639e1a8a81e67afde967023fabe47e590b177173b9fc7c6132247875967e5e702bed65aa99e07826a416001af9f9121da2e998c8d3542b7"}
[2026-05-02 14:29:54] Lead stored successfully (both tables) {"lead_id":"012de882c940f27b7a38ea9c2cda37078a66b0289c478e7f7bc7967c987a1156bd84823da3bab5aced02feb773c8c62ec15943d47c7059d268b2413e188fe9919af8b0379929c951abcfaa48756f6b61eb153325fb82f138ee74b49545f21d5b512a8405425532f3df884fb634092d9c"}
[2026-05-02 14:38:40] Lead stored successfully (both tables) {"lead_id":"012de882c9b7fa684d4a4d36fb5d4d7f127175170cf4aa18a4f3679f94b85fdbc5c03ea46d8406bdd7b936571e38fd8b20ff74d163f459f4191173dbabe2ecc848e1850d98ff24c73ce61466ff93b795f8bd5391f34644688debb4cd4ae66ed7b23578f9cdc91f27a3cc2410cabe28f5"}
[2026-05-02 14:42:02] Lead stored successfully (both tables) {"lead_id":"012de882c9566dbe737c4ab9fc2278eaea559d387d375b7a3364077150e987b644b8405bd0a973c1a8e34d1128c32de178b5425f11793f07521f9a4a122641455d3226a88f0477c288b5a9558ddf9881f4a228455cd0cc4c9f61a0a71f068afba85c010f56177ac1f9cd197e1cfe232d"}
[2026-05-02 15:13:37] Lead stored successfully (both tables) {"lead_id":"012de882c93c2639c1e80bfafdc73f01ebe0ce8cde69ef67206c4fbf6466ad0dfcb000f0c7c7e1a9d5b74effb3ad7578975f76e3f1ca2b8d6bd19717fa5f7ca0743b1cb988dce6d3a621d214a7d644ce372920f6ae84c22547191114fdfbbde0d36bfae3354d1baf348434896df05fdd"}
[2026-05-02 15:40:21] Lead stored successfully (both tables) {"lead_id":"012de882c908e1c0f38973071b08b91469e8f6e06e9fb91e8529202f869b39f5d52d43e8f4a3c1d4372e0b8297b811d7890074f07c1fbcaa69298eaaac3fd848518323e05e1b4432ec7b8c341f59c165e6973cea3d80f24b99f8946343d126d0faac6ca69e95c668e73270e478e0575d"}
[2026-05-02 15:43:21] Lead stored successfully (both tables) {"lead_id":"012de882c98b98d79f0affec2fd9825ce5dbff3b5e265f6a189456857f298dd7661e62b8ded2d4d79de587f17a5fbeb7646600b8626b9fddd4cbf2eff59f704c6a9057b6d7577b49d15cafa6ba1f0dbf29b0d93cc7dd833e92cb72f7ee99d52c254202aac71295bbe6483e0c9d2527cd"}
[2026-05-02 15:43:46] Lead stored successfully (both tables) {"lead_id":"012de882c9b71702a2e6fa9cee8750bf90c27a235988c1ac6c321635f91b787a7feecff152357eb5f231e927b1732427456f3f036205c00748671481b91bc68fd8ffad603efa1be1c8b8cc0e23315996d59967237b76851c11d3491b73c5d1ee4bc111a95ff1da064a2d1f3b75dabde0"}
[2026-05-02 16:15:01] Lead stored successfully (both tables) {"lead_id":"012de882c9178605d3654477433227e61371bccb03dba35c008599f52de34b8b60b60e428c408146cafca18ca8dce240592d9cd48a8873a7c8ea5d7ef3a03bd6cd437708c76cfc18e8c1b0b59c41e2d5f0f896513c82a9bfc17548503c80ec5380b56304f9a74bd5e444e147dcb9d081"}
[2026-05-02 16:23:39] Lead stored successfully (both tables) {"lead_id":"012de882c9350c580c9e3a1d61df365c3182ba4655e3751f20b14a127648cb6ea0d01f65e8d588304df3d4593b53a31ebbcb64602cbee9167aabe728fbad7d91e71106ac2931a03554f755c4b04f3430ec647529673f85d00fbcfd897e0e18b3a70ed2d542163a27c2e6adc76187a439"}
[2026-05-02 16:26:46] Lead stored successfully (both tables) {"lead_id":"012de882c9802709a0d82ce8f6ad769bd2f7e601902741f6f7d048f971ef5c57d0bb267aa017a2920989c473da2548c5effec1be9bf8eb12150d6a7ba627f0b814d29028da4b4ce4421c2381d56dd7683fd352297a9468110ea710d56b90eb8f06720fecd66969dc2378a6f3410dcc33"}
[2026-05-02 16:40:19] Lead stored successfully (both tables) {"lead_id":"012de882c96b075c84afa4ebc355cebd35679d81e48fddef78362fae1e3c5b66f40cc9471f8d1eb78149c93cf10499421639b6c37159c1e8a2d57b24f3b16ba4a5bd8e676e3b075754572473c8a77d09bf19b77a7fd8bf3e3371bd74b45cc817af6614e1467ae8942b548636dbfcd588"}
[2026-05-02 17:02:59] Lead stored successfully (both tables) {"lead_id":"012de882c92527a12412cda459e02bb454009ca90d38c303d0f58bae76ac543692009c741c30ad22d9ca54a60f49ec754b350ab1b36f0164359f9022e966377fd6f3a157ab3923fc205fde023401875946e69f800bfc96b2d9406de110cdd61eef609b05682f6a16a7c3685eab9d5655"}
[2026-05-03 04:18:33] Lead stored successfully (both tables) {"lead_id":"012de882c9a99775e9193260513978f6b824c460789601af281073b1b037d523f6110701ba9b591583da9a4381eac0bd34b95352b39820419c6983591c7091a6a208c2ff3d36876880a97e6e36973deaee9cac67d2b15ea4a99538ed86e37c7108231a81aa75b78da52e66b4919756d8"}
[2026-05-03 05:08:46] Lead stored successfully (both tables) {"lead_id":"012de882c95fe12aba4ddf5b804f1daf5afeeb8686465614fd5b80eae34415452ac4b33511f568d9f2c0117dfad096beed1062b0ead8569f9f4f18fb9108f8c13bf18d6caf67102439846d50b4ff4b513a7021122cf05942df8f05b2dc45b587ccd1c04c606ee164a046dde21ca682eb"}
[2026-05-03 05:34:34] Lead stored successfully (both tables) {"lead_id":"012de882c96e7db484093e1ae2dfce044fd4b4789eb5b3cce75c6e22f4dd22e2fdb2c9a84764040f1648709e54e1229468d346ce8ab72422b338c01e1072ac8f3a1a3f2db852ad7b84858457fc212693a63cc58b8b0379440c763c4237665be5e5e4c75e1820dde8a3360162922cb9ed"}
[2026-05-03 05:40:12] Lead stored successfully (both tables) {"lead_id":"012de882c93bf29cbdadbf02c2847d210876903a9dcc937ee195628cf1d053490e8e9fd3c139f777489e28718fd8f8a54a3dbc30f31fc542befbfff68579e339c575cada86bc9264a57995405679921f281cbc19920fbcc5efba75141b3ff930fdedcb103665ebf938b9a11b604d4c9c"}
[2026-05-03 06:37:47] Lead stored successfully (both tables) {"lead_id":"012de882c921b0028493da2d5eefb6db2ce5dd78a4379fcce5b42f4c34183f5e98902e5157936409600a576d12e598fd27086c657d800a0e5142436feb55860fed2a9b9e4292ec2aba4b6875bfab7b85b75588730bc1d81c0651c6f0f97dc7023dedb905253e44fbdc4f0b81e3fe715b"}
[2026-05-03 06:51:50] Lead stored successfully (both tables) {"lead_id":"012de882c9954de71ad7b652d7c14329b0f30a956554e303be4732f4a4f5efb95bdf82b9e4e7981127f2949a6b240d37578b496119ff56aed645f6dec1837d2d013ce4f5654634032f3559fc73f61226466a53798e915680b5712608e85abdf4e875b41ef7438b07c6e77c28fe33dd7c"}
[2026-05-03 06:56:22] Lead stored successfully (both tables) {"lead_id":"012de882c925e4d0ae87fc2eb8ac8a4bd26a8383f8d7a330d1aed7a034c74268cd12cd1893b29668d219ede7d6e337c3e1dc650168392d452dc214aa064bac330af0b9382a95415a4908919b0ed904c220ad7ebe65a0474f76af148b9e23923400e2d5db06009258313371199afbbbc7"}
[2026-05-03 06:56:42] Lead stored successfully (both tables) {"lead_id":"012de882c98f0dc40d521bd891ae9c058bddeeb5a1cf44e0b68f511b74a50689a78bddd7997c71d3d76880278b86ebfc1dda4c59003ea1753ea30164d4936166d34ec4205bf5434f04f4de939b2a62191db658edef1c78f8fd0233c96de58c156d12674808e9489a696e15778af56203"}
[2026-05-03 06:57:14] Lead stored successfully (both tables) {"lead_id":"012de882c9c063599f9ec4c88118e80dfa7078ca85ac2be2ae8ce2610aa7501ac7cb8643d004ca48d64d3afe1dccee3eeedbc643edae34ad4737ca6d79c84298fee1177be34d70c474f8dc91cdbad6d965b758ca791946c00ef03c3d286139e07981d539b14701ccfb08353dc964aed2"}
[2026-05-03 07:02:43] Lead stored successfully (both tables) {"lead_id":"012de882c9d86b5d9501a1a769ac7a3e7eb888cd25d3712a86cb20d67689f2145b343e55f03d2a9e6cd4ba5ee1739eaf9e9453343cdb4b9f376166e68ac351f7b5690c7262e7d0a20bfa968364b7ce340ad3543e20a8fd4bfb137ce6ac76c5c48d2b54c51bbd05e1a0174729e6162068"}
[2026-05-03 07:15:13] Lead stored successfully (both tables) {"lead_id":"012de882c90f0acb128b4d7ed6748b13e8cd037bc2f5b292cd9aa01eb7056bb90a1d26eb92c39ce7e23db8b3912a7cc5cd188beadbc2906dea4c16512de2ad948b99957ad2d4ae48076f455111244c23aba3f8b90e563dc9db9abcaa6fb041d9396a45eec607e96643f408f32e152555"}
[2026-05-03 07:35:40] Lead stored successfully (both tables) {"lead_id":"012de882c9eca61815ce19d19124c02726d7951d3a517d19ca3a0388ec1d1dbeae8fefb7649d76109039c6f8712db787d26fda9c5dbfa662ec6f965e942791f70ea7673b92136df12140e89a46a5feea9732ccd8c30d8dfd9c84668f811725efd240ebc84456679063f9f6b9d5b10094"}
[2026-05-03 07:38:21] Lead stored successfully (both tables) {"lead_id":"012de882c94933897ecbebe8993e072a4855e35006b62d139da5da676bda6e7acaaa96f4c82e2d3659a817547f29c23cd7e05fa4b0e0b9f5123767f64454f9fc6f2c824cb2a741d599850589d1edc62d1f707402e4d202db0dc8758b3499e5c5aca7c26cc133e992a82383f4240d210a"}
[2026-05-03 08:13:58] Lead stored successfully (both tables) {"lead_id":"012de882c9db5c256056a24594de1da38e9942ed6150f695f0b0f4b929731c9a581dbe1ce701d95a205df221138f77a70b258b2b77ac5c0f0f592dadddfd9124902c77957d88fe4d546484e5c144bd6a27572fd45847d5d7bcdead9a865f3b5f6d42e3f3915cfdaf63446ebb80e06bcc"}
[2026-05-03 08:26:58] Lead stored successfully (both tables) {"lead_id":"012de882c9b86e5d1a9792a1c34c425531cd722bbcb7d5e314d1cb505533ed572b3934fa0364d837083497f8657a12797db4ebd58a89be0736d6f339e51cc072f0c170ee857d391e7b5bae28"}
[2026-05-03 08:41:15] Lead stored successfully (both tables) {"lead_id":"012de882c92ac8f96928f71e8cf124ce4cab727432162a255a95c83ed2b8ff2e7bd1fae22adc6778489b94b4977ff06318f88f009221579c922330e2bbf045750dda16379cbda83b727d8f47aa8a8ade94bfee4c2538c42284c5ff2fe91a614b507e070ef12678ad40750f326f2cd5be"}
[2026-05-03 08:44:07] Lead stored successfully (both tables) {"lead_id":"012de882c961904c245ff41b11af539d91f7f400253d4e2ac734a247284971e086167d009dd8add2a9c88eb3049f6f92fd6a0ff5de09454586d41a760564512648ac6674642f5b61ddfe73541ef7110e7c73f779e373dd6d79fc75d6a03a83e336a27be5296ad48a526d58618e7e7f77"}
[2026-05-03 08:44:16] Lead stored successfully (both tables) {"lead_id":"012de882c9c6e45180fd49e87ff9917cf6a22c71e18cc5e64fccd988c7c077805057e51b455b15eb5817427f59b99d3c0fa2d386650e80cee0da91ff7ae1f1b1738692b7d70a598e096866cf"}
[2026-05-03 08:59:16] Lead stored successfully (both tables) {"lead_id":"012de882c922b64f1032af69c872d5801acae23d2236025b562a108624efa8dc2db8888f38dead5c208474c3151eda08628c996a7a5959cc01c34654ec994d50c32b507c4ef580f8afefbe4e552f13da1ebe803486d752351443b7a4f5be800c4cc233babd52ec5ecaffe1128295d8f8"}
[2026-05-03 09:06:12] Lead stored successfully (both tables) {"lead_id":"012de882c9200e033b01c58076e7828ba843e1dc6aeac292cc0622e7bf32e4048e783df2b8774da458f981c1e64780ddddfd2fb434405805cbc4dffa112f7b5e180b47d09b62d57d6c0f7fc65195f1ec3e6c5a9185e0967d1f3f22e41653f274d12a260f22a2a95c9717b954a28be7cd"}
[2026-05-03 09:23:11] Lead stored successfully (both tables) {"lead_id":"012de882c901693b554590681d846d9a78ee2869351403831f34bbc83227a82601f8c79716d62feea93fdfcbb35b2cbf7190714cdbe94e3657a203597a91acfaf79e36b05e706b7d52c550ee30f12c3a122c4036fcb834ee478e75c825f2b9b5394333968949dfef81c79b10a315f3c0"}
[2026-05-03 09:28:04] Lead stored successfully (both tables) {"lead_id":"012de882c9c66f0872cc4e7d151320a9dda32b4b671db3caf21f6b1cd8c5650922c986c9988ab19d8367bc6f487adb611139266b188edf24f73efef64b414dc53028f905c478f4939480ceb5d8ac73201422331b11834a768d2ca1dd585902632f88379e4478138e916b99239ef6e5da"}
[2026-05-03 09:38:43] Lead stored successfully (both tables) {"lead_id":"012de882c9444466a9484a794c68865eaa8e536ce337a6387d5ba181aa6bf5c2c6b40b7e760ec1133d2dbc3180d9e1aa1e2e23f14c26c8d3e2c529b9c269b1c88ec14c866039b6d9a3c6bc4557dcd5e4d7c0420b1677d437ffc472f7c2878ecfdd240c981dfbfc7cd106b45fb6b690cd"}
[2026-05-03 09:56:11] Lead stored successfully (both tables) {"lead_id":"012de882c9174de31cfb6120a507c355225ff8191e67b40d1409d520026cf23c4c0a869385a7f320f866597fbe07884f2746cf099a037a3d231a113c20b28e258cb5bed1b7f64cc3c4656d551bdfadb2a0e2bfe8c25040ff8fc132d91780fe27cedcd4c86a7d23158ea2b131def20739"}
[2026-05-03 10:23:38] Lead stored successfully (both tables) {"lead_id":"012de882c96df6082c47dfe6cdbae233a7e37cf96efdb02c383aaaea8b18d1e5f11b8ecf804ee626ea1c785b196f0ec177588e241d259a6146e7148c168621c8c8b3dcd004a280a901fd0193d56c4453a5482651293e6f66a802c7f828a54a5762175431262c197e6af98c48ce0d506b"}
[2026-05-03 10:25:54] Lead stored successfully (both tables) {"lead_id":"012de882c9c7f67210256d8c43b45d6cdf360baa432bbe35b2642c0ff3ac30b749193ed1eb3f33f1d3ff3cc90d7147bcaab2471db5af35310aabb7c7385e51f04878a2db3947c96632218373f300ef3cdda6e3638027a87b7d54b935d4c4cfc230d9cba2b75c6024586878423d4b5867"}
[2026-05-03 10:32:22] Lead stored successfully (both tables) {"lead_id":"012de882c9c3960117bb6dc3e0623280e630822a5a58b438a4f53157be34a4a5b5aa55fca7dcb6a4b1dda5303accb549a53e205d53ca2ba4904f93d831ccd8a8486676e59a8af4c2c8353198"}
[2026-05-03 10:44:01] Lead stored successfully (both tables) {"lead_id":"012de882c98f7464f87e16efe537a232f9f26a6d9d980d0fd54812ba65e53031f641bd76b7f1b981700c9797dfb01d77494752721ef9c2b89940507afc97eeb6bf72d10f1ba7018b36083e9b6570b377f86e35750294bf398c4a85fee1159f2e62bf6f106bfcb0ab34ac7e7dc3dfb4a7"}
[2026-05-03 11:07:27] Lead stored successfully (both tables) {"lead_id":"012de882c9c051943a088a128c3f4b18e7da287ba2d0ac9e2581b1dbea636a3a52c09825f567cbcdf69d497971e1d46284138f2e9d87d675febe09a1eb7c423ae324f332dbba6fc785001470624e4755b9df0c3f48598f670ba93e6a24a1db41676118dc7bacc9172f75c27a9236bb97"}
[2026-05-03 11:09:29] Lead stored successfully (both tables) {"lead_id":"012de882c94dbfc535fe0474d0d682e621ca8b4e1835a212d3165a40c7abc6d593550e95833901dee0da49f8ae33127ea6a3fdf20372eee22b4eebbfe208cc5a20fbca1e86b2fe427ace0cd8b07bb8e8f959d03cbf6f0d544e1cd321b6211f132ef654ab1ab050728bbde8d5eda982a0"}
[2026-05-03 11:15:04] Lead stored successfully (both tables) {"lead_id":"012de882c9d21955b62933a05e1e07ea31b7fceed827f81ca67c30df961978ae82e7b96209b37a4a82880dd6905eb3f87dc1a5e8068a5f836a0dbd32843e92a7f5e3cc795dc8d1dc51d8facf576978cb81dec1caf99281b838b50e6493abfa2a883d7b6022150ed3c831043d12788b84"}
[2026-05-03 11:15:11] Duplicate lead ignored {"lead_id":"012de882c9d21955b62933a05e1e07ea31b7fceed827f81ca67c30df961978ae82e7b96209b37a4a82880dd6905eb3f87dc1a5e8068a5f836a0dbd32843e92a7f5e3cc795dc8d1dc51d8facf576978cb81dec1caf99281b838b50e6493abfa2a883d7b6022150ed3c831043d12788b84"}
[2026-05-03 11:18:28] Lead stored successfully (both tables) {"lead_id":"012de882c93da475d64e776166501727da3af26bd8054f69f79f24ebccdfd75118b3610e6766f32620cf2b4a3036207218543d669987dea5a69265093c8a722901dfb3e684517efc924c28e627cb2aa587dce739731404fa2c50fabf39fc6ebefaba012de3378c2fbea75de863b8e065"}
[2026-05-03 11:47:50] Lead stored successfully (both tables) {"lead_id":"012de882c96924ee3fcbd5eff397603401188d15045ef3c8391d50724ba7bffa4cd064c4e0ae53f52e7efb81aab524705b8373c4989a72ab326996d6a9ab32f54871b74ec58ec12727717e41b954b7950552417049584f7f3a3cd2fea18701b79088eb578becdc383aa69f75fd55c216"}
[2026-05-03 11:55:26] Lead stored successfully (both tables) {"lead_id":"012de882c9afb319c43b4fcc1183c68b7be5776f0fdf10c8bf1ca13cddb460ca1a1ea64987f4809c90df188c032cf2dfb00107e09454cb403709645b403759ec332e1083a43d4e467aff820e0ad9296fba4ab611145f6d7bf0395498381ec9af5a655e1abc69bc621905155f12ee54d3"}
[2026-05-03 11:59:21] Lead stored successfully (both tables) {"lead_id":"012de882c93b1399c3ceb13e115d15ff38f2470dc0951e8c58a0b3dceaf9b8b0c3fdd467189bf01660fc87530929a2484c7cbc443281bf8be94afd719047f9de38d3ef8494e99a4ee28984c7e6dc3a3e77bbfc8b5971a8658eb5b853ae3984ab7dd1a1fa694fa866294a6c9dbe773962"}
[2026-05-03 12:01:47] Lead stored successfully (both tables) {"lead_id":"012de882c9fbdaffd5ada529209776c7fc0eb2647a1e44e9b409bd6bd4231d249dace3f0d3988ed64cbdee591d5fb121e9fe69694790c5a2db2884afe7b30d05753ebb9c41092fa680b7cfa3497a3f32aea3eac431b196a5dc6d1b1aa50e044a87452cc88ae38bcca50187342d8548b4"}
[2026-05-03 12:09:38] Lead stored successfully (both tables) {"lead_id":"012de882c9943fc6e874267b47610190f74a8d87f8fa59dedc13b3342d1d1c2850ddecf916ae4c33f1900f68d2914505a3cef706c72a3a75eeab1f5b1d3ea044697e8389660e44357335f00f"}
[2026-05-03 12:14:16] Lead stored successfully (both tables) {"lead_id":"012de882c91f979c35c211ed5ca6fabe191788fe25c3317600726ec0fc14b805c7f7e5d20b47398b8767ac2fadddd65116e4bba56e6ed1fb8b07abcb2928d557137ea5bd9817ea50d81c87c8815b583b8944791c84a1547ebaff1a6b097e35b38aadcbcc9931e838ff3b71232ecd602e"}
[2026-05-03 12:22:40] Lead stored successfully (both tables) {"lead_id":"012de882c905793e219059681760c5b6cc410b870636adadca3ef31f02d7ec9d556be51876ac38b2ee082583cd92204e7c6c6d8361f99ce7bf8e72f001d5c4509e9ee462d71847252ac32df2634e463a004bf6f4e0928906be320905c01f355d9b07c7aff5e52b4ed251f72bb57106a7"}
[2026-05-03 12:23:55] Lead stored successfully (both tables) {"lead_id":"012de882c9dd38dcf53c1750c86d3602c62baec543ed44acbc2349d207d66ec6433764b0cd92cf3674d3373654b6aafbee09d90f71e979ed7c50b0a263cf6937cc04148ee7107c26f954ebf0d17e56d957ddb1f0c51807983962ff4ddeaef50f271eea98fb7a8bf9fbe9e0616de4eba6"}
[2026-05-03 12:39:09] Lead stored successfully (both tables) {"lead_id":"012de882c9228cdb7e5394f4c1f9058a8992ad6398ad538a5ce694626c565650fdd0e9b7107a4d5de66b450f76b87c1270a4e94f81dd693fa4d1080520eb48a4be9c16c1ecb3e3ac287db2597d981fdad9558b8fe8de330b6dacf6fa28252aaa26907fb65bb7405f5ae980d3db7f8336"}
[2026-05-03 12:41:00] Lead stored successfully (both tables) {"lead_id":"012de882c96762c9f975898903dde534886ebcb37806e4a41211503aade5dfdc6732076aa66b09a7cdd096ed148495b09871fbb6a38346c0d092cf489fd58ec907a64c9fac6234ccae354e914f8f115cdc00a596c75b260546d38173eeda37a001ef9cde4b18bbb7ecb6d4624a3f404c"}
[2026-05-03 12:55:08] Lead stored successfully (both tables) {"lead_id":"012de882c9b294f95177ae8fd963eb32460ef7ffd68338f39b13335d6a5f8e9def57cb75eab8bff3b2c3f2c37935960882abcd9d848c7b9c2561e67ac3ae6adc9f3c63399781bc122fac8a24d4dfd9e670ed0d6ab375d87942f575493b07ce82fe793fcd52842f85a17d2eed0b5ab000"}
[2026-05-03 12:59:34] Lead stored successfully (both tables) {"lead_id":"012de882c926a2e07cb5fa3e9ab7e02a114deeabecd13240d8f7a27d10e8501502cbecf206de42e81398a1ed414bdf57071ebd68263f4f3ec1dd4a4113015ac9c645a7d5141ca6da91ce6f1cbd401efae43b9f53b1eeeb07525601b8e19e48b1a936401bacad3668b30093b2eea3c7ec"}
[2026-05-03 13:00:18] Lead stored successfully (both tables) {"lead_id":"012de882c9e9ecd1e9eff8e5710695a66380ae340414e96adfe79fdbbbfcbb1f51d117dc54da0b37a97618c40fb6651d3189ee34fae6ccc960ca0bfde7562c6a721cdb17fdee9ddab9a393103efcff15f1163cefe63d63450fbe50b3c77f823e8481969aba9202c8a0af1605cdffd901"}
[2026-05-03 13:13:41] Lead stored successfully (both tables) {"lead_id":"012de882c959000ee9ecc2228052815f97f2071cf0d0209cc1b661663cbe3e2af820a4b8a18344173eb07408cbe28ec5ec622462e8c06638d6ba6f3d3cd07ba2f3bf8ebd2cce8ab6b965060c1384c534045bc8f407ec6fdb935423be4e3d19aaf38100c4b9616c9e542b1a237b2d9db1"}
[2026-05-03 13:25:50] Lead stored successfully (both tables) {"lead_id":"012de882c90a2dc32d2ac889cbac7bfda7b07508b8659d04474d6c340352b66edb13612d86bbb616108626dd6d8b1a51380d8c2101d70400dd4a0bbb00b111d814f79274f5a18793de259ff626c96247789469324cc74443dbc79f5ecdf675024b524d728d7d26b05146dd31dd701979"}
[2026-05-03 13:42:30] Lead stored successfully (both tables) {"lead_id":"012de882c90d56b65dfc8d92a0fdfab2a9635b8d093ef651ad454ccd90deb7855a084633986b7fd80b4fa8937bb73d5f5158b5f8170036432a4ae3827f2d8aff53bfa8ba8da97b3ac5a417ef1e76ca124ca1c8cba888d0d11f17ea55d474d326a75d4a2bc711d80630ff378b3de5d9f4"}
[2026-05-03 13:50:13] Lead stored successfully (both tables) {"lead_id":"012de882c946fac7866c3620250211eb88a4e950b9e96984441e5371f235256e332326bf815c34acb84c3eaa6a8aee3844849def96a6210503dcf2d8ef4adfb6671b9257d8f26e2a51137ed84031de7420741e5f80dfbb1554905856148d5f82ec05673a99782d07fc6a4761d75608b9"}
[2026-05-03 13:55:33] Lead stored successfully (both tables) {"lead_id":"012de882c9b049d918cbcda4a0f656b12d40f6be89503ab4a15645e10ec994360f53bdf71ed8c738180d27a1aa30fa791deb627fa8512dced32b6af39697e2dca81d8f9e14774188e56e4a00841903b34322ecb3291f002ea166ab7aecac424ad7b6e3b753c2bcd830151ab26f6a04d2"}
[2026-05-03 14:16:18] Lead stored successfully (both tables) {"lead_id":"012de882c92e29ae43aa21ec22103c0b7aba438899b766e4d43bfb10c78af42ca87e595184c1bee751072583cf3eca341a2ea6f4fa340f26590b26592f53331172e29d291d61b33e473b2131944c3bd1ee29fd1dd83d200f09243640fd60b145a0f4f4ae4d6af62a49576b86eee08322"}
[2026-05-03 14:38:47] Lead stored successfully (both tables) {"lead_id":"012de882c946252c859e178777bd185721cc321158a73b7a9de0b2133ff2e1b879cd4d62448f38b8e06d98c1d0697714c5881c4984310eeb222ae710f1d90c39b1511f21d6c23aa50983d1e09514e91a2e2db3a8beeab3c5a7f989be2657668818834751a6c955f4b00531df73bb4907"}
[2026-05-03 14:56:17] Lead stored successfully (both tables) {"lead_id":"012de882c934256d65f0e2c8b95a001e6dcd0711c7f3ffc0ed23d62bd0e7fa37fdea42be32b14c7f2a14010628de898ba066c73f1dfdc3caff04c6b3364a20bd87284709f100072be2985ee4f0df292de89ef470647418d7802a4357c6474266290ce052fb7ae27288796f80d2d4ea52"}
[2026-05-03 15:03:13] Lead stored successfully (both tables) {"lead_id":"012de882c9c4c40c807f7e2ce3f78d6e96c9fd170885e0196e8d2fc72ec307319c69bf5c549896f8e8a29dccd7fa277c8327c0cef957d0131d7d41b178bd7e2d07aaaa08323b0216499f069cd15d2ca26420ae808ae35037c0943cd11a7ad2c3549873bef85ff96677e4e5811c0a43c9"}
[2026-05-03 15:09:27] Lead stored successfully (both tables) {"lead_id":"012de882c90a7a56236daf9938b9a936f0e4b045a93d0d25d9d6a0f279997c76c1c918e1a75050f1be4528531ddbba57cd1555b187c4e37ed2a32e62d37935565bdc705a84257799f96a4aae0c152e59b98dffe35008872ba3e0f92f6d115bd61415c118a44d2256003558012d9dcbb1"}
[2026-05-03 15:13:41] Lead stored successfully (both tables) {"lead_id":"012de882c96c8a35d66fa89afb042d5e1fa15f97666ae9e8a6380a5a60aeb01be6da51452d84ea04905b9ff3a4e1a813726ac08b4b44f9a9d44efd5ef88de3dac642b5ce6a5a28ff334f82e6a0048c40a5b6f8671faa2a147d910b30b042c012205a279df5c7d98dd6d59d457c4052ab"}
[2026-05-03 15:22:59] Lead stored successfully (both tables) {"lead_id":"012de882c903550371869688722d43fdfbe2d2f1de205d0d35b5a1b3ecb7354f3b0d62575cb69f6660d9dab1f043ff9313688cf5597f7657ec5dd0f74c3ac5a4724f0978787f712d2de4c7a5048337885e1a37d6046d8904d37a456508b6aee3c3486cb638a2b1a14c284ee663fb9fe9"}
[2026-05-03 15:55:22] Lead stored successfully (both tables) {"lead_id":"012de882c91c107dde9437b223466f23a943d2f2b7cccbaaddee24930c910be5d0f402b88f7253b6e7cd218b134ba5edb4c0f21414414108603a4ede4b1c74574d6058f287f8d1636d25ec39"}
[2026-05-03 16:00:12] Lead stored successfully (both tables) {"lead_id":"012de882c9ae7cf9f716c743c4852c06229acd823067d8d2d28ecb20cbab9dd597c6cb67b980a6703dcf0aae255811e90faf3a7e6fb707fac3dfaed314e1e5ac47ff6f3a1e023aa6764509401dcdc78b6a4426ae483d59d08f8f88c6360c2d62f52318047db3c3e9406275531d51be11"}
[2026-05-03 16:01:32] Lead stored successfully (both tables) {"lead_id":"012de882c957d2b2077b38400580456641b8bbeeef4dfcddff48512e6aa3eb7d1e393674ab90d2b97ea27e45cb2d1186373ba45bfa4f1cc0da5c3157f074fce31e54060d13adc0f8f913b3c30e5fdcbe8b9908a6df412360a37baa9d9c2f8128c1552fb29b690014f84da7824ab54f9c"}
[2026-05-03 16:06:02] Lead stored successfully (both tables) {"lead_id":"012de882c940404418bfebaabc835c038ce7c82fdd3608907e85f9a2382a5e5d7f7ca2cc814919748eaa80601b56a4940d02bbdf86a68a02a43c93fd9c079716d8bf5c0425c97067f4610e5a84a8eaccd7498d5d738ddb44f3715f3e34458cbc583c81c8fa85646db77775342c8f32f5"}
[2026-05-03 16:12:53] Lead stored successfully (both tables) {"lead_id":"012de882c9119232f1845c7404c1f324ef8ec9b31cb38632766f0c5654a2f25f2e121448ec10f790a76b05b91180698e24af8ba88dafcfec20939d3d7b5a6e06dc5ae00c6109c9f40f1d3fe12cc68c22bbdb13cf1dcd0c63c7b2851e4f5828922891a7d9d5d154784bd893841b6ebcbc"}
[2026-05-03 16:13:30] Lead stored successfully (both tables) {"lead_id":"012de882c987493423b50a6bc9d46d6e8bc19a88430822fb7c9aa998cf5d145007ea4ad634278a992d926e3b1d14112fd5271eba608b8d3cbbb60bbb30a5866abd3c2e04c33e463b2e1ac88a51bfee02d96aafe74aca363855c0b420c78f2491f1409935c4a26e202da74ecf91153f29"}
[2026-05-03 16:17:52] Lead stored successfully (both tables) {"lead_id":"012de882c9895c3120839ab9dd6403b037392e78c4f212a637a9efe62a632e6716c1ff8a6975e7589e2a7032ae22357a461f57320907c5dbf2b8b88080773a0aeb21a51c4a71e22f66da63e7bbf722dd74949a840e7e6a98f4142e6b058ed71ed9035397291d93a9d6ed4863a2e606bc"}
[2026-05-03 16:22:24] Lead stored successfully (both tables) {"lead_id":"012de882c9e0a2b9f45ee4bc1699c98459d293a4a5c01727dd1822b047b68f439075be033455ab582a271f930d4104f6a4892a85fe741caed764e2ece8c45faf2678df8eac1d156f6e73fcbd218462385c2a55198d86df9894faf942075721fbd561897902b77478ec9c93cdbba04193"}
[2026-05-03 16:37:29] Lead stored successfully (both tables) {"lead_id":"012de882c9f2cb88330929cc3bd429293efa40245fbb0ea622ebdc59912f648331cc7dd1c991ac327d2b306f018589c0ce58a2a65826399785636bfa646fccddadea532f577e47bbb279048dd0369f3e0ce421178c1d9d250a528b497b6310bf16b7076ea1ba61a6ee68a212781d9065"}
[2026-05-03 16:42:19] Lead stored successfully (both tables) {"lead_id":"012de882c9eaa42332530e9aa1d1ee5bfab20a132f548f8674c9c23e8222dbc3e1579574c5992790b97fcf3868807c53f66169f6107be69e8a939878264c038614d9629730b67dbbb3703e84054b9c2a2e5e0b15e96cca62c45726e8e6a900bf28d05265710f23af2e342710907cff8e"}
[2026-05-03 16:48:56] Lead stored successfully (both tables) {"lead_id":"012de882c9bcbdf2a939661738e0a00e776ef5608d2a8af3cebb6ce47e3884bf4996cab17322a7ce80a313dc53dbdc31c32e5ba65c793998f43cebbaeedc7bca4216cd1572fdea96da507852b356bda9ecd4dc66e6ce0fac8947bd564b2db76fbbfae93d0cd1da067c3aa513206c1bca"}
[2026-05-03 17:01:20] Lead stored successfully (both tables) {"lead_id":"012de882c94e1e216b48445aa6199a346a4fbe29cc8475aa6c1df88414aa1de9f1b1b9e70835834ec68a27e716c9022d66d364f81eb813e91db1a0da624f2df9370c33ae28e49dc1c2bb36f3a2f18255fbc009ded14fd93e75634435f818190b2349275d34df48fd7097a27c397454b0"}
[2026-05-03 17:19:57] Lead stored successfully (both tables) {"lead_id":"012de882c92cff9bb9ae85ddfdbe97dc44bacfaa14dfcff56f0ecc27c92125f5883bca2ca39e0677808e45867923deec47782e14fdc9e7ac82f09fce7fda7a0aa057e2d83cda4be20ee1590b6a6459283793d7b98fa5b51fe97e9229a2591322bd4943333457182d4eb9913cc207812f"}
[2026-05-04 05:24:33] Lead stored successfully (both tables) {"lead_id":"012de882c99d3d6a9fe8038ae815141c74e48d6fd17bd2bd1ad87923854fcc63bd43fe15699e250b1825767fdf3f019f5b81dec930b0bb990006b47ff2f02328e8f551b6f6c4751a291a574c68de3732654a6b1e86bd923f1a694d7e2d25184a37db90a16ed185e3fcc8a6d41df5e02c"}
[2026-05-04 05:26:34] Lead stored successfully (both tables) {"lead_id":"012de882c978f673ef099e6c3d5f1daa7e470281e3cbfe7997f16463e94e98011635f2cf2f18916cb6ec96eb8fbe033686a4b2df65a6518344b2b5e56bb9c784f21249ee40e011983fc1bae6a0879c5a57c47b19156f9ab759cbcc27d1ca75f24b289bfc1c219e360e506cc83251118e"}
[2026-05-04 05:30:56] Lead stored successfully (both tables) {"lead_id":"012de882c9654e1bf7ac5c713e410605f2fd64e36c32a13caa8177144a5849d6875ebde83b72158a97e17fa81044cc6583a8131d8d47d6ad03bcabc8ff22ae28b582f64126627e6a727a84b0bd7e47fc55116eff33c6a7a79a67e1ca4578fa934a437921cd7999c34472e578a1f10327"}
[2026-05-04 05:42:04] Lead stored successfully (both tables) {"lead_id":"012de882c96545afdc9eb082facaab2c221318fde0f6b3467d17e47dd61c480b1bc09525ec5d73c679d21d35785b41cbaf264550a02455e4757f28c809a7f739e3e98d0ca2ed57cf07f6a1f27d39962dbd1af616b204345421343ca0a4783b0bc1a839f0535b12736a46b9b024b249c6"}
[2026-05-04 06:11:19] Lead stored successfully (both tables) {"lead_id":"012de882c97d44add1859ded309537fbdcf6c1fb05a6badeef453830f803ef65d3b40e99eb875cdbe261c3c7cd4fa09fddab1f2dfbf9eaeafaa1c1bd95a6e5825d9ccb56c81032e246fb34369b95a9138d867fadd20a5de972fc5e00869a319f232365c2a397e77b3a7a2015afc7caa1"}
[2026-05-04 06:55:09] Lead stored successfully (both tables) {"lead_id":"012de882c9d65a2009494c71abbaa4f44e1ded3f28012ed5677c19c52f551ef9207b6c3bf9562ac9f82f3ab11b2d3729d8d6dbeb511e14039ab60d209a9d171ef9e5eff62f2c192b120056d439c7632f2a0a1f0f82ec368d6e9ecaf4492548a823d1161ccefebff1c481410726310994"}
[2026-05-04 07:05:44] Lead stored successfully (both tables) {"lead_id":"012de882c9f9741988cb125349ba282c1fa3f894c7dffe2ec1c317cf2ed8424f67b7efc1852c347e73a8535e882190a1cf4d169ae6dfbe095057621366412cee22f8f065c844793934d4575ff84d770a076c1c974045a47bb9f70dd3c2d2617a97f42673e006d50be264cc4d7bdf2f25d2"}
[2026-05-04 07:10:36] Lead stored successfully (both tables) {"lead_id":"012de882c9af0a61ba937abf3707ed0a1144462d5d2b5dd25239898c633b602f53fd1d2d3873a4a94f3c57cb498f316506c4e4d1f65fdf94051f00422c71386cb44dfe206945d6253259b598b7f8d529e9b257660926816e9a9ad508be0970465cc8b291b092c859471dddc78ab2bacd"}
[2026-05-04 07:29:12] Lead stored successfully (both tables) {"lead_id":"012de882c9f5f8c310ecb84a44e6f7406860d121c612d9583c248a8f27bc1aeef25ee71eb714b3a4529214f9a50a4bd0cfdf0b58f1acf4e21c3df90eac64a360558c32ac4b87fa7a15d4bf1ef659c890beb03b29a52904aceac8f0dc11d46d2cf401556418baf2647d529618473fbb08"}
[2026-05-04 07:29:31] Lead stored successfully (both tables) {"lead_id":"012de882c9af3d34867421d7c48066990ce02d78acaa6a805408c816d3a8387fd2126bd36d7470c4e7f46017c8ea0bf2d9b83e04bdbdeaebfa95aa5e310e4ec4c4ad846bffbc45166e8ac8876e9a855cf6e6919ff209d2a04e3e7a3ecfeb4b63d03527180d9d2ac51434cbf7a81b978f22"}
[2026-05-04 07:42:05] Lead stored successfully (both tables) {"lead_id":"012de882c9526e226db5b04e06a104196a2633d8461df4fd13fc7c3a88d9de4d3613f0b6eac204a6c7db8c6216ed9c1974aa95512d7ab89a55d24f0eb225c97e1a0b4034b8a2db5b3f71a7fa46ebe078629dd23b34585f780a144915c9345138ebee41eede824938571be65ad9a92579e8"}
[2026-05-04 07:44:56] Lead stored successfully (both tables) {"lead_id":"012de882c9b4f90d07d401e0de0f4c4d9a7e894e888960c65db75985bbcc2c00452308bb104b2e07792dab5d1b610fad97ea29c7baa8fddc4af557209905d37d623373f003356d59a49237e70875546bb3a87296463e183a4f768730d5f9833cbf0b3b9592bcf666b4dc37a1f7083a7b0e"}
[2026-05-04 08:08:43] Lead stored successfully (both tables) {"lead_id":"012de882c9d9c2fe6735ca5378b791fe82b42fd4648e9dce48a232aaecbf20d99234996335e743178fc4baaf3a2fcde25ca958e555cb733a6ea55bf351b47f517f2348556610a2ed47afb2f2aaf6a0af65daad9deccf037e1c3bffb7704a45f5163372b289060c3484e77265e45d7e37c0"}
[2026-05-04 08:28:27] Lead stored successfully (both tables) {"lead_id":"012de882c9682f1c5c845bb6da7267228bc0dad4e62de2f34f9bbb8c9d37cff34f329927ac8b3e6ec2dc6579ba74ce01a7e74393d8fbbcb8530a6f2deff281f78fe2d568ba16f4acc067c1e490e212f19904735c99f13c1ae173555a2d9089ade2092e099122a2f87b28f3b2f17f79f917"}
[2026-05-04 08:35:33] Lead stored successfully (both tables) {"lead_id":"012de882c90ddf7914d0ad1e1dc4dc3dd131cb0440563996e350c1cda55992fc11ff721bc3f12b133426619789840dc16be03f5d9cbcbb226d0251aa61cd877b1348ed2266b526e90904cf53f2f84d68417bbe7072dc35431807e4365e702bada24e0af41e11ec0a7ed17b758c95414ff0"}
[2026-05-04 09:15:47] Lead stored successfully (both tables) {"lead_id":"012de882c9dfc30758e4b551d774a6151f938fa97968937286a2c04a8c64fa5c8bfd4abdf352caab8745fea94c6a4d96b422202007643bd6bd0149fbda07ab243e8b75ec9f1ac5336b02c423acb82b0c779f99f353e0efbec7192f940597449fb520fb9268851bf854e53245113bbfd877"}
[2026-05-04 09:31:42] Lead stored successfully (both tables) {"lead_id":"012de882c97adb6976661845964c5f254b82333e563ffca577c76f9760594911ed6e97f2f2964008e9c474d303b089ac4398bcbfb8913635c6970bb4fc67d53ebe04c868d0b4860eeb39af14b01c41c6c3f1d82639820e4da7d2913d561a04de2ac4f413567c5df837310ed1dfc7023a05"}
[2026-05-04 09:37:46] Lead stored successfully (both tables) {"lead_id":"012de882c93715f062b29e013ee6d64aaeaa090d4036458825ee245bc00af1911c3e1308329c032a1facc660a538c58abe6ebcbecc361ac616359e53565c4787b5e152364d5b3da922d00abf1e7cd3add65dd75f0d2e659aceb95a03bca1a1e3e5ab144b4698e9e69640677222b6ee1b03"}
[2026-05-04 09:44:34] Lead stored successfully (both tables) {"lead_id":"012de882c958b5cd6c020b635e5e7a99790c1212486e314c210ce4e29b4257c1f025b317cd45785c2dc6988c685e34262dc18564a1ed9f3224422490906e5924ed7b09744f8922764813a2534a326e7b8bb1b5295582859e5256272a78971534228112d5f74dc511b9bf00b2ce21821b37"}
[2026-05-04 09:58:15] Lead stored successfully (both tables) {"lead_id":"012de882c90d42f0761a05dc1635112aa8f21f552249c039612bd27cda56df0a17fc75c3c19f5172f23f17548856d9cb5e23cbb249b7c50fb12eb114cfeb83ec99ff697b587e5ec19875c8d2869c1e0ab47b66fcf75eecd7936195dda2c7090a4a6179669d8c7d0499350f9b1c76976321"}
[2026-05-04 10:43:23] Lead stored successfully (both tables) {"lead_id":"012de882c9bb64c581f7ec8911426b7a85efe5292b99e6638c9e1fdf5ffd5bcfaf74c6a485f4bfd9e5763f94fb0d57864d51bdd70b508df3c1ba01eccd62432e1fa6c0e527c5b83213acc8626ee6172ab5bcbbe7f2d35c152af4e202a85d4a845df2dfa51e9c3d18ce469d98e3d1b5799c"}
[2026-05-04 10:50:06] Lead stored successfully (both tables) {"lead_id":"012de882c9b029959ae9ac59a431d8f500b466d15a27b825f4b3b0226765d3cb0a521796870e81bedbf4ec2f49b940d36d2cf554598b133c125db74312d1656a00c31f60302ace82c93225d8ed7a7208778ebdbf515be93b734b97aee27f9d69d86c11ad3028caa2c2e47e260a009ae78c"}
[2026-05-04 11:12:53] Lead stored successfully (both tables) {"lead_id":"012de882c9738a95eda6e820374412df1886665b38594c30a0bdf51ccadda0969a40803da8cba743f04dacdde749244c5d1f63e99c22ec11be59d32e104e9910e394830b7b43f66018f0e3d7c1072a6308c1f4829c412dc64917f45fe6db25926dc7b25a01a365e959c6db32bd0c89635b"}
[2026-05-04 11:16:36] Lead stored successfully (both tables) {"lead_id":"012de882c93f277621ccd2aaf3effe804fe6ae7255b99a28e7b7c0856395b6d369899dff0cd9d6629fc8ce6b4d4b802de5c51297f08b05dd06150d7e6ab78316c3a1228e6ee9f669ea6b88498cf0542d669d7807caad67582aee6d01bad75f3653dccacdfd4280bb5b76220861b443d966"}
[2026-05-04 11:52:05] Lead stored successfully (both tables) {"lead_id":"012de882c9fc76d9e03fa1b47b920982f97040600f6faaf706cd8abf53b0821cdd619adb7345dee2b1ff41e0d16097eaacb515db543c57fa04a5fedc2e6c82267b04235935776691309e30b4"}
[2026-05-04 11:52:50] Lead stored successfully (both tables) {"lead_id":"012de882c9d01d1b1f8787333d5605521693cfcc5036fd8a2fd9aaefbf1590ca052eb92749a370f06505323867f89276e047edbe6b72d3c1c9a423b9bb2695986c8f21990e0584d1baf3d17b09ca79682986798f4963ea6564f048af8de13d8ab40c9c2025a5639ac0251e26d778767566"}
[2026-05-04 12:03:45] Lead stored successfully (both tables) {"lead_id":"012de882c989b2ac7a4c05ae6316ffc229781e7a23a2cade1495566f7cf0766eeeba8e873f70aede10d77c5d70fc927021bf3ff0bad4929d5a0e4ba7ab3ea4636639ffb8f7a92340564f20313c37a426366b7bcb48fe760c3316f151c6db9283eeea8dcc7b6c996f6e48a4b7a8ac8c2d64"}
[2026-05-04 12:05:39] Lead stored successfully (both tables) {"lead_id":"012de882c94f8b3d20594a6d8e61a2a2770d664582914de421c29979986f4f6f0314a939bfb4bc9eab39582baa3c6a41ef048506243398b9278bda6dda8ce03d4a957cb559c2bf0023e6aae1647b72e3edcf008f26d7f63262f8e980382d8cdc7afa914f6637d3c1c6140c0702118f08ed"}
[2026-05-04 12:16:02] Lead stored successfully (both tables) {"lead_id":"012de882c9e485ee0b633108064530f26d255c47635046ec8de7f58f09224e119a9dd7a41063e6fb711ecc543e359093e45e4576e925d340d677d917993ff87a3aac80b32bda470ca1bedd2d7349a34f4a44ade3e7b07d8b961355d1ea59745befdb4afc5be34844fac613a9b43b970c36"}
[2026-05-04 12:20:12] Lead stored successfully (both tables) {"lead_id":"012de882c93685383d911db52781dcb6f0f5986ebc88fa693e8629c886d81d8beb93508310be3fd867506cb38bc2a2eac808930e7a00b6d8fd5e2d151415f4dd3e42dbe70ded292edc16da6ec5c33037d899f7948e8879987f625d41687558b3c4e5890ba0c0ca808e3897cf60b973cd9e"}
[2026-05-04 13:08:40] Lead stored successfully (both tables) {"lead_id":"012de882c938ebd49b288d93be942f0d6222ba2606bf679a46f3b37614b8171feedbd0780d544d8f909424cff16b2b225a792d418fa2d5f075b5193ba5818490f896939986f36bb59334de684e7160ccc67f5f6c8c1de86740ec62b96805c2f4b0eb63a14454e4837ee2992c869c051bef"}
[2026-05-04 13:12:40] Lead stored successfully (both tables) {"lead_id":"012de882c9a16a048e53571800117a46607810e390508f3a812ca487781f025f17f6bc0f51f8e39b8df078216afe6ff5e4fc84ae2415664a51a03842da08977bfc573554222435319b09485b7a294390ff63441fae3b8b303701e8f8a590384e08fe484f882e77a8556eb708d0684ca218"}
[2026-05-04 13:14:50] Lead stored successfully (both tables) {"lead_id":"012de882c95fce6c80383e68d2292d4d2419e0b6281917cc70e8376d9de7d1743e5e2f297752599d1755be00e08e6a268682179d14d2b326c94b5e990d92905577a6248f551eaa76fc9a7b6967b518ca5914b830c1ac7b640b1da70f95b72b77abbb3caeb86560279b25a8509b1cbe0e67"}
[2026-05-04 13:32:42] Lead stored successfully (both tables) {"lead_id":"012de882c9b643e20cfac159653292b3f1f7e803f6495e17c17d522cf84da97a11c6f45a5b92f8756e327977939c3e49e29e549cd5a3ca9ddc308c1a6fff90f9b3610a45fb4f5a428e0965c30b58734de11b4be51f57a23627e4bed2c4f46f109e7f106657de199117fbc2be3e8819739c"}
[2026-05-04 13:50:44] Lead stored successfully (both tables) {"lead_id":"012de882c95da73bf90f8e9e596807fe6507da60ed6343109eadfa9c469fe18de9224d45959800ad8402f48681499756079d401214e08f31b29262d51ab096ab5432b97a834c41e1c529837e2c755514852710c92df314cf2452e2039f904d7d5d7947d687f29eaaa5d4ebd33a08c9bc5a"}
[2026-05-04 13:59:33] Lead stored successfully (both tables) {"lead_id":"012de882c9f65ea832e8f0871426f93ccb80d1c9d6a6316db5d579591b0ffb7220b14c10abd163b774e42f23af3918ef2341083e96d8f9aba860346e643f399fbbda9e4f4e4ee7b15ad0fc370fd9a1f2fa0b51a9b488155d987318f340c989fc74a8b6dc95cbfaf550d9756b057b23c1ba"}
[2026-05-04 14:13:34] Lead stored successfully (both tables) {"lead_id":"012de882c98585c951e073c3b8e8416f571ec4465d8df631bd714414d378d18e077cf86977ebb42c33544cd6791d2b0536c3a31e4032f44c623adcf46f8c175337831a7ba927dce683681eeace4b8a1f3eedf48596b61a3d6da849d11e6ef8af0bb17b38b326b5eb59b8548aac875d35ae"}
[2026-05-04 14:13:44] Lead stored successfully (both tables) {"lead_id":"012de882c9870b59c835ce7bb90927c2fead62c5b20fe59975d111927659b15af9ca431fea7b074ec3f734c2b1fb7e54e5deb8c086e9b31b91320f87a6215dfb4a486ae942a5bfc3f35623fa454eca37d247afdc3fa7df676b2493f4684a47077980f0f2320cbead066836c3d0c5a7b043"}
[2026-05-04 14:26:03] Lead stored successfully (both tables) {"lead_id":"012de882c927e552279ab9bd0b24981f991eeb50534b41b50a0144e6e90b0ef606e175dcc79ea4bb46796bb923d6c89d256375a66c84d621508b759933fbae1e6809965b5558acaf4086a906e58fd7c3d9ea7ca02dd97369b32853ac66324e2e747f45f5e1662ac80c7e9ac3b833112e27"}
[2026-05-04 14:28:58] Lead stored successfully (both tables) {"lead_id":"012de882c99b741c061a5c7efdecffd434676a666a96222a89ec0ccbdd05b1de56b77b05a1759c6d834e9a71ac82cf5bea682c6a20ef020867e8288aff90966ab96a498771fe1934a493fbb43ea55d172b23f6aa25440394a26bafa833c29696cf5095df834d7ce07e9b3ae313e46dd911"}
[2026-05-04 14:46:43] Lead stored successfully (both tables) {"lead_id":"012de882c98ed387ce8bd1b9aa6a1749023e02860f80400f6388875563e0389d2ad2818a3ae295d67a680b23db4e23e501b7a03a5c376915b8475baa191a39642023e4282720e578265c74d7"}
[2026-05-04 14:46:59] Lead stored successfully (both tables) {"lead_id":"012de882c943567fc9841e018bd1c4434ee9f3d6bfab225075bcad3b8ead840592f86c4a126578e395ec315bf50ce441b91c2a5982b8c887ae834d1a4a3cfa76b46dafca948b5e466ba7404717b25bec65ea7c9a49ea3ffedd5df3a7cba730c450c66235ab4829ad067156009b08006a10"}
[2026-05-04 14:50:22] Lead stored successfully (both tables) {"lead_id":"012de882c9e32220389cadcac9d351282a60d1ef4dd73140d2b3ce44e917cde642a668c9642ecfff17293275120a3d18b438f0072dcf0dbfffb0415b371ef2ccc928ba28b1d0d022cc9d6d1f97dea4b600f15525c43c37ab98ad0133c66fdf8155e3b35d2e2d7ad2c9033acc302835808f"}
[2026-05-04 14:58:36] Lead stored successfully (both tables) {"lead_id":"012de882c9e527a806aa5d263a83a8fdbdfcc8885729f527d7a1e7dbe4cf354000476e9dbb5cb5dae358be487fdc40fed83b2f088947a4519845271b31b6333ce4d26b62deab9c3299495258297c7f02df40826d6125f0af3d526374a15b909170f3281bcacc6cd7c9d3db139dd4ace526"}
[2026-05-04 15:06:28] Lead stored successfully (both tables) {"lead_id":"012de882c9e85089b0e86f87c11cac07d90779f0bbe78ad1cf464eb55ed0689e5d7e39b9dcb6674fda3b35a3c3f6b10dd82c17808de6539d053e186a835b03f15ce2f91edfeac985c1f54b9bfef4a3599b3352257ecb769bb97a3679ae3198ce9b1beeb05758268f7a763d8a084aebda86"}
[2026-05-04 15:18:58] Lead stored successfully (both tables) {"lead_id":"012de882c927833396df4a54bd1af767b5af3f7f253f97d13937bb99178433754f5402750e742c1ca84c1a3ea720c981a0911afbcc22aac38a78477cc1925e825a474d4d5464211a2fc9023192a3b5f57f8534579a0855a5d710a51404568e0b70a0b24ca72fbd0cbbb637110654a66e84"}
[2026-05-04 15:29:02] Lead stored successfully (both tables) {"lead_id":"012de882c9e0c4dfb7298c8866eb09836548aec907198be8948a363186360d98531e36013f3ac73e9935d8d0346d8157c931d3966cce3f69d8dd28e408808f37f0984e8d29a8a8f5b8d166f4"}
[2026-05-04 16:13:03] Lead stored successfully (both tables) {"lead_id":"012de882c9be5518b7b67f5c61d8c0b4a7589b7dec18f4cca8b486b05b311f1367a161b3789728ab93db777ef773ef3df131064fbfdc03362f411048eda1038d75460c703b62b7036cd63f58c4fffdebd8b138f2f35a11945540498f81f9655abb7b62c638f517455a8629e397c5913b69"}
[2026-05-04 16:21:16] Lead stored successfully (both tables) {"lead_id":"012de882c9bf97f3d1a7f1eee4814a26f5687dfcb340aa9887b4f8810c9b8ed6ba754e3f3c089e90813e9c5661bd3bcba565facf7aec45a542f0d699e902410231283db8e7e25411befe057282d0f47624d1b31da4a1b886b1a6c7edb47e17bcd6606ff976f7ec9be3c50911402b4b822f"}
[2026-05-04 16:44:15] Lead stored successfully (both tables) {"lead_id":"012de882c923b7659aee4c71bcb780519d16a544e76d9e39cb1796023ec384fec757e66b624bd76922ca5d9b2bcae758048ea5de3cbac25fe29c25f8bbb40ba66c4b297937028ad2218875fd446d500059f34746bd6da2d8019646ccd57955c1fdd6fbbd843916e25e3a8aee92e6387711"}
[2026-05-05 05:33:21] Lead stored successfully (both tables) {"lead_id":"012de882c998ccf552dc8a5387acc159597cecff1b4f3e4bf87c6fefd0a4010e6b0218ba63a5c19b72bbbbba069d78b9c78ff25cf69ed127930530d15d11399f66343975d08e86458fc932d6a99e733217d0ce5718d4e8cfa8b8cd58ded685de5a697529de3eba3e31a03fe437a9aa5c3f"}
[2026-05-05 06:15:27] Lead stored successfully (both tables) {"lead_id":"012de882c9ec0fa7076d7f61d2b83e2bf29e9286d923f879fb84a78014af774eb10484fa5392e7947feaf754b76c8e5e9e8ef7fe2fa6d6c83e932e14dedd28fc43c6c4c7d71258492d7ccd7c1b268c3e6f715ea549e51c02fea3d9a9272d35fdd0f8de7316ab57bc61a61e346b3880bdb6"}
[2026-05-05 06:23:49] Lead stored successfully (both tables) {"lead_id":"012de882c91dd601fad5f3972f3ed87c9c89bb18aa0546c11da1c90aa21a5b34033c35644dbdea91d41a1847b0256a773be98981806dae759955b3c48d689d79b2c5480e3a9b64f21a7c472bf32206265c745c4495adec668a25291bdada7dc593292707c1b4c1be50d3915417c339b430"}
[2026-05-05 06:42:12] Lead stored successfully (both tables) {"lead_id":"012de882c97e17441e99b807834803faf0e72a74cb0459f5a6391a20379bfea9f764476bc049f7d7289a09febd52b63044b7d7488245eee1cc952e2bf61b0a6fb8d6df6a44f69b25bbc9e9f30d7d5baab2b92daf9a90ced353080982773e912326fe08a679b523654c479bf5d7f7ced608"}
[2026-05-05 07:29:19] Lead stored successfully (both tables) {"lead_id":"012de882c9900af62f05aa2272fdfaa467fc816996582769bf373f85ca795af4c3969a4543ea7dc1e859e669a10b4a3bb146d6deff5815fbb74dd208941345e6af7f2d54283d985c2709df7b31206a98541d12ec110b0c6e6db9e3367eb4eeb16a234c430d726e78a91e4b1c9b9a1bcc"}
[2026-05-05 08:08:06] Lead stored successfully (both tables) {"lead_id":"012de882c9382d8487a676ef790f64953b4e896c599346dcbaacd34a102f284f5cd135d56a77e32b38fb2075de79c10ef226ccfb9a5369a0f1acac56efa48fdfbef9c402e05e6b3c3eb652ec3ed8eb0b158a09bd08c4f32ccbf70cd8f02aeab6d1510153ee2e0908e9d90bd1c488dedf"}
[2026-05-05 08:15:23] Lead stored successfully (both tables) {"lead_id":"012de882c97cd6eebf7a30d31326723f3591726bc568b6995390d380aa95752adc82f71677f956caf5e41fe49148de320c885afafab5d6f109415ecee80ece659f9c4278775ea07d88a3bc43577b6545ba38a56aa321bb5b617b7464d878f96cc76f453e7386b4c0436dfc11782f3b77"}
[2026-05-05 08:23:48] Lead stored successfully (both tables) {"lead_id":"012de882c94cd44f86698e60b22a8c6f42b6eae92fcff922ab3d53a9b32d0537f2e88552b99d17b4cdb6d49d1d0936fdfcffa551fa82458128c33ce38d36c7c5044cbb40b74f388d4834c25573eec54ea9d9444fbe59dce406dbdb6320b3696b8cafa9326d10c79b2871ac77b17f6cfc"}
[2026-05-05 08:42:31] Lead stored successfully (both tables) {"lead_id":"012de882c9c09544358652b8ede501cdd815cbc66138b235f51c8b1409fc89a78c3fe12ac8529cdaf754cecaf3f69a64704c38cb1ca9c3011b7f8cf0d47982878362e05184b200ebc7631592794cd15d351732317718a74c4685e59ff08824608bc9ddf72a593d918a145b78bd92bbf4"}
[2026-05-05 09:10:26] Lead stored successfully (both tables) {"lead_id":"012de882c9ec23339999bba339495d27080228b2068de1bc23483a5b181ff9c81288061a07bce4f474de32ecf7ea9e9e9a05025b7f02fce242cbe6893a6a72c34274e6e278f72571cd29bfa1db6a9bb30d21f6ede1f0b5247b71e96c69d00446cb3e3193cf4fcfbae346bdd2f006d4ff"}
[2026-05-05 09:16:02] Lead stored successfully (both tables) {"lead_id":"012de882c92980327244fce6a4ec9af7404545c848954f2e70314221b122be8ae9ce2c388c8ed824fa796be8f1fb6e016a3428a051e3aab201752ed9986a18ca1b5e7d40fafd14ccaba9910422c2a120cc2b0434440722c6008d1b22c44ce78ebe96d1ff6efe23d83a7b0540a95ea89d"}
[2026-05-05 09:17:52] Lead stored successfully (both tables) {"lead_id":"012de882c9c9212b0e75bcaeafb39d07ccbb4138621e284a1f63384e0fb6029808b268b413967bc364fc8efbc4db489fc4526c88e88905482cc90253eea46d2b4d40436133a07d348fda6e5dbfbfc1a036efeb86a763285e98f0777b9e2b59a4e72cc9d04d9f3ce93696eb23f0ae8b6b"}
[2026-05-05 09:31:38] Lead stored successfully (both tables) {"lead_id":"012de882c9803fdf48f40e99c01dbbbd8e029b70542bbbdddbce361c54cb67222100d4a7878b81daee413a63ca5c169488672faabd1d3fdce2bab852dc3ade4623f2f7f70dd51c660a91256545aca48c3d70509a73007dbe65bede238c1062d72b3bb31d3c11a200c6d9675079a8b28f"}
[2026-05-05 09:40:20] Lead stored successfully (both tables) {"lead_id":"012de882c94bdb87a33e45aefe9f4b826ff75f3336ba017c14df0e6f2e52fdbb6b135ce1fd5fb8b3e1caee0dd7ddae312a578969af246eba3d64381b830827ad0543f30476a7cbc95a21da177af38b0bee26df199fd50da2a56b25e3ee925c127d42e9e01d5932f7bcf2c5c82d4e9f42"}
[2026-05-05 09:40:44] Lead stored successfully (both tables) {"lead_id":"012de882c97def7c6b1abc3934248aaed8bc590875f48e59bbdf58b519f8c8138bc7eafa64eda1708b2816e8177eaf38b2ce21cee5023b19db11927ea5842c7f46c2958debf2a4daaa03396779bc68695e240430415921858760ebe9d66dae8d74505d5a832582b61e7532eeb2d2ef0b"}
[2026-05-05 09:44:33] Lead stored successfully (both tables) {"lead_id":"012de882c932ad8183eff6e0b87c59d83eeaf9109fd3fc3ee4fcc4adc3e29c8f6ed9e91afee6736d6e4825478779d07e59183811a7b643de78d8a91f45dcc9f008b881386482b9857d1c534ee5b8315ee191d7dc7272af39ef45174fbe8cf529991565194c7e0de1241d2ad479f19abc"}
[2026-05-05 09:59:44] Lead stored successfully (both tables) {"lead_id":"012de882c903050a645d8cb71b9890d46f277f106cd61f6d6351324efc20d36969835b74da99f4a01ec1a0e477e2c70f100ffa2f4c7828e6a0df5fe38dbf3a2d67206fa07bb79d275fb06e69bfa39f00dcfd228be0a29d30a1683d489f095a6974c5d167b37901cf57a5337f749715eb"}
[2026-05-05 10:04:23] Lead stored successfully (both tables) {"lead_id":"012de882c9753df2853a00be8fe944e9f942610c6da9bddd214222504c9d10bdc4ad11e849e8ceeffa725765cd94433dbcf01b3e9b177afddb9761a033a998f8e00e3b7a97c2c8ccbac5aa97d46b05c52bc009ec72f26c04fb070553e32c398fb4f7c06ba39a7c617103610eaeb3b4de"}
[2026-05-05 10:35:41] Lead stored successfully (both tables) {"lead_id":"012de882c9973ab63151b16dca03e25bf6e88aa83c7642bc652426993e723d5e471188cd1f05fa605463718faf621032a046c89d6df76772ef015ffb55a7d9f24b970768d5bc67cba250a5d115c42bb9fd451358b1239815dd7db6944df312f7244d82c63fda9290599788408900167b"}
[2026-05-05 11:25:43] Lead stored successfully (both tables) {"lead_id":"012de882c9f161bc42c7ae09c39baf3c0c2dd503f030dc670b8bd0aa606f8bbe8b34e9fc44f86a991ff108b413b1279acd1815b13caf397eca239ee30d8d27d016f68e99bd217d3a4ac4683ef1b81f5c37b4e70b92e360f0e1b9f052189903a97d65df65832ff61eda0c704b26695f10"}
[2026-05-05 11:41:13] Lead stored successfully (both tables) {"lead_id":"012de882c9a4cb9b53dea8e93a3781ed759a01a92380c9843a307ae541db5a11f2b1e404f8811fcd0935d438d8419be1faf75f09793b17fa3a1e2084cd855b45a87181f563000bdc9638d7858f0ab5b3b65514f448c64a898668b1cef37ab682d4cd8a599e0a01196d785c5684dc1a40"}
[2026-05-05 11:57:59] Lead stored successfully (both tables) {"lead_id":"012de882c97eaea5db24157c86ebf8a565adeca51b26f6ed2a1db2ab5b8342d00f2f61aa6f9613b994256c4476e8bdb2fec5e1330865097cde80bbcec59a64ae6ea9856425513ed655ca906b6c06d49b3a90a1b43735c5ecfd92ede97d6e8090250f011f4ac0e7d3fc2b1f31cf3aae9c"}
[2026-05-05 12:17:26] Lead stored successfully (both tables) {"lead_id":"012de882c96aff890187807fee1c971b7aee66ea3400d65bc2d7118e2ba9fb70217a6e71ad4555e87f839b1e7c13ad0684939dc1378ec9ccc1789d7c61cf381f8b1f51fe8b03c96381dc28d29f69b9f20f74f8e02ace29833b8379884c19e9325918db99f2d0cf079e4454819677a23a"}
[2026-05-05 12:22:54] Lead stored successfully (both tables) {"lead_id":"012de882c9da8ef76e6babeb6d979417a26cc9121c9feee42b426fcdca5bc0bfbfd87a2c210ad8b3a6733ecbbfd2cba81ff00895252eca9aba47410685e705b66d9150f56506902ddce374cb18359947a4fc525a5cc57f98b05e3064a200deeca0424e122b3a2839929d4f6f761abaf5"}
[2026-05-05 12:42:02] Lead stored successfully (both tables) {"lead_id":"012de882c9627cfa0c9de0d4c197cd79a79072b2ce93776eb5c5e0600e2f3f6919a034199be8149e38e43fb71b631cd0458ce2f8d45b8d29d64bed5a805039c4fbd0a8c75d1bd7144937378afa47f1a3a0db4769dd7cc0089e28f7ef333a2b8c8d2ab6f51aed7fd1b5c909bdd5182d78"}
[2026-05-05 12:44:25] Lead stored successfully (both tables) {"lead_id":"012de882c9a61cb820376605d7fb23a0e3a65f67db4e10b295016ae941cdfe2dcc5f5433979bc6efd750e9bef727929c9931bfcd3f662e85fc8809cf33db469b5786582f0522a545cfc04964bb54e6372fb4c218bef5bf1fd684026e3237aef29611fbcd3cd79b9737366b7ce438b17f"}
[2026-05-05 13:47:09] Lead stored successfully (both tables) {"lead_id":"012de882c95b148a0149a4fe654e99161ea1b79c68085f2b3ca177c6665fa0acabd2fc71913a378e561339859875a39f27421097cc36ca14c3eacaa461df44b183e26cc798dfdea6c87a371e3062d2c9e1eee1e44e338ec026db83ee5449d77a04129c6494b69ac176097769f1e458f0"}
[2026-05-05 14:02:33] Lead stored successfully (both tables) {"lead_id":"012de882c9810e3a7b1f1dcbd8597b7e2b2cdf9074d483f24ab34f6a651d5833ed9c0d705619b12220c25dff8d3d907ff2e9230d2d411f2ce07e143211ab1857275e8926f6a74ff3d5b88a227d3c09fe70f7b43d76ed9da429c48f46e061faaf17626e11164f3c4d4195a3572c385dcd"}
[2026-05-05 14:02:44] Duplicate lead ignored {"lead_id":"012de882c9810e3a7b1f1dcbd8597b7e2b2cdf9074d483f24ab34f6a651d5833ed9c0d705619b12220c25dff8d3d907ff2e9230d2d411f2ce07e143211ab1857275e8926f6a74ff3d5b88a227d3c09fe70f7b43d76ed9da429c48f46e061faaf17626e11164f3c4d4195a3572c385dcd"}
[2026-05-05 14:52:07] Lead stored successfully (both tables) {"lead_id":"012de882c931cbc204a385dbccf8620f838614fb832d43b747afc67df64396a0484394332d66163ad5236f128cc7e8c20bc0f4849dab3d353141843051896ea32f8f9169c3efb04290ec7fed816fd6e42fa1993d038004e38cccc797f0fc9688b1df978456eb13cb61309ad4c0b62930"}
[2026-05-05 14:55:08] Lead stored successfully (both tables) {"lead_id":"012de882c929acd9a67dd7b2e4cbe0e2cf16dc709b453528d6b0f46be3603d966a2a5121c2517df79d6e902babc86ea53335ce3ed039147e6bce65e1a9158ec9acb9d207990c7b783dfc58ef6452f4ff11ba974c3f2117c77dc1c1174a09aeb80973d12fd84aa1ab584affb73ac45dee"}
[2026-05-05 15:02:26] Lead stored successfully (both tables) {"lead_id":"012de882c9664d727cec18e2b87f5b559412792bd84da45f7b1cb025db22006761cec98ababe88286b59e8f10a3ced6e991a8bd5ae3968c7a09193a73bd55f891b10072f725adefadc7b72b24ea1677b5ea67b9b641f6b1bc012e42304ff972afd6b6806102f41758629cd801c540061"}
[2026-05-05 15:15:04] Lead stored successfully (both tables) {"lead_id":"012de882c966e3c9d3f934f1856ac114ccd2703a2ffec02f7f67e51edbb808b471c573648c8ab81847e7871a8d0cd31004e494938425bd6c2a08af6464cf7bd1ba9c4102329903ce74da88a0ce1669c54745b0bf6fea10365df582efea2b40efab7636c89ab1ed4334c1d2b51042de2a"}
[2026-05-05 15:16:32] Lead stored successfully (both tables) {"lead_id":"012de882c9fa1534bf78c20132e7a51750362acb317a54ee11da9166114277737daa8405947bdb0635a56fb15fb118d63ee8a1f28749bc9a4e3531c50e5dc2136e72ec0cd745174654d17984f7dd9fd285a891493abe32dce38875c31bde74ff43218eea3bef01e83ce833596003b103"}
[2026-05-05 15:34:40] Lead stored successfully (both tables) {"lead_id":"012de882c93e15b488bdc14bd5ae08d646ac2fd6f024953c14a8852fc1dfb8a8cc340a64617486aeaa71a101b9649990edb0515c2bbd69899fb0459ee16e6a5ca7de02f3624e2b788726c36cf5c319da57ddd6bff3bcb102466b305714256a27c7518ab70fcf9708b3a7ca14cc1c33a8"}
[2026-05-05 15:37:20] Lead stored successfully (both tables) {"lead_id":"012de882c9aeac418f0dffe68a555e1184267452e78f8dfdfc9d92f81327a3df69d5da65c3aca98849bc487b7d2504f410a016a3ecd08e0da43ec4214428d51ff33291abaa9c2f7bb58a7692df624e06602b87d0f8ad7181f8072941bf92ede006afad7d6eb7c822021b018d1f6af62f"}
[2026-05-05 15:37:23] Lead stored successfully (both tables) {"lead_id":"012de882c98b11ec033b013eff77ca0940bd5ca2a5cbda7ed251084f89eb7ec6b0fd066118a92a818f90d2e35188b5eaf7893aec2a94f0c4d682c862bca81414dbb404d7da82eabb2056d4d5e4917d065296237587eafbe5f107e008a8e749951a1704e5cab85913b0b282a1a91a486a"}
[2026-05-05 16:12:32] Lead stored successfully (both tables) {"lead_id":"012de882c91a4288f3941281d1811e75d02cba5ce2fdcfa0e4ecb96e558f291ce20d4c6a76832755bd78d1122cfca8600bf5b61fa750af5255acaa069ef09ca9943469c97a03f3604d9e9f19f3ad5b9b1ed7aa07ac7f54f35d4c93d46d3c6bf5d688c23057ca35ceaaa3a3a3fc7bf28a"}
[2026-05-05 16:13:37] Lead stored successfully (both tables) {"lead_id":"012de882c9e95037dcb6ab2debd86e0d531057278eaadc497a00f97bcc301a95d3b15d20a9978dd62617acde484ed500b52b9d7fb7e7b588eaf7ca7bfafeab4517c283d74e328e2047c795346e3653ca0f1402ab561ad4187479a6fbaad1e077cd9d61ef9b404618f2b11261083e99cb"}
[2026-05-05 16:31:24] Lead stored successfully (both tables) {"lead_id":"012de882c93806c8610b1ea211246d8db8820a2d1a64fbd24f99fad03891eaec70eee2f70d6be38257f364de9cab2f1f51c2df989e8a9bab337bf39f46a723272059ae9f037daa1d4c8f6a99705165197542a073f4e56e4f5138cd27eb9b15c06220296ae9bf23f588c620ccf2289cdd"}
[2026-05-05 16:41:54] Lead stored successfully (both tables) {"lead_id":"012de882c96dad1868acf0b6239dcb655077eb1ebe9e6db52ba9114629b146b8bcdddb920bce4f6dc7ce9a90f97d26889160ac41f1e8d6aa76f6599dee098ac97cce5ea11d5c23309c0157b0b5221e343a33f392491bc491f0192e305eb2c857de742ad6bd6bcd9416ca0c412f65574e"}
[2026-05-05 16:51:18] Lead stored successfully (both tables) {"lead_id":"012de882c9048cc835e5a3585af83f6b27f0f36b9a8afbc0316ae0729ff0ea684344e90a0ae39a3d1c06db51d9e565e9a36bf3903d6520dafcfc97d07bb89c3344a3d120fad21cc88a845042"}
[2026-05-06 05:04:22] Lead stored successfully (both tables) {"lead_id":"012de882c9ae4c08590000425fc6e9737ff08aa86c488cde34c0dcf782e49a842941034aba8edc0b3b8fe0d33aec5a7f9694a9f3c4af0a1b3c5dde93163278418ad995dc8b74911f11c32f186604617ce8c4dbb94331c3b46e356b64f94cc1013d6c059cc5334916032cb67c1ec94ca5"}
[2026-05-06 05:25:09] Lead stored successfully (both tables) {"lead_id":"012de882c966fd8807e4b12930bd43f69e1c0c103a61bffccd33d0008d24c9d48f02aa3190a20b994d609a3fb99516a65fa214e5bce6517198934969261547decfdba78f920be14ad0bc3d3694e0b5155ec6ec9ac5da2bde291afca741103e866db9759b197e756fe3cecbcc26193109"}
[2026-05-06 05:36:09] Lead stored successfully (both tables) {"lead_id":"012de882c99da572b81d21d670f2fe1db937afa0b871377da512747452793c31b3150bac5a48a27ef89177b42ebc8045903d29a11bfa43e0959c19cb27183f488bf12827cd76a9660ebca8b6fb0195c74ac3225ca02771830f3c680b9ab951cbc5e13efc8b6e80146dcf443e62064e0a"}
[2026-05-06 05:45:49] Lead stored successfully (both tables) {"lead_id":"012de882c980af3a4fe8b24d44d699776559a8baceeb140d415de2491c23ee890739e082625160d77e264dd25e669b43206e1f4e53e9c782e1990aaa5540951f28070f66f5e35982b60d86dc7acf9f5b554e00720bd1d7a62812b6c57c39fb742ab818a8ccb8238badf9a7c53ec22da0"}
[2026-05-06 05:57:08] Lead stored successfully (both tables) {"lead_id":"012de882c97f1ee8b3a0449d84ca4a6d7b5b75e2b2af8ead02fbcd425759c6c4fea79f4e60e05ead2ff2870a2d5b3f6dd4474d3dcdf8b64e4fa6f60433181463d7efe18d97d437d4ea18243dee9dd7d1b3953c71c5d341c66e91686753229e39d1fb3c460b4aa96f6e2a02f097a701f9"}
[2026-05-06 06:05:47] Lead stored successfully (both tables) {"lead_id":"012de882c90280ddeb42976cdb65e7a588dacb543e8d25009b41705e81b1e464ba2f97c5ce9f39d3bbe9058d4478606ee52766579d9da124a7b70089f26094c6604603b1eb89ef413df6c5a960c4030ecf2348f0139976f1435b341ee83410beb0c924f0565d2af316fccb4e74fb94bf"}
[2026-05-06 06:14:44] Lead stored successfully (both tables) {"lead_id":"012de882c9bdd45df40392f308f0e014057749c2e29366c9cc17c5b3283b30f17e71599101a46382a2b5891f925cf293828930c0fb58701888afdc20a09bc3ebfa2b389208fbf6b89f7318479da55a1b5d200c0809483c19a5b05d0f676b0ff0861a661cf8c0cf3ba6abf78c11922b88"}
[2026-05-06 06:15:27] Lead stored successfully (both tables) {"lead_id":"012de882c9df4a3828aa4a64a95996e4ed70cc385b177d4e97ff23c702b30b0c14850717beff3ab1cd98c74d2d236b536523640bd50229d723f65d46cffe9c0ede2fc2cf54c56c6d9292c9f296f9539f19f94ccc064fa8924f87b6b20b8e1a08c2c4a4935784b5400634259e9bcce65c"}
[2026-05-06 06:16:30] Lead stored successfully (both tables) {"lead_id":"012de882c9909a6cda75af4e83780e9e050d10dca1105c80ba3be6a4947a711c4de7d799e836d817dda2c1fe686faa09384af6d7e2126a9cfcccc958de8ebee025fb200e4565b921c191d3629e851ecbdc4298d4957444020ab8e2cb0f0a41a1209cec4e18784ceca00e60c9bd54b680"}
[2026-05-06 06:39:51] Lead stored successfully (both tables) {"lead_id":"012de882c97da4253572c4a7acdd782a90454d1eb80e1ced82ea3c324abc3e667014171e46ddd0bc4021ea42d6411075138f807cf10acd23a75f010bc876e5a2cb580666dcfe65c73f7275c1"}
[2026-05-06 07:22:04] Lead stored successfully (both tables) {"lead_id":"012de882c9b29028e64bfaca036e7a9b38456ee7ef2a62a75f1c19b4e1032d9211cace55be153dcd3da591e2c2d8067cb68eb87dca666a4570a5264eee6346b4ca0d47191333c4975ac9f15fc6cb871baa770fd3405d3bca3bc30056fa4a5324f33968b68901037833b8b38417dfdc75"}
[2026-05-06 07:22:35] Lead stored successfully (both tables) {"lead_id":"012de882c98548dae33d40cec720634dd71306f451f17b0fcd31aebf8c17c35aaf767e2f3dd490d2ddc130e9b900cd188a2911fb79fc9bc30b06cc730ada3cd3b8fda3d31524ae4147ac6aaf17eb428341ed6a99b1042735d4a8f016d3d17fa671860ab862997008b431a22111a0e07d"}
[2026-05-06 07:26:01] Lead stored successfully (both tables) {"lead_id":"012de882c9062309e2596827b78bbe7b69a86f10e391d54aa04de0469bbba32ff2dd3400e8daa44ccfa63077d19057be9371bf5deb0d50e4ada1467394444f79bb2631a5cfeca3966d995c30e4403020b89c35140013e70b93aa4c7e8fd729a3da4a667aa5f625443de0c6f6bc2b9666"}
[2026-05-06 07:35:03] Lead stored successfully (both tables) {"lead_id":"012de882c9df4305e2e2c03e820a8582ec2bedd9ceb09ef8c1ec9ba7c405a408f13c69518756d0f5f61ade046062010bd7e446d1078706c2b622a3ebdb1839c447b00170e59ea079dc50da6478dd1ae3500896aaa87f67d388a394d2b445e2cd7456ab35eaed6682c7614593fb7c830a"}
[2026-05-06 07:36:45] Lead stored successfully (both tables) {"lead_id":"012de882c92ba0f19b5650d521f96d6ab4587a0e75ab1a1f6ccaa98f88b82d068a28ba0ca52508a3cb87417d4b64a1acb522567f0613009cbb28dd2734087161cd9f77ee185097abd8e808969d10ef0c76f0eebba3ceb60df2f21fcc17ed078b667e0f744632f9eddd471f16686142eb"}
[2026-05-06 08:30:02] Lead stored successfully (both tables) {"lead_id":"012de882c9b3f87155307f08d6db75ad267ab8607db7c75969af97d2871ac694f5e6117adba30fa51b93e227c0164b68797e0ae49f88eef6299eaa0d9ce0cd1eb2271869c8bbfbe5ccc62f608471548e36241b5557ef3c629f3f8ade2c6cc05cef0562a96ffe2f212ce6976096d46004"}
[2026-05-06 08:31:10] Lead stored successfully (both tables) {"lead_id":"012de882c92d06251a90646dd7e346578ab854adab00703c8c5f729c5cc6c59414bddc4935543d38888c478b6b63973b72ad53be5391478ecf6979d04f8eccd7290bb868bbef2958256e774b83d17090d0a91fbe239bb0224f4e28b027b91bf9df9e37a317ed7c495527142d0596ac85"}
[2026-05-06 08:32:15] Lead stored successfully (both tables) {"lead_id":"012de882c9d7e3bc30e4291bc4864d6e5ecf0c4c20880c90eefa2077430ff75b54bf72d78e62d510db4e9a32a7807d2fc113ed645eb95bb5f4cc42fa6f65e0a88875d4fa4795e90382e561989fd33c68d0b44e1565841540a97ff7937c08328000eb59fab2073aa9385331d34e240d19"}
[2026-05-06 08:33:00] Lead stored successfully (both tables) {"lead_id":"012de882c96e3e3963f21fa521de6afe17c24c7e5037a65aa9bee6afaacfb5dafa1314bc30674d5b4ea081d64367a6eb3561b89252594a712913d6b655f56ef5339dcc52c46db1ecdd62ee4ceca09db15988ab8da1c2d7c78763b1b160683c00a70c4de8ed4074f0e341001e1aa43b44"}
[2026-05-06 09:18:57] Lead stored successfully (both tables) {"lead_id":"012de882c976f0fda9bc5a446e82855f9538e17d348749bb326088afb4af09397a994a2ff94220763665eb47a9cad172531a7de29eec506b6b26076e17250ad9b2d46b0da270c0245532fbe71be8dd02abd38bc519135d2c7304c8416d84af5704c6b65dff47be04812747b7754f6066"}
[2026-05-06 09:25:32] Lead stored successfully (both tables) {"lead_id":"012de882c9e1920b78c84ff8ab0c466defa205ea69fb78c6c7902446a02fb36a8bf944b7564329398be8701b7bb185191f197e5393cd84ab61dadea2c17cca5dbec326cc7c2205ee0c5d79cfb40f43cdfc9fa6e47d1f6eaf6230f0df4a952ac804f8cf7f5d0a87b59e221d022665fa8c"}
[2026-05-06 09:37:04] Lead stored successfully (both tables) {"lead_id":"012de882c9faff216f6603bca333f13e6d81997d71db830eafa0b86aedc9d1637a0ed910f7a60f7b0343e07e71bfd7af501c747a6c27dbea8ecfe5f6f2400579eea3b8f148886ae9d5cc32ca7f7eb73a09d16b14ad62e4d015990a105cf46f47708e92fd2c81e8ebbebdcea5c16614a8"}
[2026-05-06 09:40:29] Lead stored successfully (both tables) {"lead_id":"012de882c9dde230280899a43ea2711e24ab2cb91f0dd50024d0fcb0379b7efd4467ee9ac20efa91fac0e3cceb19c72366181a9d2c9f414615273dc896af0dd20c36ced1b4d9de52725c59ba69701cb6785eec21b341eea304f9bc67df5b76d42637af0ba0eca1d5b5c19605db2ce1f6"}
[2026-05-06 09:43:44] Lead stored successfully (both tables) {"lead_id":"012de882c98bb2b8a8ee5b31d3a86cf3376e9eaf2573cbacbb05606a748d0af20d4fc2d3e24cc5e98abff816ab23754b19ec78a33479210d66c1765cd54113497ebf7e32eccf4b2c9ba4b010f41aca6ee9a506e758718cd684e30b7cc742a9d0764bdb5e688c675fab6dbd4a886026a8"}
[2026-05-06 09:49:53] Lead stored successfully (both tables) {"lead_id":"012de882c97e1f6d296d9f8337bb658dc1a53dd927ada1c39f6e101676020206fc3c4de9c7a488f46a6d07bc4eb3aab43036f7738d3a394a2fca6c2aac284831eda3786b62e4f9895742ba35ee8c72ad778b98805a18c7987c0bbec8158c77a0c49d9c2165ae67ee1abaa05494e1c051"}
[2026-05-06 09:50:52] Lead stored successfully (both tables) {"lead_id":"012de882c9de095062a1cf528ab09b85730fc9a2e43073f9c42480a3df590d693254aa8fa6fa92e7286597fdd9aa68e0b62df3b42b55e4cbb464a65983ce98493a7763cf5813cf74d32aac07ef88c957a37a73d227f312b7197facd9afbc002967c0dc846c4e4267b457ce35457dde81"}
[2026-05-06 11:08:24] Lead stored successfully (both tables) {"lead_id":"012de882c946342dda8668a7099691ad7ae8011706d5293b9564078734c62d4e68d9c2aeee728d93e2d05bbdd6c1cbd291d40dab7796ab3aa6ca19924644ceefcf897f99bedffe9b94718ea63fb7425bacd1f68ce840efeb180764d5500421df8d8f6924016360ad99b655843517ec93"}
[2026-05-06 11:08:41] Lead stored successfully (both tables) {"lead_id":"012de882c9cae2ade74fc204f47bd10e2239113fae60c701ba3f17cb892e556988435615d33092a8edbde23593582a8aee24fb5a0a0d797ee2a599266643de9c96896c047872af57d3262d70d54079e608438019942811f12d7b636bbf207fbd65ad9c58edc7ad8bacbd46f810538ba9"}
[2026-05-06 11:17:15] Lead stored successfully (both tables) {"lead_id":"012de882c93c252a7c2b1553876572c25873aeffc4dea99d389ca6839a0c5efcbb04f48eea22d3b2fa61d5ea69de62c79ddb1c181bc4944f5ed6d37cc0aef01c0bbfc0f822a3c18ce1074f3bb537faeef2ba88cdc2af94947807d6fff77087f7d4c512f3a04cc847768a0379c1711e0d"}
[2026-05-06 11:20:13] Lead stored successfully (both tables) {"lead_id":"012de882c91a9e98450308d9ec0d66954739ce26ff9f471b03b4d241d12c113cbaf3c0a239cdfb95a8fd79ea693ffca76e8235d37b69386dd11e17e85df06777aa9b8fdea3e92d46bf4211e6e3ce4c475ab07137fdd3e7cdd2ee5ae3b0a4f54bc75b34ccf66f3ac9971fbbce651ce0d8"}
[2026-05-06 11:23:56] Lead stored successfully (both tables) {"lead_id":"012de882c937d2999793069bc7b8e45d48e572f3d88cc9e81f2a7493f4a676c0998ccb402ac4e100b42a5165652975eff5a5c2ccbe9bc91b3d60f8e26e76351f603f5d932b25c81afbe1b0a5b0182955dd2aa899a03447e5434cfbc1f1bfc87fdf62c85cd002c5cfdf69a4f58ebca48d"}
[2026-05-06 11:24:34] Lead stored successfully (both tables) {"lead_id":"012de882c9297a9b4839cfc9904477157d0982d50e784105ff70d6f0f36a982fdbd212c40b54d2edbbb33d10bb108e325ca929aa716511f4514ca465e4cd47247399c3fd7fcdb6a680e84c551573b46847dc061fc84aac66c2b06cd3a5dbce87ec51e9b61e1d30c2fdecf1389b4cd3ce"}
[2026-05-06 11:28:00] Lead stored successfully (both tables) {"lead_id":"012de882c96bc7ef754a65f75573bf9de6e71e07dff76a65ac453af8d96a2f61cd58fa16defc4cf0123bbb7e2e9e85f8e7cfb48ba1f563b2003d87e2def1d46339f8a141494abee74e45d13595aada7b20e733141b15a937d385418582ef3a14cbb0d180a57a67e014b92e48b14f8212"}
[2026-05-06 11:28:36] Lead stored successfully (both tables) {"lead_id":"012de882c900f71d6cd3844f9a8fcdaf63da79da4fdf5141747fff89d3621abb3d8ec9f96c52d3ed1c7a316255e11e08bfec164f842d72729fba39004da67b8262188418b00805b5acdf6ad5e1130b0535072de8206482f57354b88ae5d2d602df94b23e68e8b3e23e21484e0f3bc213"}
[2026-05-06 11:32:50] Lead stored successfully (both tables) {"lead_id":"012de882c9c54a9b0d81ea2dd81b7236ac9f63b535eb61a371d8cb363989e942888a9892837dcf525860d17865ac2d81c0e06b171d2c40987bcb4ca521a8fabcac92ce57124969ca36a5af4eaecf10064181d77595f5442c6f560256f799e3c9037b9923b188d6d543800666fc3f0d98"}
[2026-05-06 11:41:36] Lead stored successfully (both tables) {"lead_id":"012de882c99ef0b94e234f2865ae82315de9bfd3d04c5a8f9fe8414c2a70e8e61a37c7e566f621a0f935d4da61f0a9e511fbf4457471ba10382655c7c19e603756e98c3235605426a21368813308f6d23571539c9da06e1d66fcd0635cd57a927835f6c4cce9a9040b07cf5e2c8ff265"}
[2026-05-06 11:51:01] Lead stored successfully (both tables) {"lead_id":"012de882c9d008e61014c082a2af968c44f3dd153eaef7c14f78accc1071535a93ee441c1569b5957843cea1430e15080074f64d0f0b72058d70c15ebb857d41db5fe3de1346cec7869bfd89e8f2fd94b8081e29ab3f189dbba6b5080dce79901e91b49bdf67c3237527be05090eecc3"}
[2026-05-06 11:57:53] Lead stored successfully (both tables) {"lead_id":"012de882c9935bbdc40194dd05933ad446fb5455a873d936c87b9927c08e0459079c47f8baa3fe3d4f3d0ff5d5aa463c05b856c8b1a3a4448dc03961124bfb11bb4eac3bd1ce707994d2a5d1f3b7509f2c753183c1a31e660683d042b2ca70d716b49ec1ab1a86d40023e55e06d067fd"}
[2026-05-06 12:01:42] Lead stored successfully (both tables) {"lead_id":"012de882c9b932de695f58b7e8b1a9f8c59aa20e53dde2ca532694156958580fee8e84291e276769256a7b5f423a65ad20c17c824e53207ade40688c014d06f235821d7a237ce6b030e227d4668d84a7af0958bda075689dede4bdcf42f3cfb9617885ab532e80854eb52dfbdebac93b"}
[2026-05-06 12:02:38] Lead stored successfully (both tables) {"lead_id":"012de882c937aff1c076341f6556d8bed06f7afeb19f30a1440b129bcb50ece5641777eab53cf85b170634aca7ea8b16202c3d15fb0aedf0c80bbc1267f08257701dcf0d3b4ceae19bf1fd00a86e8df1ae70deee7279ea63567ea989fbe729f91db63dddb07ca3732121321263302341"}
[2026-05-06 12:06:14] Lead stored successfully (both tables) {"lead_id":"012de882c98ce690c8fbc69749fe19e0d19fc584f67a023c35679aca5ea014720c1ee797eb352e3ea2a14991eda259a7eca1d87a23a71b1f1e50696b56e4f42e6bc989ae721d971b43f80b8a5d4859ac00d21e7cd520a3fcbbbbf48b6b8f6fbcbf2fb88942be7d5c46d7bd6aefd5c2c9"}
[2026-05-06 12:31:42] Lead stored successfully (both tables) {"lead_id":"012de882c950e0691ecc3fe7fb3a96de1158908104640da775e38bcee342ddffa6de943f722f4cdb64b2ef3f46eaa369cd337d117d571b72f4338ea9275689f1aa7cb0f5fb42ac241a3a97adeea5ad05aacc1737f63b0e21e5a81cf0b3e76e6226d01fcb5ac128974f0591b63041cb4b"}
[2026-05-06 12:50:19] Lead stored successfully (both tables) {"lead_id":"012de882c939164f406353299e4373b4d71469183404449ea9f278fed3955acf736ec562145cded942aea164f1e0d2338052d7997dc6c0d0ce3119698ffc47632bd26b3bf5f7fac34849889a4eaa072b9bd040aeadad35551cc066aa02ef81b9463893998039559544f8cadee3ec3840"}
[2026-05-06 12:54:25] Lead stored successfully (both tables) {"lead_id":"012de882c9f6e6cad58cac2838c7d68861c5240dc32d69d3f38f53fac968eea101c32d635db6dd721441696fea439f043818a3561e7842c632863c1e5daa36541a89326e42b1cdf04821c807121515ec1cb83dcd059cd2b5627513741f82058c215215a9fd507d9fbfaf7fe25bbd3a17"}
[2026-05-06 13:29:59] Lead stored successfully (both tables) {"lead_id":"012de882c969e7efed30069e9a9f0cd31f5a475cabafdf6f84063a169bb1f09d345cdb88633e3d875352613eef2be80950eb3bbf2bcc645c2b3f61a68e9d52bfd1faf42f37bbe8d69b29d5634eeb1d6f4b8c15ebc97574eb6350e9de46686fe942508018a9c057ac8d259efc6e8904ae"}
[2026-05-06 13:35:52] Lead stored successfully (both tables) {"lead_id":"012de882c9e8f2ed40d310ec78df9df430e97cbc07a60c7357029ad7c2e02d5f1b36574659bd75d161b3de47c1cac10a4e9d1b72d603ccc1a782d5471d324e9dbb755c246e02c6f75e2ec1c5311641011db092e2a73a2aef4f350bbf3bdfb6a4932ce27e73b54d3f6d872471f0f578bf"}
[2026-05-06 13:42:52] Lead stored successfully (both tables) {"lead_id":"012de882c91bbfe6c4ef918271c4286a854e217736697a5eb58f6fb5a20ae5a5b99ac2f0c2ae50849006f2450d9bf81c04fe6b08e53200aba68a040c45ccad0aff652867dda3e4d3532c26dc99b8b842aeac21ecde044200af470555ad240fa593b37745d7f2586c70b6d8747c438fba"}
[2026-05-06 13:52:52] Lead stored successfully (both tables) {"lead_id":"012de882c929987a9ff19003f44bfd529be46bb8b7fc517acf1b9353bc8fb8a312c7991aaf17eb38cfb9df2d3fcc206e1a2064177f3db282d4f374ab15937f8900bf1f7885e495a3102477a191367801a04eb8be832b11392e59172ba152f94fa36a9ef232593bfbbc5828c873d267de"}
[2026-05-06 14:36:28] Lead stored successfully (both tables) {"lead_id":"012de882c93d6807df62f3dcdbecc09dece3587dfa59538c333978052b3c5c7592eecbd70a32a078cb8daf6b8af4aca5d90a0a6ecf2452b22618cc4feeb1d8acc1673cf7d14252e6846b00db979980f85008c99a2ac7670783a6b1e576b0ecf755e0ff67307bd095a8ea4a28a20cf976"}
[2026-05-06 14:45:28] Lead stored successfully (both tables) {"lead_id":"012de882c9f9b8172cdb8b4251e470125b40a96391e8aebc824e16cf2a55794731c9024a2955b7f69a3f5ad62c05018492a36c50bb9ec94986e53b1c7bd2e168710f3cc2b74cf7ab5a4d26c087ba99523c381a512dde20e0964deb9c403369492d3914f6349d71b337dff1073f3ad95d"}
[2026-05-06 14:45:32] Lead stored successfully (both tables) {"lead_id":"012de882c90b011c9d77ab319513d71da4e23eff4e850daf8a1fd49699833b5702874d8928c268ee429860e9d8d062974b70ff9911b931e7a6d4ac6de3960ad0cfabbcdcf88017e7bf5f39f01635b758ce28c8e11b12d50ce72a7dc3c072bc25c76733372973f436992e922d62267287"}
[2026-05-06 14:47:08] Lead stored successfully (both tables) {"lead_id":"012de882c934f5c155b961fbd96b890e6db5da0a804f60c08e73a27c3260dbbf8a4d19333a82d3e248cb029639c2e0d858be99eeb738dda5f32c1863551ca0c3e6eb11d6ec61688b28a223fca9013139f2f648e58fb8f75368e11f570fc57d223a4521fe96d4e9d505d3836ae6cdaeac"}
[2026-05-06 14:58:22] Lead stored successfully (both tables) {"lead_id":"012de882c9fe10e46e28209c22dde66a1c27125e2b57d6aa12a8a4f1685be23cdb660bedc2029f10390855f5b3eef24668f49517bfe5d35af74d583fd199d5cd59a45ac32da8a90db6af430582bc0efee0b345e8a061b3238ac57fb98359082cf54539a7a74f44b99f52fb54bef34096"}
[2026-05-06 14:59:43] Lead stored successfully (both tables) {"lead_id":"012de882c989a16b80ccc3eae2e908e0f2680bf28cad119c0c4e2181c36e18d2a26f8b66b5904dde4a5320c850446b153b1e597614302a9c61279159d0c629f19e27d2e2f2bec6187e257e8a4dfd2951ee8f4c001fbf0aa4ffda9fd1c35bf952b98859acfaf460bd43e3058f7058c98c"}
[2026-05-06 15:02:53] Lead stored successfully (both tables) {"lead_id":"012de882c9ddf6a33d560fae5a451cdd926619e0b54449d715c32189b9f53652e5d4c3020bd3b5eae44c69ae6987935abdafee4f99f4ed45b2e1fdc085738663133cf46fc2b8cf85102a24396640d8b940799fa9d9d47437d60bcb9c169c0c25d568f9b0bd29ecace184645cd4f881ba"}
[2026-05-06 15:04:56] Lead stored successfully (both tables) {"lead_id":"012de882c90a4ac78b0a167be6106e799ec6b8211d6ddf8d8275e86cae62013a58d65286f8eadd117d63b714ddcbaee43ab9591d90f21b6e516b74f5d04bb4fa198c9842adfd8890c96156ebb35ea6e5b1e7eae22cffd1709b5c3dc871193c338d80621d18ff203b84132a41fd85761e"}
[2026-05-06 15:10:48] Lead stored successfully (both tables) {"lead_id":"012de882c98d3418931902446958eba1a9f0c77a2081fe368c976d7bbd19c34e5545e60582ccb6d632b0dc05f7ec0fbb1c33d69086f574ba0e564761a811edcc6120ad8b99836df2c6bc5f81745409f0504931d9cfaa384d6fe9e5f0a9c727fccd2bf2b0d76a37cb769849b97c015040"}
[2026-05-06 15:14:48] Lead stored successfully (both tables) {"lead_id":"012de882c94069d44422a72e96300c3e9aefca7afd8ee38d7562497f663ef21ae05adf4ad489f559f7943c0c5a779b42091ccb4e4c81a6cefc12afce4cbe6306c26672c02f383d1f570928c2bc23d60e196491ba9f9b1bdf1336942c870399be0dc925701d026326295265fbbb294759"}
[2026-05-06 15:17:18] Lead stored successfully (both tables) {"lead_id":"012de882c9d2d15e4128e750f8ca8be43dc4203bf94ba29e9e5f33ba0a364d5aaa1824d0735689d0341663c211cf96b8f316162498a0c8cf90f8ef1a910cf06bff6134afc11dba9aeb83aecc40d426222bf2632a31c1cd9447f2054b6a06bb0ac895b859a80cefff3bcaa9981c9cb715"}
[2026-05-06 15:22:18] Lead stored successfully (both tables) {"lead_id":"012de882c9f1fd27de44f604c1e1eb083d0833a9f64df90418e6cb51f1b57ddc6ae886484ee4e1b9753ced0e151a5706559c23a8305fac4f14f273510c4e9c18286362bcfa548cdb17a45edcbe02e429d2289a5d707fe89addd8b16120034dab90ce6773d9739933084dbf060b02d73f"}
[2026-05-06 15:59:00] Lead stored successfully (both tables) {"lead_id":"012de882c938177bcc14e1936ae002dd7cb9be8f6f3ee0ad805cd367fae71a1a2cd24b18914b4ed9cb6a85eacf2ffa0d8f42e58f3fdafa9130f75873f68659cf2e9d0bfc4a185487974da26854ecabe2ad7859df2338fbafec5593cbadd0b0b2cd5e53776719b474ef7053dc6f1822e3"}
[2026-05-06 16:15:00] Lead stored successfully (both tables) {"lead_id":"012de882c90302edda1228e32007bf2faffd04a67f8262bf82fe6367169d05a20793ce51b368bc53edd8535cf47ed47cdebcaf403ff43dc1094670151918585e30e1313c911ae7c561b79dd831ee0e8ee6cd397a0a00b16e3d0c040ce811dc2be50ba522f2108ea55e43d94938e420b4"}
[2026-05-06 16:17:14] Lead stored successfully (both tables) {"lead_id":"012de882c926b64d85773d199d198cf13ff8e23a8ac0b31d38725cf7429da615de27d80770e56b44ced7b26333218bcc5321c78a27fbd70a0ddd535062a873cd60ca7f5093db567d8ef42f4ccdc6a1877604d245fab069957332a6f05f4f45a3b55e60975e9949adb0ae561f238419ac"}
[2026-05-06 16:24:46] Lead stored successfully (both tables) {"lead_id":"012de882c9130047c3506d0e6758620793d0a825291361a967dbd9411a77a74546e9638c31da56944a6fcfbbb5e502f33701cdf1e292c61c7ea2ba5aef74e70476cbb22fd8a06fbd1ec36d9ad9b320f5792f59804d56b98efd1fdbfc9e22497d7c1947dec3598734f995fe6df0cd68f0"}
[2026-05-06 16:27:20] Lead stored successfully (both tables) {"lead_id":"012de882c952b4bd842be29d2e40dc84ca53ef50b7dddb253da7e59e26229b4f43a45985f6635a8e4f99ebea1d9641105759627a876ef95e18c62b9ec8b21d418ad3b5eeb8c25c393f5f8f59c9ff0d78a86abb0c66b3cb4ab5aa300023ef3642768557800cdd25f3193a2bd73335fbd8"}
[2026-05-06 16:34:34] Lead stored successfully (both tables) {"lead_id":"012de882c9fa4477a11f3402a6e554d7ab4ce7864b75cef71c5ea5c4f827978dd650890d719f5803ab1a0bf12c822d780a99faedec90edb904e94d7fa304b3639af8f8ef47adcc2f343377376faafcf3e6e433cba8ce061d351a4ee1c963df3df0557260ddc4ce871f2e6084d3dd9ff6"}
[2026-05-06 16:43:10] Lead stored successfully (both tables) {"lead_id":"012de882c9c2d0dacb85b1b53e0ea746d349c9b93f1bbc4567301610be314d7db1fc15586cfd377ad7ff315bdd4b7472a4e2434f60033560aba818e95bcfda0f7ed41ccec4bdb81dfa1d60d66a208bdf0779b17cf52f10debf0a56b3b6c4f5a55aa59d586c74445646eb1acb85e92fca"}
[2026-05-06 16:44:52] Lead stored successfully (both tables) {"lead_id":"012de882c9bb65d8a37143f86b2d13c03fabb3422170af3d1afb93b7e57fde749de48ed7bcf82b38d2d9cf386075cf2f0432e31de260be1103519117f35c3f5064fd28bea9a7a10857ca2988b20fcb8db65cccf2fe4afd94426f5db9bee9e134bfdecaee8a5ffd87adc72435710a5487"}
[2026-05-06 16:58:45] Lead stored successfully (both tables) {"lead_id":"012de882c9f8e4da20c7004c918b597f7d994df55f67cdbf20d2d85f650c4d149bb551e4fa2d0f32e7c87e9d662191cf2ef9c2aedc2b41ad34a5aebdee742447de4c385434aab4eb5e97e5e2a5a1c8a6e594cdd6fc75bbf17a20cda6e4d0a1af5e096c1e3750812f698636c75f1c514a"}
[2026-05-07 05:13:55] Lead stored successfully (both tables) {"lead_id":"012de882c98cb80fe554c0af39cc740b3e500e0ab0231eb9fe1c67a4a012c962fbe658b24b4292962618d634161a53f19cb3f64becae7d86365c211679dbfec3cf229f6e3e97836ca5750e2cd2c70cc9a92b1c94f7d2a0a60670da15be0beb80afabef54e3f327770a573c879393c75a"}
[2026-05-07 05:15:30] Lead stored successfully (both tables) {"lead_id":"012de882c95fb1f411846f456c539e970375473b7744270b69efb95a8c89df8a20b65055425542870a3311dcd79be803a200925b8ed50c53bfb84e977c656091862566c0ccbba5443bca85d1"}
[2026-05-07 05:32:15] Lead stored successfully (both tables) {"lead_id":"012de882c992e45e65cc47b50f9ef65fd28229f3ec3e0470d15aaa8bf526fdb69b985bea76a8912bcb176047732de7a0817793ec834db4364666b2cd0d43635176ded03ed671312db1c0ea011a80e481cd31bdfde65ba4336f019f3b620aecc1fd600a7d058b1f72a168fcdba8711502"}
[2026-05-07 05:34:04] Lead stored successfully (both tables) {"lead_id":"012de882c9571d7209863acdd4f53f61dd2bb40fdfb85c5c234d161f09eee2d32cf538262d993950ed0ee83ff6cef84a7d4a3c5c34452786fbfda366bf1b4cdc660b589407bf97e817002101816cd2404294875398223af9e88d1a4718c54c8e039ced40b749f602e87718bc29c28c5c"}
[2026-05-07 05:38:04] Lead stored successfully (both tables) {"lead_id":"012de882c9df4aa01fec54631342c495bae865867016b9c2738b14d0a03d568b9085bcd699b0392fe5176b2c000c5490fae9a61710a14394166d7098e36237f75e7a5dda22cbe4a3da36ee91d1064b658335f3964281f71c9a325e0fd536c3e66787389e3b2cbca93c6aeea4c8ef518f"}
[2026-05-07 05:44:52] Lead stored successfully (both tables) {"lead_id":"012de882c942be78b6cc286cde21cbaeb82687dc23c4541d8406146147bca1f65ca4a11ff66ccdf97dac5f6a29c3b53af18accdeb54636e3204e99a1a4ca89215a23b33dbdd77b179281485c20a9dc9d73cc92f216811d2d5cf0379e88c053600680e15a8597dc07d89f32341f382493"}
[2026-05-07 06:06:03] Lead stored successfully (both tables) {"lead_id":"012de882c91601aab93017f1835f6862c947b9e8099f8e2d1f39a2b0a111af378aeec1ff0ec4a95a0801bcb9cb9d9f06f7312e1d5c9e2e11d53fdb226e397c57c1bc133cd310d71aa06dbda8934384f86612469235a4a4eb1c3a6e4fed687e4555b9100118be36c759cddd72e764fac7"}
[2026-05-07 06:22:13] Lead stored successfully (both tables) {"lead_id":"012de882c9002579220e04ffb449f690ed2ec7dc0c9444e9a699f59b9c6adb083a4ea3ca495520bb83065ac7ec2bf7a3d05a70aacce5567911342cc207d59e7501ff2eceacb8f3f7af218e4885b7c3b17cb822e2c6444467b72da5c7f160a061f0f260fb05af8c2b0586e149d9acec42"}
[2026-05-07 06:24:28] Lead stored successfully (both tables) {"lead_id":"012de882c91b71c820e8e5de5272ba52b96c60ab5fcbfc11b6f594bb1539cb4d452bc3bebd378d38d1e56cd37c650f5e6da2a52baf6d9097880f3a4b2d80b380735d24c6cc482b0f998c352f28535f97da388afa65d4cf67f959e1c4e797adce18d872828a7a874c67ad6a93b19710d9"}
[2026-05-07 07:12:19] Lead stored successfully (both tables) {"lead_id":"012de882c946400bcb3fd966414392f603db7abb4c70d75166324d198ef48e771152ef66e1d61334aec16fac858e7606bcaad65d39577f5182335de13226238f1b9daf5b611f4bc3349a7097f089e77a2fcd6b3b8c93eaa13eae914d3cebf524db7e192487565076ca7cde7874d8bfe6b7"}
[2026-05-07 07:49:02] Lead stored successfully (both tables) {"lead_id":"012de882c98a8896f7cb4e0d75a6ea1c3724ed4d0fc413096954b27b0e020df6f935451068636388a6be70302f56b351ba7e1936eb6d769da77f3a7ecfd73f1d57b30b51f5b2b867568822b158ffcd69a4cd3339b1634583cdb2986f44e8d1cb3404a8755f4ea96d2797da2aa9f82cc196"}
[2026-05-07 07:59:30] Lead stored successfully (both tables) {"lead_id":"012de882c9a4ee4d21171ce8d31e076dfb348e689d62a00b43635d64de137ea44464c6f6d64d374e11bcff706f40099c32b1e310072538c57fd5b0a882a825a6315d023567ec5735e3b82d532879a6129cfd9ab39651e13f9a1cb6dfbb52bddc61228c32edb5bb71e632e37b8c247f0dc9"}
[2026-05-07 08:13:47] Lead stored successfully (both tables) {"lead_id":"012de882c9d227866e38c2bd37a8c415c51ee7f9d2ff961555b005ecd21b94849d4e12b43085d7681298b51c19945d3db731e5e518618d0efcabe322ba2807dd871b9b4ced159f213fd4ff19d070f7b95505322e8e8ff5025255bd3f69070ed1d8891b46c3b17ce04eeb389b997bfb6379"}
[2026-05-07 08:46:43] Lead stored successfully (both tables) {"lead_id":"012de882c977514e616360753cbdd050e088ccd15059f00680f64d91852c1a670dabb2cf87b0e868d793b06097cdcca5b7ab327b800581eec4ad6bc9b91a868d9460faad284d0e03f1f10c94492effcbfa1a85b38d2ddcd34c8f3774ec39d4f56068b8bf3df89fcc74c4835d2ad63cba26"}
[2026-05-07 08:47:00] Duplicate lead ignored {"lead_id":"012de882c977514e616360753cbdd050e088ccd15059f00680f64d91852c1a670dabb2cf87b0e868d793b06097cdcca5b7ab327b800581eec4ad6bc9b91a868d9460faad284d0e03f1f10c94492effcbfa1a85b38d2ddcd34c8f3774ec39d4f56068b8bf3df89fcc74c4835d2ad63cba26"}
[2026-05-07 09:42:11] Lead stored successfully (both tables) {"lead_id":"012de882c92e0e3dd276f4ef4ebb5955183fa0fec0782e3350319c38c6b8b7b131c58dbbeaa55c69ef124b8b1663c613e476cb15ad57a97d6a01edf6033f46cb49a8a71b2fff134388e00093262b4b50a2621ac2c25bee4ef4a05457855808f626496882ce42023c97b2ec8a1e210d81a3"}
[2026-05-07 09:43:27] Lead stored successfully (both tables) {"lead_id":"012de882c9821e6127394ca83b32ac0888757c484f1463cc8be6b0277603cdd61a367476ab54a42cff4bab6c067559a8704687d317a7713ec19e4a55aa3cc482d9be6fd2c41989727218d3fdca4055edd8a1d7854d9ee77efac9fa2752572dae924bb7fe8b5c58541b99c83ca951a57e5d"}
[2026-05-07 09:59:28] Lead stored successfully (both tables) {"lead_id":"012de882c996b6e19e3a4933d3a375152326703130d88444dba53b0df84b2fdf8b7f5f7c48ee4d949576aae0dcec4c2a1788a46ccbe3712f69a55f0a0dbb1f7878817065a1e2e85f860f8a32da46ce7d2eadf0ad77d52a93dd754c7d890b738f7ab008a6f59693e853a640c48a2aaaaf70"}
[2026-05-07 10:02:54] Lead stored successfully (both tables) {"lead_id":"012de882c98d788a2e6ba7949d0775181cfb4ec16fc9b683b2e647a645539133c1fed61f7d49f3227daf70ee07015d9cfc3a3299d2eee07e449ee950ed164b48e16e69d4a1bb8a76e2676c06e41fc05881584bd0dbfb73d2bfcbbc31ef62291faa35d2409289d4ca4e3b24f31e9b80037d"}
[2026-05-07 10:11:17] Lead stored successfully (both tables) {"lead_id":"012de882c92e81df4790019932ee00ee1d9e8615db450925202a9e9a3151195083457d57895975bf3819ee6aa7a8f9504065c2b7b5b4e6cc374884839135866241a5fad0cccd3421314924be9f4c1d9d7d99ee9d3f1ee8e3a6f4f89b2e6d80760c7b32d854f2ac90890fae6d6021be8ed1"}
[2026-05-07 10:33:23] Lead stored successfully (both tables) {"lead_id":"012de882c947c98091862f5ef8e88781ff7350836ae88ada228cd94d0b2679353dc26fa40ad62b18e9fef5b5dbf9fd3a3d1555fc013ba4feaa2c6716c8d00ddf7edaddd144f78d14c7ee2744c27b656cd567c684fff816e4421ae90bd5747c8054eaf1630a9988e1f776f59ed4d2ec9e38"}
[2026-05-07 11:05:52] Lead stored successfully (both tables) {"lead_id":"012de882c916c9eb79d2004948361ee2f8d9a5836ed50eab3cf2e94a679d97583d4cc169f077b902fe7ecbc9ec07b51b8b75072cb21f5511fc6e6ab0f61285e4e39370096ede49a64b51019a52c4a0ef4a8181a66d23159472d240adb80b2a180ad27be74efda2bc78dd8b2726329f04a3"}
[2026-05-07 11:26:16] Lead stored successfully (both tables) {"lead_id":"012de882c93db1d5a1eb4bdbf2bbc410ec22678a4a14291652d8f5efbb2ef8d5b9e3b6f8eaafa2f37957aa09025a2b40f13e17e7fb3c797cdb12757c1c463734425e87763762567b347ec9af117549906826d2edd10882c8344aedbb2eb569168ea37a804eedab0bc5ee05bdb136c81bb5"}
[2026-05-07 11:31:53] Lead stored successfully (both tables) {"lead_id":"012de882c932b8feaf410868a6f2737f59d62098d551300b3a07d4b68865f667691785f6bff443169ac9952eed49934403366767c8e2577f8941ecdd74eb47c3c5d98dd113ed5de94b1176604fbd5c556444c981b39ce5303d71da1eb01ff1ea3ac00d2a1845db4a6efe6c0d82c7ae8ead"}
[2026-05-07 11:34:11] Lead stored successfully (both tables) {"lead_id":"012de882c962d757584ecefd56d99b69592de7703f1ea4cae2c5189c9ccf7bf38a479fd1b18f79bd2a69c83206f05b896751794eaaec6f50f30e1dc10e0f69cbe1d6049ab4e016eebdd21319f1bfb25ad3fca2608ecf3317e7619b41504706a2a9def781a261df5099f77ee3d3e38c7715"}
[2026-05-07 11:37:01] Lead stored successfully (both tables) {"lead_id":"012de882c99a6d22bfab62f4ec14c5987db265ab83c46c10b5c6b9fccbad481d1f16002a0091a7cb1c5d205ee014d03caf956e2e31f308e70e89835dbfda44ac2bfcc53cf389f0a5270c1d11985e4ce450c1a391329634c291a6be38836862da1ed25ec28b822e03dedcc2286562d6bfe5"}
[2026-05-07 11:44:16] Lead stored successfully (both tables) {"lead_id":"012de882c99a77e2666f150c8db062a026d4d162d11c30c130b4ac4dab8f447bc8a6c487eb2b0907c47112cec4a262593e2e50755e0562434aa32b9a8a52c7d8efff176e69f0e894e8215e0d0e2afb453c1da18e7e6d0b96eebd41a35b9cffa66fc380ecc1378caf5e967b19ab007b9454"}
[2026-05-07 12:04:19] Lead stored successfully (both tables) {"lead_id":"012de882c9aaed70ea69e11bc6ee5259b2dd7a8bed26d66c321bd8c2a5abcb29a883a0f21d13b78a96672773c37c61333d878dd16c2bd017f9f6fbd579a9e12e8ce0bf29c00ddd326878522228d6a901fdb615e64f7c7ed655ebd60b463b804857aed2c13ff460455e9e56d964fd65a996"}
[2026-05-07 12:13:39] Lead stored successfully (both tables) {"lead_id":"012de882c9a60fc4a0341aa5da52c84c6e2a4dcbfd7489ad23bf755fa6394a18087393aa1285c97ea1b77856e95f511dd70a28f2ad5e06e06bfad0ebf7a9108967f02272132726fdd023f1c041e0a705305b38fe11f37459a8a716009b551f226dbce7c6526de3939a1261b8f5e5a71708"}
[2026-05-07 12:14:27] Lead stored successfully (both tables) {"lead_id":"012de882c9c19dba59716a7542e3ca9adc55c1ebf3a704d67497f13ce37887097a20e9ae6ff1d0a6aec87b36841cbcb48c0e20a00a8cbbec8c02f2738f8b53bc6a66d23020d9c0f1cc107f53506a5c1f04976c003a435ca616f98af7ae147583c1eb828849f4fe97e09526747ceba6a122"}
[2026-05-07 12:29:49] Lead stored successfully (both tables) {"lead_id":"012de882c93e68ffdf155798a89bc83effc7d73a0ad2d7d9abce4fcd78f71f81680feaad60a886d62a4a96ef494723b6182fa24db4b31accfa322781785ba0a7aea5643b2c96f10e40b11cc62292ddc9be35b757fd6488d58b3dace588be41a051af31e7ac844b52d21500a489eb12eb11"}
[2026-05-07 12:33:13] Lead stored successfully (both tables) {"lead_id":"012de882c90499b519d92d316814782be4fa449fe85a36d2743793612499155a315c2427328ff197a52f558ca80121e0601e7255220373f25cba4f6b48a8cab1253741f713c0ba8785fb797acf6abd4423eaedb0dd3936fc5d23a8a14f60792cd72e70c61adadc6c3b1875810ba95ccb82"}
[2026-05-07 12:39:43] Lead stored successfully (both tables) {"lead_id":"012de882c91f9ccfa545c17accc2376e8b64c6828f4aea34c596f80dd66121440525342c90ea91748de6beb2d6a2c0620d86921776fc2b113491cc31144364c5bd4424d07533c0b2d15812a7c17c9d2fb85f821dbd2d767839a0e2f8ae99fa05437a9b083f7f1148d3a96c717b0d62800d"}
[2026-05-07 12:54:39] Lead stored successfully (both tables) {"lead_id":"012de882c95406b54aa1b53e21cb072b9a441e5fdf2b9fb530e3d4ea3d77fdbb061ae24f3a8ca360ccd4e962c6bc30628eb06b6e7826a7536565bf146062ce6421e14178f1fedb68187399d726685a1e973753cc72914fdc35a358602d98b6542e94a0aa7590bc6e1d8bb15292e543f27e"}
[2026-05-07 13:13:31] Lead stored successfully (both tables) {"lead_id":"012de882c9e8b04e33ba3e408c429de27b75d3441f5a54f263d7e916234582790bbf254cc1c1f971446b7c3bc3d7f18e97f7e14c7158ab8994dcdc5c65cea868c7d75f4755d2b817b9c0f1d72bc90336b56695c111091919a12bbe0d9d95d993b513db1ea263ff3a1e3a6a8ee83d158836"}
[2026-05-07 13:14:51] Lead stored successfully (both tables) {"lead_id":"012de882c9ebf2901c5fcdd78b1624387ed673b162c17a4bf62128787b8061e9f7bf51bef3b804d3b02c8cc0ad262029c8bd016dcbeb04b04418e486dce51142cc5f4c438758e74bc09dc8f4609850cb18ef522b0ffa42a18352d70c8606be8f4392a47674f844d57dff03955a38d04648"}
[2026-05-07 13:30:15] Lead stored successfully (both tables) {"lead_id":"012de882c9e107855a47a0e769b77f50fac5ea7696b4ea3b558ff9991a7359abd25b82e64c602c0a8aa2df4083b5fc09aa45c8702d5e5319c39a91f2e4f01438315db40b0dc9889da8a253420ac774dc4994b05404ebacd5f340f0850f506cebf770e01975f32836e7ecd3dc7bd1315c72"}
[2026-05-07 13:30:41] Lead stored successfully (both tables) {"lead_id":"012de882c99adc44da6bdd441693e47d9ab2acd5e01c9a76c59db40c92a1790158ef940a9bc7fe42702a9cfe02b35b95844dd32d9439f88396b28b9065879b809ed806856821d919916ad133d2b664525aa50158f15fa7213cb98c2f8e23652be3f0bb8298337a1e7b951cf0cd7c0baec4"}
[2026-05-07 13:41:51] Lead stored successfully (both tables) {"lead_id":"012de882c9ae157914930d3f30d462f36d3613c3feea50ba4213f754e976383fc9ed7013e9ab8774e6ab75157d759edea99d58b204f9d3353ecf545af4fabba6006c41fc671722c673ab4b1dc9e1d1f9ea13be749e4ba2ee7302c217769ab3ae76fc217491c5aad874b8b2256c30ca173b"}
[2026-05-07 13:42:06] Lead stored successfully (both tables) {"lead_id":"012de882c9b47c56b99b10877f9c6f68830cdb4048dd7c127bed3ce0de7dfca7c6c1091016cd3e39c3f3690efb73f1e77ea2705a2efda34b146d4179524173318b26328d58bc50747e324fa1c23073e4e133ddf231f0d0f80d7150e8c2a3008e240714006a2bb5d4f8bcda04b854a6238b"}
[2026-05-07 14:07:18] Lead stored successfully (both tables) {"lead_id":"012de882c9a21f3194202fd3fe380a8e947e9f174e77d26f2a6e3754df41f6de84bd5bf1dfc59b6c25042001a6f14e684703f24a9b636b8e02500afdb56bea56de87a71654b1cb5976378c60a374091a9b86c4b8882754549eaee0e7e020a02046be7ab55556569cc8d5e31959b003ea98"}
[2026-05-07 14:13:25] Lead stored successfully (both tables) {"lead_id":"012de882c93a535879a61806a9656b733632b5ab161b19c1aa6394ab9915df10e2f52adc5d6bf98d8d61d3799a3d120ba9b929130a06c2693e3df70867f800233de40c02df94fde7dc9e419b"}
[2026-05-07 14:39:29] Lead stored successfully (both tables) {"lead_id":"012de882c9462fbbd4ea8bd7758947f6f89445797a487fb36afe9b15dfedfa51abd5cc793a44915aa043d98cfc9e520c5f3e0fce3adf764d6622ad6c0185c22e2d5c70e6323d581d0379af0e8f556a4b5bb2b47b34d537f51a05a6272b2724a6ef19e0a07f3ffee23320875260b13f592b"}
[2026-05-07 15:20:08] Lead stored successfully (both tables) {"lead_id":"012de882c9534870c26e6158ea56e020aeb818b6a6ee48e586fecda7bdcf8bc35ccbe9d3f49b2cd98aa3e2640c77bc84c6a0bba29a32fb7556f31269bad14bb6f25480920496fc65cc7d786f4fd80d26605f15abc44f4f7470f97e1ad649d2c53cbc6e8839f8b1ba21d3536985e84bd106"}
[2026-05-07 15:47:25] Lead stored successfully (both tables) {"lead_id":"012de882c979d11a96e1bc63d88f4c41cbfa5bf3c97723db45c060c265dbda330f72a1b5b1435e22ec49c2a317eadd1b1a4ab67deb9ba33aceba0d12dfed48fd4c1a50662c7ef92f0a9df11e51a39b30ab93f383de642f5647df612ae8959ba18780acaf54b80d57dda3ddc396d0482e71"}
[2026-05-07 15:47:29] Lead stored successfully (both tables) {"lead_id":"012de882c950206f4fc1e9d51d8e93e3f76fa71ded7e0c868670a270d89eb1a94ae00fa1521287e4db73affc85fb5bd2a8302ed1324599eaef3b43022f0f9ec7feb5123b210835fd119e5e4bf5e5c8213c1b961f8d8ae5b89ab6e2b671dfb666ecfe0238636c773d81fef909782d2a38db"}
[2026-05-07 15:50:27] Lead stored successfully (both tables) {"lead_id":"012de882c979401db35a1a70d74cedc8265f4ace5b21923e53dcb045365a28ea48a46d5458c267d568faaddce0663d6aa48c53b656fb5a23b700306af004bc257c9ed7d63ae78f14fa2f663a22a1ca27cd732f7aa65c55136a2c2ff56533f7858a8260d18de3732ea868e8bbf44e8395c1"}
[2026-05-07 16:22:29] Lead stored successfully (both tables) {"lead_id":"012de882c91d9cec908e10b3cc3e752a3e7fd4dc9cbb5f637907193a57a7843ff4b1332066ab164a8550f4e8ce8c9c87fb7f44a2bd4f9c419721177af1070958aec3438fd02bf3b4779aa2d503f2f33ed25e7a0343da9535747788924adbfd6eaea9c0cbe256fe846f783b887298f792b4"}
[2026-05-07 16:22:47] Duplicate lead ignored {"lead_id":"012de882c91d9cec908e10b3cc3e752a3e7fd4dc9cbb5f637907193a57a7843ff4b1332066ab164a8550f4e8ce8c9c87fb7f44a2bd4f9c419721177af1070958aec3438fd02bf3b4779aa2d503f2f33ed25e7a0343da9535747788924adbfd6eaea9c0cbe256fe846f783b887298f792b4"}
[2026-05-07 16:31:49] Lead stored successfully (both tables) {"lead_id":"012de882c96ef6c459b376191a63bcb7fc5d5e94f86e56feab5de58fb30c57eb0f38689cfebeea55d025cbcca96d07eaa73b0049fc3b9d41b208a9f25c1721bd45e9e74ce657863130aac2d9c9861d45879413c729aeb28d98f1e714c6726dadb17eb786ab7e2e63d065d6689971e0fe16"}
[2026-05-07 16:32:09] Lead stored successfully (both tables) {"lead_id":"012de882c903426e7610a3c370a7f81ad7aba53f0679db5ace73c580a7d0661f3f316b0e9d6cdb229bf8e2c5ac49a864b3bbf6eae3bba2080b2b723498878f1ca5f295e3a330b041db45aaa66eb5e4403908c11e8ce151a2c09933e7629c41b6aae31698bd216a56ffe01666325184b1ce"}
[2026-05-07 16:46:11] Lead stored successfully (both tables) {"lead_id":"012de882c93bb8578b61b5bb5b1ec95c01668536de1227ef91fd8ee53169d274559c83871a2e9f796f4f9aa770bf367e6adfbdf7d4b06e82ae7a1dfa13b121859b34db038b2af5da66208a88"}
[2026-05-08 05:30:31] Lead stored successfully (both tables) {"lead_id":"012de882c98550623b71845930e299da6435590a6e6d59013ef353f47a23a639a8b2c2e8829db2888d730c13e51fda7093b1df3ae16ae83ae482d9bd9dc9828d2b98626ed86f1a66f1f96a72c76b8e05976825e7a42ea2ddfc117422a11c416557c8c9ce997030f0a8ae04e1a52d8dcc65"}
[2026-05-08 05:35:53] Lead stored successfully (both tables) {"lead_id":"012de882c915403461b6500c60c2cb3683e0de9deeb517a9f855f5ebcf9f0ab868d68434162eb163001ce8ebe8ad8ceb2e613e6851fecb468820161b82ed85abd702be917a7c03a294f3e5442d14f7f8a23b3a9e1c6acd669ff695317cc4eab99aba5cadb01c245514777ff91b8f03bfd7"}
[2026-05-08 05:38:57] Lead stored successfully (both tables) {"lead_id":"012de882c9247f0b56f4c75e5115cd7db7b7073dfe6ef0ba08e12a31708827ffce4ac97d888cba652569e9c97bc9954c96dc59e58996b973f5d11e1ef87b3b2b8297c47a38ff88b9ece58a4519646e8262d06d8291dabfdd365be1795d0a1a0d0211e6da4f062e54e1799de835f3794de3"}
[2026-05-08 05:41:49] Lead stored successfully (both tables) {"lead_id":"012de882c9a042a37e82e66f0c5884c3bb45b6a404ff1058d9a431823f3dadda747bc663af8f32afa7d2c403ab6986cca2fefda97cb53d6577aae6429b3c6ce30540bcbcecb5801fa4e646cd69d971bef6d11467f76e91261712fab597a3225058159599afa3fff77718ec5c0e8ddc4bde"}
[2026-05-08 06:04:24] Lead stored successfully (both tables) {"lead_id":"012de882c9f54e1689432aeaaf3a9aa26f954cf6086601e1ea3218068182737de44d162cf4cdf8df0953b5d26493d8ba8dc94a340b934bed929b414fb8e28b8087214303d31dc146098d0e2f5f03e04782f189bae4e0f263a1f548b2d2dfc3fd84aa0272bfcc00a3b1f1314df73f8db883"}
[2026-05-08 06:15:57] Lead stored successfully (both tables) {"lead_id":"012de882c9de3d56c8f4b059d942bf7896abffec0958786ba48ee9f0acd838d6e0e812c6d3ae9c85c84ffffc1b3d03e5429c5ca0095d361e8dce7411478bd8ff2eb1c36eb9af7a6f8ae0a1b0028dabb802fcc7d18ac5edd45ed7bc24bdac50c84b700a0b0809dc03a8b5578108408bcbcf"}
[2026-05-08 06:21:57] Lead stored successfully (both tables) {"lead_id":"012de882c920dde4a909060c874da1c1d1fe5c93098c6c8990b4d81232c732343ce55fcbe7e414abfb44930c158cd105150895ebb498871464946d42d7d740b52cb2d93759391ff757ba40d5a303f57fb23abed209809bfd76b5bab24ef919fb2373001c7c6fb625bdec645ef3cb77d17c"}
[2026-05-08 06:31:36] Lead stored successfully (both tables) {"lead_id":"012de882c9a215092ddd266d099a76f066c937c19715d1a63aea266c468ff711beeda29a3802d670f52f2e27b6fd66171273b4edcef72696950a967a6c9ef3d7a674b83ae699e3a97d57b56964105a85d29a54a1dd3e539fb0d26ee64ca9dca5e1689ae7b9ef00c00d4e8dd79a2d8425b7"}
[2026-05-08 06:45:12] Lead stored successfully (both tables) {"lead_id":"012de882c9f3295d3c845928247626f02f85f9366e710e76647034b19b78f02b2f81ada5c1cd3458546f0ecf37f096f3227fd3feda556480566cf2c35652965c33a618bb8e2b21c108a9c70883b44c8912c7a72f893fca18005ce241e9d4c0a4d6658b996c387623e287ac1fc84660e333"}
[2026-05-08 07:05:25] Lead stored successfully (both tables) {"lead_id":"012de882c924203de5dd1bed4ce57142a2a8cf50ee60a196ccba42c7c1b9fd941282e74bec2709fbe6d6e7f32a3ec0f1e5f8da8b0bf9936a877552903e5b9380c72c6247ffba0973a0be8e63aa3055512054ea5e1d841682629791b90c2dd23ec9f983209a48ad9fbd5f837cad5a35a608"}
[2026-05-08 07:15:01] Lead stored successfully (both tables) {"lead_id":"012de882c9ddf2d6776361025e5b93b65b98b37a102c44527616367a9a4fc51fb58b84ec7e845b21e0923737cbebdc6303a27d0f0454a8812356bd9cef9551d48d0c0353e5f73e3920cab3428322f05a8d5085a475fa78e50d770d4063efd0f5146175492e62e5ad707c657053ad96e342"}
[2026-05-08 07:31:03] Lead stored successfully (both tables) {"lead_id":"012de882c90ed30c4960218616f500d50bae9c1880dafac43ebeb47e3acd043ae4fec0f97ba8418bd20954dfb1c66ed0c7413fe4799c47b9ba62e159e1753245e434c59ebdc96ed8cb2b6b7bd9bbeb6c00319de6789d61d738a8fde110ef606e608e25ea70893a6f2067fcf93a1a3986af"}
[2026-05-08 07:32:24] Lead stored successfully (both tables) {"lead_id":"012de882c9f1eb4496f16db841b19bf05b5abec32019fd1dcc08c42ade5b1a26def2cdf4a947b67b2dbaa344e39bb12a3eb47488f4759bcf8246cce815d2996fb1b2dc79ecad51737141d229b233d00a7ea245fd0cceb862ecb6335f750c8b3966df6b0601e2560be97efddc4f7ba9e80b"}
[2026-05-08 07:44:30] Lead stored successfully (both tables) {"lead_id":"012de882c9195747675e5da2d6fddd9a564d6c0ef55e6350609da5ce835dd63f2efeaffc3d382e366ecc58c6d1861ef485a580f2a79c82c2dd4f1bb87810460c558609dc69ab5b3100e0bf1077ddddb289d73f213d94e6ac222d5d1808ce91223305e968571d741fca03ca0d5cba770284"}
[2026-05-08 07:56:43] Lead stored successfully (both tables) {"lead_id":"012de882c9e681bb0f1c42122b453b2de5b9f7b6164376d1363abc0213efd93d52786e6fb166c87d252cc72ff878f3cd7b4fc8450e076ed641acb70760102c5cec09d22bb6238b037a014ea779f96f88e8a4af408aad610f3a2b3a0a4df411d2cc5a56233800f0a3d9d201d01e36956055"}
[2026-05-08 08:14:41] Lead stored successfully (both tables) {"lead_id":"012de882c9716f55e92e394872b381a8fc2f7b86e2ea66a3fac05cebd46fccf467febc167a2a4cff8d1f618a38c98cb0dcc71d30b8e01c3f930ace7cd8425c5b0943fe743dbfd5266037f9b2a5464594bb5889d021c78fda56faf0e36db4a56a9ce24d39a9906edc1b32de9e6124430c9c"}
[2026-05-08 08:18:19] Lead stored successfully (both tables) {"lead_id":"012de882c904e8719a5db8d955bc3a964df7c3d5912cddbfd5cf0b1e73f5afc5b37bcddac969b432be04b458daa700135efb9e74e407905ed6ed0be2130855cbc24597162eb07c6fd9b57e194c7c530b47bcfc2c3f41d3479d93a18016d203010def24c79aaf967959dc28746f5dd84906"}
[2026-05-08 08:43:13] Lead stored successfully (both tables) {"lead_id":"012de882c993fb3d0ca008c4e070b09b62e59835a8fdb709d326a7882d58e5fdc50e98db65fcedf30d9f243ff6ea6ae4a9859b9aeca1a35b0661ab9058bc3d9ff90d1231341bef913efe57d0cc92ee7714d7680cd02978baa8480f4f5ec906ac7c9995418f6eac6929154b9a25866fa7dd"}
[2026-05-08 08:48:58] Lead stored successfully (both tables) {"lead_id":"012de882c96ef693794b46301251be7d1d5c8476af832e28b289284116338cb9e38d07d6ec00b1719ab9890601d8aed81207f15d1cb6a778ed6a6cba554dbba5b306730634807e7a0ad18cbca9ff54419dcd13fe4436c2caf3147391c45b448f6fe3fa3b157b62b6b79203f55b3ee0495d"}
[2026-05-08 09:23:38] Lead stored successfully (both tables) {"lead_id":"012de882c9406aef31663acd6f8cf1363cf87b1d93a2930027fc4ae1cb4c3027ad782f176ae64f90272539b25f5637d28f205bcee427574f52b6ce2074ef6e1fab3816adf56ecd66c7617a06182258eabab00b80b88e296092bfdef41a77c68541a93696068a1f6501106f784f50d2874b"}
[2026-05-08 09:26:24] Lead stored successfully (both tables) {"lead_id":"012de882c9eee4c3f305dc4c4b64cc818cc10c569e2cf0aaf3ed39d2fe713b9b3345528919f822fc72b4974da5a01d248b01094b45e7e465aaaf2d731ccde4cd5965a898d1f909b6aeeee7b31f837e450d8e309c5370246e741c622d460fa17a2cc78317ebca0c16d135aca06c97e319dd"}
[2026-05-08 09:35:27] Lead stored successfully (both tables) {"lead_id":"012de882c902d3edafb8ac3ccf625398b821f73f88894c6f969b0fb01985b5306d81f4801e2a840e268d4892fedee16884d526954c1359fa11f091cd40cb9f3680c949a36c7b29ae89d4ce2b6472c8654e9f137e84a524fbbb03e986a76e60f045ba9ad0151fd7df6d63f134836150845e"}
[2026-05-08 09:35:56] Lead stored successfully (both tables) {"lead_id":"012de882c945fbe0f973014ce628576fffbaf08fb8a939b469a2fcbe2643ef459fd6beb45212fb86c93f291bf68e1b0ff9dd67bf8cd4bd640321f8c6694aec60265dcc2ce7d21e55ccc5db0a8ec44c6e69fe4841f1e4d246318d6196c744cc0188681d47e2d18faf31ab550bb2c795734f"}
[2026-05-08 09:46:35] Lead stored successfully (both tables) {"lead_id":"012de882c9c05331a3060c0ae460cc1814d252e219e909ea8d1816f3194fd99228be1119ecbad4462a6e4d0e4851e380e1b83a83720e17c26ec34b0d5a1ac84358305d31eb38c54202c9e2b89e62b5616c837ea0902e8e1b0bf956e6e482e3431e13482c3e2561b5a30ba59b89fca4a814"}
[2026-05-08 09:47:33] Lead stored successfully (both tables) {"lead_id":"012de882c9bf4d10171dc51b4592104fbde0df5c1847615fcc5fceb6a77aae92cbdb269d7483c886f3d69ff276f5caf7bde619e538f42e60839ebafb256b2df2c362acb63e93ee8b6f0c30421e52d1a699a2ff37d80feb01e2648c76f16b7ba7f950fc5540f48f30df6e2b3f9255d3e175"}
[2026-05-08 09:59:43] Lead stored successfully (both tables) {"lead_id":"012de882c9a9159f8980acdac7009a42a60f93aa2d82fae8673a20cde9b31cad80ace87f960f403ced89c6aa4f22dcd80bc28bd0c064f7e11bebaf6c5cf4bf237d28209a3d69ed6f16423ae54e7aeaae583b6b7ef88e1d42a07c517f70bce0ba339ef08c44da792881234170611fe7c986"}
[2026-05-08 10:04:56] Lead stored successfully (both tables) {"lead_id":"012de882c9988524b72884f60eb72ed5c4a04e24b973ac6f6ecf21f721194f69c3f957fcfb815d5fb7d74bb2a5fd2bf084ca5712a89f3f7feff923fbc70bb172e6bbc7dd71d9c69eef1a5298de29e055d03a1b955efab9139abb2b7f1fcc898290f07f5ecf1bf56e7ee0ab040b7f221ff2"}
[2026-05-08 10:15:35] Lead stored successfully (both tables) {"lead_id":"012de882c9335b29ec530798cf8ae996f05152744c5d96268a0250ce25179e8f3f1d4732d689a9aa1376c958b667482fc7ba37b13debcba94e0cbbecd26345a4abc3d70938827a18ba0e76b2c9d1e07e9dd55916bdc80b9ac7a56f9aae08cb31ff33e6313e1614ed5bad35bf5cdedd9ee3"}
[2026-05-08 10:21:02] Lead stored successfully (both tables) {"lead_id":"012de882c980a503113cb23c14f21d949700442c3b0e78f4dd4942b235a56a36fe964de89028315e116c7cbf4d95a478806f18e5de641cb63ccb24d25e246a70164297e33f72167f92baeef6b8ad95325f4f0ce52b9c5fd7d2372ee890caa38af0437c59d57278b076ee1111058d18d213"}
[2026-05-08 10:22:32] Lead stored successfully (both tables) {"lead_id":"012de882c9e1b44d84c36a74e79690bb425dffbd0a235005f0320a6750a5294dbd8a968b04842e4c7b04a4b402d668d818efb2e554b9908f2443cd4960cad5da218d1ad7bc84e3a1f21ccbec91f386d057eb5a723f0003a876a8554c44cad76d972ba39558bb8ecabcceda4581a7719e61"}
[2026-05-08 11:01:16] Lead stored successfully (both tables) {"lead_id":"012de882c94e64a91a3e1395341c41005ef7e7fa7aad444f638ed97d1de910d6139578d86e68ba9943788dc91023327c76cffeb0529a781be34b02b88a7577e2f9bff1c1fb511498217be80afc1e410e965fa4bc93f50e195a7dfc4a4de25a425fce4d9679d98fa1be48ff34daf436b67c"}
[2026-05-08 11:38:53] Lead stored successfully (both tables) {"lead_id":"012de882c90aaef787faa8258efdac96c29fe3cfb0f0de8cb4eac81b5d373947fc75ce37d8c4d2dd1fbf1c546c3eb83c13837443c33ada12bd1a8a6fb9861aae1e7ed2abdceaa1ee18d00c20b3a540c6f3600458af9a397b870ca44c50d19a06bf534535659bc236dd048ec7150add0361"}
[2026-05-08 11:41:42] Lead stored successfully (both tables) {"lead_id":"012de882c92590bc1d508d1dd6280c481daa2af55f5cebd6d1d758336e200496508dd66fee0bd76fb11a6793cd549d9246a35b2fb5a63b94a19f478a1a58c482ccee29e060bb5f148c132f29e922a422a782ed9ec4aa29a083354482fe832ff4723e52c17b8446b81a528ab169eefa82d2"}
[2026-05-08 11:49:19] Lead stored successfully (both tables) {"lead_id":"012de882c9188de74b559286353c62c1ca708f025f8c592e6023183d6771379f2d81355a05d241113fd8b776612e9d7ba3b5d9793cc86371ff27818381ec199264cf6408813a5062f6bf9883923afb205db36f1094e0dcb4c309fba6b062d07bd7d4829ca10647b53c9f739a0356faf2f5"}
[2026-05-08 11:50:56] Lead stored successfully (both tables) {"lead_id":"012de882c9520256d9d852de6ca30a91f16f8b36f82682007d4f40a711e277df2fbb14886a9642223a22542248ad72ce3366d19059e2a1b8e70a0032f963bf7661c05e8a96998995ab5425c067f9e556ab31d36a7dbeb908a97b73667bc373d055d6fa69e25b140469ec4dd72dda9215b4"}
[2026-05-08 11:54:50] Lead stored successfully (both tables) {"lead_id":"012de882c9a5ddb658bb11c2030ee61c3439768337afdfb72c97d97728e76917c6b81c06188846a73edbc104ebf1055d51f589bdcfbccfec47a62e146754d895f8525e12285e2a4957631391601919245d8582da9715bad3d9c97d958ad4912eeb93f625a484b4583b052e14a1d80e58a3"}
[2026-05-08 12:05:05] Lead stored successfully (both tables) {"lead_id":"012de882c91971113c3df0f690ec577e8073a903ab5f556f788dd4ef58f72e7995caed2f851e9f244e1dfed57e564f1506b3e8888ae95e9c379060d285a30213bf72848e54fc5af55cef281ef1c48b81562e99e62137131b8c13ee2ab2aca844e42f0ca9166a9a7472a645170a07b58ba5"}
[2026-05-08 12:18:53] Lead stored successfully (both tables) {"lead_id":"012de882c97e5c44921adce0001faf55fa8237cfcdd14465724dbdfdf3297a33ba3add6aae39bc04cf2a1e2814f3d040c8ef65f69d26c3e30efb4b9b25690b97b379b12ef590cb386c4237468c4e0df2c9f39bf4cae0fdba24ccd64ff2d1b30636c982b151bd093ebfff99cfd7d654b99d"}
[2026-05-08 12:19:07] Lead stored successfully (both tables) {"lead_id":"012de882c96d10eb20fa545418e8ca88e4261297fb22b1078d669c8e0911690924890da9027ddee0d7cbc9fa7f841ce6e1bc7a329ef148e5dde9057b663fddb7b31b817a8522a7fd76a6723cde46c6e589593e04d9eeb110d966f1c52da6aea7c618336a1f6555743e1ad55849996d7511"}
[2026-05-08 12:27:43] Lead stored successfully (both tables) {"lead_id":"012de882c9f14680e5daa667e7c71fc6551ce7ba1132104908884bc291bce4d9ee0617cb86e62111339deed69917afe59d160ad0412385f55be57b4e97e6a5b0703d43c8554bc4cedba6dfa4601f15000ebf8719d1bb49468911561b82adb33807ae8363168a6e7484a547b35abf1dcdcd"}
[2026-05-08 12:43:52] Lead stored successfully (both tables) {"lead_id":"012de882c9f8ea2dc0111c675c814c4ac7b3eac156f36f11f0fce233065825b7b3ef3c56fea66221d68e079ee4b2a89c08cd3ca7869443d668b6ec04a9589b874f0f1b389ceffad52383c1d7377f61c6022b60423f5a2413359be5aa009bb6a4e2e740048d8374986cfe153d9ffa4834e6"}
[2026-05-08 12:58:48] Lead stored successfully (both tables) {"lead_id":"012de882c9fed0cac59e7f924658469123b63640a5f53723cece1017b747e6558928add102ae533a8581234c1729563f10a0c555fa0ab785510600ab7d01908722640edb39eef19bff42e06e71710ddcae63524993f175e7fa35ca37d7b0acfa16422350e8f85f8c05dad6ecf3fa41e57e"}
[2026-05-08 12:59:08] Lead stored successfully (both tables) {"lead_id":"012de882c91b3a534ee34493dc069c0114bb21ea53cd691e7ecb2aa0c33adca496fe4d0d273f5e63996fc85ce4620809deb99480ab8828f9b829d5476e12a3e18c3ee949ab1c7460e986987141b0ad086856f08d2157c17ff8a969895a76a37f7d891aa859963f9a974a4cda41b6af3b75"}
[2026-05-08 13:11:16] Lead stored successfully (both tables) {"lead_id":"012de882c954b1ac6b63edf14b88d66c3be97ef720513a9d9c47d620c728e85303dc153533ec6f9d6635ac5d03a27e2b7b98087a75b525e963467594e3896c44edc31f05e4a46811298d819e4ed1496b642f16ece9f4b5db6c25bb57d211940e4725c17b89e7db03b36834fa26ff788051"}
[2026-05-08 13:26:45] Lead stored successfully (both tables) {"lead_id":"012de882c995ac952eb70aaf29a9a2df8d01bca071dd4b64263e7505f717c69fef45ba0fef30d695bc92315308cc16f19438e644e44028e6235b1d5edc262f8df235736f9356994569e455bb116baee77efab972eae47180b33734b85d52827e9b45dbc50accfccd4ac8d46bf5a60288cc"}
[2026-05-08 13:36:29] Lead stored successfully (both tables) {"lead_id":"012de882c9043dcfae45cf6e423cd41b1d67b45f5618ce74f4e75e9176344d44f1d2e9d1c8bfd4398819637f8b83fa06bfb8362ef08e2fabfe24d91ae650eff20ce2c80a6ee4dd28bee78bfb5f42982b9063ce644470d7723a6cc066f4ef21ec70e3a47f76f57f9e3894484da5d1b6caec"}
[2026-05-08 13:36:58] Lead stored successfully (both tables) {"lead_id":"012de882c947e0b80b41aba08baeca9eaa81b49ba8a435ebc5a3f88e70a96eeb3a997b6dcb81ae8b977a57b51d605b8b6b5de234a77ba343edf260b7651686376071648cec01221ec669c6aec2f620f83778d53c3210db78aab1ee0f20429c346195dd747142dea73e2925d2c618e0ba0a"}
[2026-05-08 13:52:30] Lead stored successfully (both tables) {"lead_id":"012de882c97f8b4478f926ce2eebc8cfe97b8476f60a3e77fa480f757be27388512715dc374514016a1e7904647e2f5ddc2fb0c1dcc731530227505193237dcf45b557ca1f7efef8f03a5c2a713cedb792e43f87410ab5553329c18617ee62d87db458d5c80690f2b9aef15c3fd2dd79ec"}
[2026-05-08 14:09:40] Lead stored successfully (both tables) {"lead_id":"012de882c9118bbc8190bb03dea4855d4c8414ca832cf2ee56b63db1d4a4dd1ac494ba4003b270b8335c0e82325af64c9bbd22d77a5424a7b5621e57e65cd79cf5b99709cb303c5d528b66557f79997a08e2efff61d41422efa247ccc307b109ed3052c77ce16292615d54eb871bdf490f"}
[2026-05-08 14:17:12] Lead stored successfully (both tables) {"lead_id":"012de882c934ab37057701f3dd71382e476b584888c614225aebd5a40bad30c9c626be1bc5d61e720098036fa5da1154e7700b0a951061641216ec5c25fa15197c405f33f03f6b765eb9b7b08ea6c6fd1ebdb0ba1d669ac9dfaae663de9021ec35fcb29c55abd31a5b53743547c8d71164"}
[2026-05-08 14:17:57] Lead stored successfully (both tables) {"lead_id":"012de882c9c8461a8c51dc6b049bf9d409b1824da82646dcacd58edec6a106be102537fc8f19a52c4e5e61f8e3f1f3aa270a355a86ffeb9e0e03fda00ac20f5b028849264eb4b68a9885799d84acb2c65ee1a86964470e4861a37b75a992dd52ffa1310fffa9956449503ee8560269a8b3"}
[2026-05-08 14:30:28] Lead stored successfully (both tables) {"lead_id":"012de882c961df6d9d81e228a4c67fbdb10f4e8eb49200bcf03a8af48d472caa30196d177c408376d86eebc52a2121b41b25459874d6540b4192dba12dc0d5b1cbfc44939827bdb037b95cf608d2a5f14c10be986ee56347d3b6883fbf7bdc9854e4bdf99e5df7db7e59d41f6cf4bf770a"}
[2026-05-08 14:52:13] Lead stored successfully (both tables) {"lead_id":"012de882c9b2c632c9c6f5ce5f3287ddcca8a1724d5e0ec1524bc5454f7be8649ad65724a469335efd323506aac8d0df56509e978fc1695d0f6a2e8af2d310780d6e44273d54ddb590be9a8a39ff911498772b6470da1871137aff71238f1dc547c26981fe543ada1fbe6f254daf5280b1"}
[2026-05-08 14:56:00] Lead stored successfully (both tables) {"lead_id":"012de882c9efca0754f922e525f2965461f31d36d26da3a3be4f66dae6b6e83a94c9caefd3917020bfa91a5bc58390fe1202e78ec3ab4d47f2544e58c22ad16989f60e3967afd1c263fe5ebf83ef83ad25f969d761d24e8b7bc8a21e0bd1d5ef65bef97ce9fa9bbd73156c183cb1da608d"}
[2026-05-08 15:22:01] Lead stored successfully (both tables) {"lead_id":"012de882c92f2dcd2b935deb1e39d2baae42c5bcfe74f22317ae70e1a6a3b08d3f5c0a9c98cbe237217ece7c4b6f91aae2b4d2a6f25899d2acc67a1f2ae944d0d3de3525129c640779d0fe25ce32658db54d9cf23f60a5b8d1cd7d25be1d85ec1b0896d4da2453237bbb8c7d22005f82b7"}
[2026-05-08 15:51:06] Lead stored successfully (both tables) {"lead_id":"012de882c97895c5b866e5e1d38094642f7d618428a276004582eff43e5dfdc50d70f93c4075ec2ed85fb10a8c92a6296f619d7f054f2b19b4e127114795242a78955c1062def648ff7c7b1f5fbd4f89a465ef3fb3342080e764524f17ae753c63a356ec8c709bc2150d9aa8b5d8523914"}
[2026-05-08 16:00:02] Lead stored successfully (both tables) {"lead_id":"012de882c935b76603a4b16a3ca5f471209ce7e37ddf6a90bacc33c3aea838e1dcf365fab20ed354b0ecbf7fdf88bbc29888a4c252b37269b99feeac1d786d5e46be4d3165fe71ecf0e07591ae9485ff106c60e957d15c35882e42c7b3083b71515ac91457ea94543f2dbc066cba12fff9"}
[2026-05-08 16:10:28] Lead stored successfully (both tables) {"lead_id":"012de882c9fb4f8e68bfce07840946e34bd090c2f903aa9168eaaba2d458678e8c25df8ebe72a9a7a84a7c24082b9e334980125f81a9da5f4ec3971ce9ec098352d20616f4ef46481388bda4e20278bc02b92e9c2098edd25ce564377a2c50be1cb6c7c706abaaee60695e2a18b6df679f"}
[2026-05-08 16:25:21] Lead stored successfully (both tables) {"lead_id":"012de882c901154969b569ad5cc120f78aaf811edd609ec61b44bf3edc52394996c00a486e88af08706ca828da3a1d84188187760cfdcb83cb1d5d56dc654f75f8a5438f3d3d97de78cd6184820d9aca75fea09fac3b454ba0b1bd7f8a1f56910a67a905c0c5808726c761ec70ac47e3e8"}
[2026-05-08 16:26:40] Lead stored successfully (both tables) {"lead_id":"012de882c9e27eed1191d92afc7311a71d7b16cda05361f7fb1f63203332b188bd098526151434100429d5e077e316914a737fe6cc07284b44a6ea8ae1b248b3c6e0917e15db7ac9cf14055aabb131d1ef6cba42c6517bf6368c31fbfe444e53474fe1df55b41d81f269069e8e6e1f63e0"}
[2026-05-09 05:23:59] Lead stored successfully (both tables) {"lead_id":"012de882c96573fde6afdf31fdcdc52b9d882127b1dd77fad2e2b90498c30888307783f89f2088faf69c97bd81245aad8228bf5750e59813374bb754883c67ae948e05a8e654c441306163fb70c55297c71007ef3514466dc4e98335415667b1d0cd48a7cc5a607503dce378150b27b199"}
[2026-05-09 05:28:21] Lead stored successfully (both tables) {"lead_id":"012de882c9ca98d1a3214d69b636227ac9aacef7490d4fa5ee945f742f706386e23fb66cd128ba0f28e783fe8ebb1762f476ce854d031cd19785afd7a6ed44359c85aa270238ff57f9c3ee12a0d7a350c5cd4f291d309498c412d44981b6fbe4366fc13d1b0f5141615277167866975668"}
[2026-05-09 05:45:08] Lead stored successfully (both tables) {"lead_id":"012de882c956977179a85464b94e9fcf5dab8f415e58a685cb46271a7a2f4af4c0782a0a5bfc53d85677c13ea9d58194a7aa88bd70a289be3181e7c4b7f6a0f1ece0df4a215170d4522ae5f991df61bef61d80b52bd00e2660826263b3d010966b86d4a68e54469ab98ba24b2063fc09a4"}
[2026-05-09 06:05:55] Lead stored successfully (both tables) {"lead_id":"012de882c933388e882dae49c2aad12cfc5f07ecba5e41555d612d2aee9dffebc6c075da6a4e63fb6499d2bdd7805fe6ab1493d399b65775650381688495b13c9b2ca83f1697d9f313237043002f3c13d38d875d8b13b042896257930d42b3a95e1fdc93cc30352535da4a92f17c009d83"}
[2026-05-09 06:23:22] Lead stored successfully (both tables) {"lead_id":"012de882c9cfabf17903a57e0661ea2e158a6386d5abb0e00a8ea26c9f19e413b580a211cbf358ba62c3ee5db7d7d24256a8c34746c3b92690890ce4f8de9b8f29eb84e3c16bd6f706e9c3348b661629cf816c39564462a8b005ca9dd5957b1f6197ef048ce935ee646e5f6f6f70adb4c6"}
[2026-05-09 06:42:09] Lead stored successfully (both tables) {"lead_id":"012de882c9d5092ae0770d39ba515743306fb2b7509d34d2d68617d38e4bb06cf1bce83f882e11ce74cc0900ea34297602fd0a5253d86b1c4ac121836f49153aec634889e9261cb7730d954a5ac6c2dca4f764c3f3cde0938b09c8c728a68ee4e4b346d0fc2e46028a821caf746212e7ec"}
[2026-05-09 07:02:45] Lead stored successfully (both tables) {"lead_id":"012de882c929fc1077ab40f0a07e0408180e0de1fda08e331344ea4410737c11d2dc5c1899e6a8ddd212673596e24e9ebb2cfb1dcd81b349bde876064b83373aadf301e94cdfe17542378a53fd17e6cc154deaf46ce886132e10e97176b3bd051b64060f577c01c452379c0d9583f645"}
[2026-05-09 07:45:05] Lead stored successfully (both tables) {"lead_id":"012de882c908ea93ad2099533b2e21933e70b726970555a74b82c6eb7cdc7e06b44f397aed939efb6342ebdf6ca3849f2fa2fbf3976214b823a68bcdfef8d4e0c28360ca6510ca19b9e5bbfaecc5bf0076a2f2873207b77d324eb89921832c6dfaf9154cf2b7702cf7ad0d63f6271a4a"}
[2026-05-09 07:55:07] Lead stored successfully (both tables) {"lead_id":"012de882c9536d3da6188a76ec4c3c5cf95f19f21b3ccf3cd5f21e47b3b1bf64f70140888e0ee8fc9daf61bfa42df4afeb219af97965f929aa87f0fb2bcc1ae1e65ae12db01628ff25178bc40629d9d98635a8e6223e2a65e7c53d54bdbccdeb3522b7050e51fe14b51b60b89e3fe0ab"}
[2026-05-09 08:00:01] Lead stored successfully (both tables) {"lead_id":"012de882c9532f10038617aa81a2a4b98ca45cb649a8b2935479710301d3f6fcc87e1e4ef20a6ae72133bb285b5568230abe9130b70ab1beebbaa4775337f5d1cf2140ab0c3ed14b69b267b0185e9bfe2d815af73decef1d395337d6c67b00fa00261b5ba8c16129e9684ec025ce5fef"}
[2026-05-09 08:09:35] Lead stored successfully (both tables) {"lead_id":"012de882c9f65889ec1f830a153fd7a93929739bada8789554c3afba29ff96b3f6970739ddd76c5b995e0c0f2b431a008c73e6f02bd14c02afb10b9719f38d3ef2c80cfdfb9ef62d572ba81353c6be5c34e14eaa8937bbd64cdb0934fff787179e24c2474143cd2ba5d5af98d57850b7"}
[2026-05-09 08:25:36] Lead stored successfully (both tables) {"lead_id":"012de882c9d70ae415f20efbdabf0cc876166b278eff0e318fc1e3e2c330b13cb76c26f725654e583668b23cc1f21c229c00ddb33ac0f7d0600e1b34962f803dab780b0833cbcc9a2991984cc3581996639b4014a9e4fcea845a8e00c6eaf8cbf8459f76c3482f771b07e886039a5651"}
[2026-05-09 08:32:56] Lead stored successfully (both tables) {"lead_id":"012de882c94be68b7df8ae424ea92d8e04395f83d0be4b1ffb36fa21a0677bafbe41cf7a0717eb0be78987f928e979c5b54afda1d11c436fc9c9c6b43c743b8d56d866c2a115fb87c5f16047fef9267183c6d281d8178b5de9cd40aad8f24e2385f3dd9f250d7803f3ca3fe6db02bf34"}
[2026-05-09 09:09:35] Lead stored successfully (both tables) {"lead_id":"012de882c90beb54ac0a394c2e5ec9cfe36b80afdc0dedd084b52be6a8263e5cedd205859dfcca82baca764c226c5ad77f12c95642424dc6d136d210a436046f56e6d1d422c409429b21cea47ae72ec9c09fbeb49dba0522ec52007a554d9ee36bc4d4b25a8539509cfa4ddaea938c60"}
[2026-05-09 09:22:34] Lead stored successfully (both tables) {"lead_id":"012de882c974a44745ffef3e0eaace628e23994081911d5df6011dd382223731130a1152720d4f0397d03fba5e08f39456d97025394a6f8bd075ccef3f7caaf083a67568fc5074f062a59ae5752abaab0b340b58b007a0c8398a5b61d739c550f525d89cd2785deccab22a09cb53d9d6"}
[2026-05-09 09:38:37] Lead stored successfully (both tables) {"lead_id":"012de882c9fba7dec053778c2fba51dcaa1a991291db50e628879ff2825737a625f3b96b60adfc127e32eb53f38287f13a8d7f2ddec52013b30bb65438c7084aca152f9f3dd567182b3f4388e9c00e8d628f4b6af99b1af4e82c8597fdf699e20f768aca73ec558d23087d33918f3e9b"}
[2026-05-09 10:02:21] Lead stored successfully (both tables) {"lead_id":"012de882c926f94886d02ae2f267c09cd0d3b2a140b4cd785536cfc1792970bb78ec0820fa69b3c80e9f539f20eaa2f6baadeaba383e87cfaccc5f94b4fab3b46152aa82592c19fd8e5286790deca14f4e096f4277d9b678447691cfac0a8218ec47e2f3ded0191a31f1cfb37b7793fe"}
[2026-05-09 10:29:37] Lead stored successfully (both tables) {"lead_id":"012de882c9e198bc77f45c8ccf2ab6e9ad861e31ea4142c1a87234edd063934fff2cfb4c030dfa96e5ffdf5bbfcd931fbf614eb8424017607c6e3692183364070d9d2e20107a0c5aecb1a2c57bf01d53b76ccb887b42145fd903635b41bcc447fe119324ea0eabad92a2c734ecb03650"}
[2026-05-09 10:39:55] Lead stored successfully (both tables) {"lead_id":"012de882c9fc3182bf23849f1f0d5deb222fa1f03c8c610cba27c035c9564b00aed87d597fc7265f4e1a2f28282da46fb3c6c9e859ffe76e2f614a5762a227f11bbcbdcb12e828bbedf516bb275575b33bb33255ea949d55968a8e55ea0a7d64f327ba4e118ddf2327daacabfb0a7dd9"}
[2026-05-09 10:56:37] Lead stored successfully (both tables) {"lead_id":"012de882c94dd58a30bb4f3070331ee50ffb4dde714566ded434f2befb5bc9a0da5ee8b48c8c9d8c61e894553e08e690e9aedd4a82aef5e42ef3f699e8b739373807570a4eabaabc1a337316a7bd9a8c373361fae0ec85ec2c743c7921fd66a5122fee0f9382bad68ac0e232b7d04f8e"}
[2026-05-09 11:01:59] Lead stored successfully (both tables) {"lead_id":"012de882c9a545f67bef9d52fd0e1ac3b06de7c5184943ff8272966412cb7b4d0855254e1df7f1e2a09e982bc68b0ffe4b49b96cc93faabd1121fd80842e67a018551176f587cdbf46659097271aa1259f984968aa685856b647527a82b52a52b3e1a51b40bed0eeee2288d4987f8a63"}
[2026-05-09 11:02:47] Lead stored successfully (both tables) {"lead_id":"012de882c9cd9b2aa1dfce6a8c335c56f52bf3deeb62d45afa617f2ac6ef727d6d0874ef5db3c519dcdbe6af19e27669414bd1f631075e98635adaff5eba4bb32fb3c577d1e53128110cf9855684b5acec04b6d2cb1775bcd567139de7fe9af4b22e14cb89998a61df7b2980b07c3349"}
[2026-05-09 11:07:19] Lead stored successfully (both tables) {"lead_id":"012de882c98f5dc4d1e9a10b1402c405968802e85b9387ca94547a497d86be74487b32056dfa168a4e0ef1937465a6737ffe0a9f2429840675f3bb90a8cebf1001199a564882e05b50713f9980f4affd363e61a8360b52569c9bb7e40e25e319994f5142ef7ba07f137e09dc46afe72a"}
[2026-05-09 11:11:53] Lead stored successfully (both tables) {"lead_id":"012de882c9c60053eb82b6717a971bb5ce72e7898d511bedbda312c62272ce4b66bae9ec58f9dabc284275021e9cc1378e0fe933196810b17ed4cb12d3f2a3e69c2d1b97404efb3b8664d4d54d45cba51be87fff74fdf2b6a000e1e70923c9cc670bf7d1887f3f208f09838c8db9215a"}
[2026-05-09 11:31:24] Lead stored successfully (both tables) {"lead_id":"012de882c93668d75fd42aeb0d5ac17829361b95b5ee2d5cc6afb4ba4f8eb25f72feb84abbf1abc413a0a9b90fc3f96ee8cf5166b82de25e6191a41d0996a5c0d10089322e4850f3445fe0df"}
[2026-05-09 11:32:18] Lead stored successfully (both tables) {"lead_id":"012de882c9c206f6e52b3160bb65fd20664cff6fc2dbe9db23a9dfe85465d06579319fb46086346b267a6eb26160dec8e1383c8002968dd34222ba013cc1f9b5ae40141675f3afa7eca7f0e2e2db1222f2bcc2d3e13d3a35d2fa2042e345246631f82fa836e5ff0a6cbc85726483154b"}
[2026-05-09 11:32:42] Lead stored successfully (both tables) {"lead_id":"012de882c9f6ec90104c6ae820643554617699637eb6b77e9a34bee29c2c238a8ed54f50abf3683cfb306b02a9f31aff71c15422da22bbfb3cfee47145b48c400b3ae083a16833a761cf2b5414c29bf8ee9bcb15cd8705b3b6978daaa472025ab1bca1fac6f5cc51f15a726c1a4158e7"}
[2026-05-09 11:36:09] Lead stored successfully (both tables) {"lead_id":"012de882c9cd5f31ae5237c7b2945105ded23de2c6f1a8e257ec4f793e0d35290d67c2411cb97f89b9caa1aa7d312ee8d7f7eb3eca2eb202210aec9a67bb5344f1ebb42399030bb53976c020d6c12cfe55a8a703b9f999215a573c3b12f26b3312c1a84bae39a0befdc0e1b747f32b25"}
[2026-05-09 11:49:38] Lead stored successfully (both tables) {"lead_id":"012de882c9537b8c4dfbaa70d4bb09df0aebcfa03df65e2dc980e801f58def8529f3dcd0453026eb2588f5fb5aeeca7d69c5f8ffb922aeee0d6ccd31c995c479e7f432040ed0919b51c180834039f97e92a53d2f5db41bf88deaa9758b004b3d98703d5d10dc6895ae7620d173fb82cb"}
[2026-05-09 12:03:16] Lead stored successfully (both tables) {"lead_id":"012de882c94ae9bd190e1510ae9652d813055c7b293709768731223e6fa189de2ef99f001fe7160993e5ca3355406176479afe1fbc0a73c24c2591cdb779a1de73a70aac7e3cfa420ff42101034bd86ebb8f27705103cb24b842a925f746f3cc2802f1d216e097ffee6384b13feb5346"}
[2026-05-09 12:15:11] Lead stored successfully (both tables) {"lead_id":"012de882c92da594f23ac8b90bceb0c788c482094c7978c4b309b04b529eec5f0a3684a1f7733ccad84d25e5b44a4ce6e6b407d3e585d17f5d89a0611bc6976f0f62b87b985639052b8acc22120f57422cb820d1010b35f119f5c19b251f7914909c9762511ac855be9d363c400d4f84"}
[2026-05-09 12:23:42] Lead stored successfully (both tables) {"lead_id":"012de882c9afebec2cab56beec5e57318269375b724d885230bcdabe6853187cf95eeed2ada451925d98cf654bb3d71d8eae03f586f42bde42826a427f676aac01cd188e10fb386f64050bff520e3aa782e1b58f8ab7a43e438eb9f0ff5818b5f72d5aa7fdf6896a9545ebe25d86bd14"}
[2026-05-09 12:47:01] Lead stored successfully (both tables) {"lead_id":"012de882c9807d6bad6c556448a9628e319038ed6ffd81d62ed83d4598b0e7455b69494b1d6ca2f8dc3197dbf3d5e42029378fc8ea9cac883e8c9f6f743909f4e04ceb961bf3717a395194e2c53b56e9f8e485d5760a877c3cbad8ff06cfbdca805d4d100c271ad0eef7690eb0c87a6a"}
[2026-05-09 12:53:34] Lead stored successfully (both tables) {"lead_id":"012de882c9bd36854d8ac571254d09ad1184c96ca2dd5c74196002a2b2b8897aa4c9f9ea8bd2a36b13cec70b63c629e72083c5a079f159149ff35dadc959b3a2296c2c8875285eeca047aa28b18bce809589563e7028cfbefdefb899b550e6668373a70b368cb8e3f7b71c81544b1507"}
[2026-05-09 13:02:29] Lead stored successfully (both tables) {"lead_id":"012de882c9f704e201ad0068f5cb5d99bf19a1f13b50a31b801f1dbd8f3cfd6f5a2320d46bb3f00314075a0cac1a3d15289b0ebfaccaac4131f3e01897097d2f3c7274b75ee3c578d0c50d6689462c407cbe15cb36844c6fcb1cbfc2a2d468e038e9865b5ae0242a14f041d53591e4fc"}
[2026-05-09 13:07:17] Lead stored successfully (both tables) {"lead_id":"012de882c99af63a3bcb0a8513a1b3f9983360c0416d70281d96c6fbe835181e81de3e77b6bef2439704ff6b700d9444bd554d9afd2c8a56e0d66e5b86259e7586241205a5ce8f587bf1cb16ba8334b14b6e1f2e7a139fc0c7cafe617e71948d3068a1eef2752a551bc81f34f1fcd336"}
[2026-05-09 13:11:17] Lead stored successfully (both tables) {"lead_id":"012de882c98ea72c71244403efa52b44b1ce95504a44e64664dbb5abdf46c7b34dc6996fe6865c95fa487dae97d3c4074dc37af07f5b281f69ed1e2700a6bdf918bd7aca5601f5741e7cc350331851e77d493f10ad8fe9c3e4fd2a2f9f58615e95e37f4394f29bdb314db0e01ce458f9"}
[2026-05-09 13:14:57] Lead stored successfully (both tables) {"lead_id":"012de882c998a2dba5b2ffe1d4452ad54fced5ebdba379af3882e5b5a0e9de0e7816016ce167a28bcdf093d06fb637c3534ec4d62c253858801986ae57575e4db027b1eb3db9e06476c166599702d9af6bfb53ae270359c52b2eb8f61357db454d822a886f5157209744bbffbb809c78"}
[2026-05-09 13:36:06] Lead stored successfully (both tables) {"lead_id":"012de882c9cf54ef478d1888996aef34c2ea12091ba80b71911f30a253f5a1d7fcdf00969c0f0aecaedd64fae628a55ca8f803213682d304ad66738d489d8f794adf2256f0b42ec6f936613e589e1c41f72083c6b936ef96b8f516b8dc61314af2f4bbeab69d2b5ba0cba6ea52140b16"}
[2026-05-09 14:24:45] Lead stored successfully (both tables) {"lead_id":"012de882c933d5256378e74027ed096e56209c58b52c484c794a0b44f79b11e0f97457bb40735d47c732d7f60bacabb061a86a4a0b01e2395ba70fdc1ea6410d1e844190af9928e4113b2053162bac38d08604d6898464e16e6352f75c32c8fae485c83f936400d885c0a99518521013"}
[2026-05-09 14:25:20] Lead stored successfully (both tables) {"lead_id":"012de882c9c82056c4417f8f769fdc8752b13b483f8150ba9d8499f78d3065630671128c9028dd720625cfa757cf7d6dccb81963f0561361dee34cb25b0d52972adf119adb43791c9424a2ebe9baf4c16a4c4815f60afae6430bef746656e4d2d5c2ba49a755c637a9bc45d6fbe94b11"}
[2026-05-09 14:29:27] Lead stored successfully (both tables) {"lead_id":"012de882c983eb798b17c06358494598d2de00b843db36c40a55fdbf72b8a617a30cc496fb549228bab8538a4eba2299958a471db2b8386dd71595f78a3d0331753069fb68bbee99e7c57ab5b29254992c29bf2bf456ca087528c5681e5f87a952f72d0f80dd0adb473fc3d851696ffb"}
[2026-05-09 14:32:44] Lead stored successfully (both tables) {"lead_id":"012de882c9544c3be78dac790d0eda052405303b127e1016c50a4fcd9909a2dcbaf44e979f3b1d04422eda2f813057e9eef9ffb7011319173167b782079123f9bfc3d8beadaed0e0de6a5519888f0a46a872fd4e6db35c674c5dc3348a339fb8ac1e6c3fabb32a7f3b39c25d2906dafa"}
[2026-05-09 14:35:43] Lead stored successfully (both tables) {"lead_id":"012de882c92703879367ee739333611b1cfe531aa72ec0f15ddec53d476bedf02365e869443dbaa75299f1e8047fe24a20e7b15af065f18ecd3d4862d123cd02b3927457f8a4c5c8a2b5e21b40c7440f3ee8dc621df55d39921e53641919fe6e5ca2ea1c5f7963a6ea9ebe09783d5c1d"}
[2026-05-09 14:38:05] Lead stored successfully (both tables) {"lead_id":"012de882c91f58f6667c125e4fdb8f85e050263ed43d3dc6e4799cc5720519ccf90224139f17609ea29276cf4063b180da3be7a2f87d14a927daf58fde552cebd688ed95d0a89d3cccea92ef2cf58e9a91726e5d6de0fd72398b0c4a304db972c51dad2c24e4d52980449350bcbc3804"}
[2026-05-09 14:42:23] Lead stored successfully (both tables) {"lead_id":"012de882c931f962266be6587d746bf16a38875baca7c64f5d42be6b4f47bcedc0f05ebfbb4a9d7208e8b65b686d1eadb29e9ec85b65f50593ff51668ae856ab3aa55033ffb7fcd0e86af3910420e8263b553dc76b2a02f242cd89c29304def1d8d8628238b3cf9d00950ed74d9cc715"}
[2026-05-09 14:45:24] Lead stored successfully (both tables) {"lead_id":"012de882c9ad85fb64ae04a393900affa77d3dab398fa7d67db402b092f982d4997c73241fad621540964aacfd198fdf6d0cfc5212dcec7c17867de13985e086b9d9f53bd993ee3428ceb8eeb580834bd5dc20efe25f63f5953c2da125c834bfcde38bc0ca4ddd1b1fe318015672a10e"}
[2026-05-09 15:05:28] Lead stored successfully (both tables) {"lead_id":"012de882c9cc9901f3a25e4dd1435a3d1014291317f1aa2de3aa459337afff0b7a70a6996c05091a40b205144fed414551a8c0a7c887bbe160ef3b77838ca2dbe2f85c18d8d3d384c4afc46ead02968270aa19e6da2c439ab2c7c76938d5e22a3f80d5c91bd7332f945db1e2dd07eecb"}
[2026-05-09 15:25:24] Lead stored successfully (both tables) {"lead_id":"012de882c9ec3ad2869c94ef0355db470bc336b70b7b5fb8282361d51300303e5690b5cb7e599c736626bb525fb8912a525e820de57d4763ccb19a518fa373c08d3cbabf6312627b2f3f571c7da3ba589b121ed1526157b853dfeb2e72ac057fe00b52121765988226d294557284965b"}
[2026-05-09 15:38:50] Lead stored successfully (both tables) {"lead_id":"012de882c9173264336f50dabde9c32d851992ef64cd5930e11e019ba24ac8b350c6c5f1bc34fe39ddb1618579c25b550dcd80a06286a36867cba5315e95beac941dd2f2e68107d85f5f53500ad15c2d16b27946811c592ff020df1872a6c27f965d7fba97f6816cd426de3c57edc57c"}
[2026-05-09 16:00:33] Lead stored successfully (both tables) {"lead_id":"012de882c9120cc43a7239c73d94ea7f801888925a5489f9909652d7af6da05cb4af8049b72bcfc1f2cc9812cce0a68fe66459de5d38ee78134b98a59efb28e9a54de2786ce56ee6027100fb94b18de7e005665112f50b1f9b516e97a48e5da3e8391cc79935440f003f6f89407371c3"}
[2026-05-09 16:01:40] Lead stored successfully (both tables) {"lead_id":"012de882c9bdce69708126301aad2673b0f47c3dee8e14cc029c76f03098052b1f8b89cd0c12d12e53eefbd575590d421cf229589d8a6645944d095fc2805ee2d58a3dbb7b63325596b96952eb3e9883ced87629ac55db83069a12a1745500d345f840bd8fb17c0a1c1b0180ecd970ba"}
[2026-05-09 16:16:06] Lead stored successfully (both tables) {"lead_id":"012de882c9e4e480a224a2477a034cd20dc898fd59e6abf9dc1c1378b402e3cb012a852f6e4a56d333a7c58433349d89179ccc2cb2633891775d8a35218d1d79ec9fbb82d8d9f4616f621ef658c693b869adf19a929e2d9bc1915510893eb44da6f19a2c7638d778e3b4fc77d9f52fca"}
[2026-05-09 16:24:53] Lead stored successfully (both tables) {"lead_id":"012de882c9158f596a5d8e3446056b389f8e3f68c4cebd86d096a32a0bcdc0f75eb4e97ac477a69314cf38acf1a0afeac12a045ed6f87a17564cfa12c0aaad41638a19efa091efb16a23b3b0a3cf4b93c3659f8f058c9880fb197f21f332022daa3ab160b63a4e23eb83960cd557a50f"}
[2026-05-09 16:30:31] Lead stored successfully (both tables) {"lead_id":"012de882c95b1e8399cc526b2dc2f344f87fdfe472f86c71b418004caac0bf85c0c582d4a714ed0d689bfa770c83c84946e7af9f1f271237f6c92f6440bc3daec82796de0f84111d0f70cf3c7c3b522c9c0d9f780fd53de03ea031b45db5cc071b4dc85ecded6c4dedbe2a306d030de0"}
[2026-05-09 16:31:21] Lead stored successfully (both tables) {"lead_id":"012de882c9fcc3490cf740c5b5662ab95041058aedd46248d4d63d95f66e5d0ce2d7cd661957f96c4649fe0817a8b44638846a8ba5da83b9b9f3d44044347081e431c999e9caa13013adc0ec6aaec02e44bc32f946decadc720c354b14d672a311e354109656ca8f250db7fb3e8e5c1b"}
[2026-05-09 16:32:53] Lead stored successfully (both tables) {"lead_id":"012de882c9d2d610f4d81014cf9b4ed45751136f6e858b66af8c5e098839ed8857256d73ffc04fc9bd8605c29a69dc1b0e11dcefe042b62157b4d9ece382bfba144e99a1c8597616a8a19317"}
[2026-05-09 16:34:29] Lead stored successfully (both tables) {"lead_id":"012de882c9d35bf7205a8161f5c28b117be6f7608928b3c202933e33a0f62684f30482a1d6cdb95eca0af9c3a071a2172753213ac5a65a2a721fc16e1755dfa3f77aabae04ab522ab226c1c7"}
[2026-05-09 16:38:10] Lead stored successfully (both tables) {"lead_id":"012de882c9f89ad1a5ad11370aa6c34da300913dd8160eb7d3bb29a6d4bc3d1be8019f63770f1db04f4f98d5ff47e6ce933a5fffa0447bd45beadab52d05f7aba43570f273cdae845bf044a4"}
[2026-05-09 16:57:22] Lead stored successfully (both tables) {"lead_id":"012de882c94cd27e6e7ecac13abf02a8ac22a272ab5940fa88b88f8ee3075423d2726a50c59688b91a6826439a2c3556ac5c763455c4d6be74444c3e2e4081a0ef86997f853826f1dbc5efdaa14abd77ebf76727437e455f8d62feee644e407949c26d123616474a47c94bb01ff93443"}
[2026-05-10 05:06:45] Lead stored successfully (both tables) {"lead_id":"012de882c915833f24602ae7d8b89c0a0790e8da4a3cc4ba669bc31228918257a82504c35f8d7260376c9649ffeba807aef9deb8f836988307b96e0056539050da2d34fadff4fbdb02aafbec233246a0865c39e78b96d96f58d8d2ef5c479697e149fad84170d491e0e26b2c88cdf3ed"}
[2026-05-10 05:09:29] Lead stored successfully (both tables) {"lead_id":"012de882c9f2139d39db87ec4b473119d90073f1bd7e897f69fa97532e31f7e7fa5a977ab89d2840cff31c49783f694d0f67246fb032ba466a5bb66c370b6eb964db8aab056759cd5d411b5474aac44e880a675801f2fa67852e469dde790a9410de59bfd5117a1417398eaf8f657a40"}
[2026-05-10 05:28:21] Lead stored successfully (both tables) {"lead_id":"012de882c923d639d655b591146559769fcc50725476975eb8de633247bb11e93383be8347c2161ff0ecfafb4d666238eca8bdbe1e0a3acd3137128c2bbbf4f840011a3511cc211ddaeff9075bf04b8939eb35d9b7b1ed4c646080dcaa71fd1eaee4c9b4d0b15266391c75f1dec31324"}
[2026-05-10 05:49:50] Lead stored successfully (both tables) {"lead_id":"012de882c9ce1cda7e7d7e7ad3b994280dd02c7f7e87465b613e23372a9e96669d8ac3b5a5aff3866903118538cc9b105e062e9c5c996cbd935e3b9aa9b528efafcff83fc116709266e0ffc16dd8058156aff9bf61997cf65e58a3e5f1d2d9d5132b5a765c7af35189b05d7f7039f6a3"}
[2026-05-10 06:18:27] Lead stored successfully (both tables) {"lead_id":"012de882c9e531bc72c75c1f8539a361c3cc7f69816b9e74d9af8b6a77f4da7efee47a3efe441ec3c59a1eb0ecb47088aca3ce2455f60a4b602d3ea73b3c78e1925d480b2a1beb0dae0bc785e1a1c78cf9af1a79ebb6590d5944745f44afa88ee3c6df3f51695a8e3ac89b722fff3628"}
[2026-05-10 06:20:43] Lead stored successfully (both tables) {"lead_id":"012de882c9149ab963fa3c830cdf89dd4b8291c2c617e6b45b7d434ff37d6e3f38dd6cd7544e992167ad626ce03d06500031fc1036d42a14065e86e11f947f1524ea8e6629805ce4f13c4d8c682e3ac668fbb0c0394fdaf045056b37ef4f56e027668a02c219e3e0218a802840290b48"}
[2026-05-10 06:21:21] Lead stored successfully (both tables) {"lead_id":"012de882c90e1da2ee74ad1d16b44dd0f59702328f374ddeb70143a8db016f49b719a83532cc355dd154b40b41c180529c1aed0f81d5d2485434acf4687c40f94a7db5953b9c89d35394269815c3efe06f0fd79c246684868ff795293da7e1dd43ea579cd3fd8903ac392c8aa9f212ed"}
[2026-05-10 06:26:50] Lead stored successfully (both tables) {"lead_id":"012de882c93221d448cdf74875247905ce4f18ff96e02db126d88da37b81a242abbcf255f28e29f14e6ffeacdc8c9fd80727b5a551aedcbb4f77d790bb12589e76acfff9ece640e1aa85fcd0a6f5cd9c639b4f19b93917915293dbabfcd048a897b0b585f1c95557f2194a93eaba730d"}
[2026-05-10 06:52:03] Lead stored successfully (both tables) {"lead_id":"012de882c9aed2f8d50688c4a6040f8b8d5d366724a9f3ae2589686e51a1a0e89db58744aac5c8bf613daf9a566ee1a5314697ffb9d4fffca414fae4f43dd69301356a9e63c8c1d467182537"}
[2026-05-10 06:53:47] Lead stored successfully (both tables) {"lead_id":"012de882c962a7ced374e7f5cf8b1d78d391623ffdc7541ed997bfe376e09824e3c0c1dd3f3aa78d6e218792301a7d6463c6a253eb1cfd14a42e614efd0fc87a6b30b65ea7a83ccb0be51219385898e6952b1a1383f59baf5009e53e7aeb94b254e12b954f1e766beea1b675d26d0d14"}
[2026-05-10 06:57:06] Lead stored successfully (both tables) {"lead_id":"012de882c9c4d6c5471909bb29a5544f49a4c8ec030913fb8c03bf0904bd483c0ea594a8cd78f8177cd531e6c8d0ec256188f8afffe6b4728ad866b0aa307b4fa27cd39e279c9bac6fb138a8"}
[2026-05-10 07:05:42] Lead stored successfully (both tables) {"lead_id":"012de882c9479d38aa7574dcf5a500149c1faf198e02c635109a222ebeb1e5625f38004708455c206aa3e74311a09d4754aac104522b495aa43b255676f3c8b45ab4f2813d51eb9abdb9616ef571c83bf31a9b561265214b8f74f43b7211062ef129635ad9f8f6efdc09eda7438d145d6d"}
[2026-05-10 07:16:54] Lead stored successfully (both tables) {"lead_id":"012de882c9bd06271da5560d4fafae96e1c99f3e87f2a819483df11ce076445ce54232f0793c2d10749df1cee8585d9ec09d46732086ff044f5a490cc10d182421031b39c37c607eeaf893d208269eadcfecbf43ea52e825267f1781d8d0784e0f1f9c7509c015987d6e90b249f62b8580"}
[2026-05-10 07:26:56] Lead stored successfully (both tables) {"lead_id":"012de882c90675ea4949c115b68233d528c0435391578dcc5005ccae010ffa0276e35758b017ec30d709658515d7e6cddf6b7eabd359e3eceea4e868810ca52407ef6d6096615bc284624e90ba25447e4e9d45c093d5a91892911eba6a28be047d63ef512536a086ff5ac6989020f6927d"}
[2026-05-10 07:27:41] Lead stored successfully (both tables) {"lead_id":"012de882c97a8b11444c8a809dbcd04174291cd9519decbe3ce993661570731aaf5a166433bdf491e1e03a212bda1053dfa2b59fa3938bef51267ea314800d8a967e5115c13981c4fc1c1bde"}
[2026-05-10 08:15:43] Lead stored successfully (both tables) {"lead_id":"012de882c91e43df242f353ba1f9120c8dfe6fda4fbcc60605c11a5f61e13c25cffe004a3b78c31b099c9d319c2af372a53188386ece605843a7daa33470f93f3d4ce7bf32a92d6edd77f4a74fddafdbfa7eb1fcd81460feb5c8f82cf8cf2ca935517d8f15861fa7fa254b8d9a8d187e3b"}
[2026-05-10 08:19:40] Lead stored successfully (both tables) {"lead_id":"012de882c9fe63438c2479806701db7ec2d8a30313dc825287fd2ee8a4cc4a1e33e042dd9886cb5e9c5626e215935b032bfe0ca07baa18974a6e759b5b5f0c19f8b79f9a08f8aebda4ee727d0852121c679d5fb576d975c6b3806a718f06fad773dce470761ac027aa8d5c49b245302286"}
[2026-05-10 08:54:56] Lead stored successfully (both tables) {"lead_id":"012de882c955ef0486bbc56c140c412e36a374afbc7529db5bda90a25ce67d5e1275e0d4fdbf3a78176dfceafcc85b5a5b3ce48710821876e2bc2a18abb0a633a0e76dc3aee3e2e9c44559018d6b51ee939c6f165e99194c4794d414874e4fee927861f3331913ba5d0dc9cee2d68eb9d8"}
[2026-05-10 09:06:33] Lead stored successfully (both tables) {"lead_id":"012de882c94cc357152906b5b457ec6e523de92cd57f6154057b1491ba361a7062d002a88500bc96c60d9c9253b7b7041da358db3348314b6e14139a5de695927e2f782e870004084498fc59"}
[2026-05-10 09:10:48] Lead stored successfully (both tables) {"lead_id":"012de882c98a793eb8caba914e84b29f3b3ba7d3474d7c00ef5e2940e62048256182f0b15a479468ae69eed14eef26d02910de224c7ea9ccadd28706731985cac7751bffae1f7ae79ca12f3af9ef539336320026ca968d93fb134b383b363bd9b5a2c4e15deff2eabaac07bb0a95166efa"}
[2026-05-10 09:23:01] Lead stored successfully (both tables) {"lead_id":"012de882c9fecb5fa1ddac5dc30aa8d74bff5c92e8ea1103a799fc87ebe9e75211a3ca592301bedc0b306aa2d4665061b7b8def04dd76f84369e8d61f386c0adc5c995ebdccedc8a1952ff8c85e5d35f1d20fe042c819112f7a8b5133c92467942cd7b7761bb3dceb3f47b2c8dc894f5a6"}
[2026-05-10 09:23:04] Lead stored successfully (both tables) {"lead_id":"012de882c980aed28b8d0c97b4f6672ff6a0a4fc726d65bf4678e411b231f5b01de088116981e40a84f4f54617455fe25b82d4041342d25e1a04554169ceaf520a7eb91983707239949b71cef0db77830e9b5d2a8699a1dd072434f15ef1b585cce6396d6ceae90a83de6698e3b9fc05b6"}
[2026-05-10 09:35:10] Lead stored successfully (both tables) {"lead_id":"012de882c9a22fd0fba9a7e4e2bddb1979dfed0d7f382b3dac656f1d68b9f3dabeece06e39c53d50b12f98ca99acf1a521f79fc08abe08a299193bba13115d9661095468c452ca69f93ff53f"}
[2026-05-10 10:18:31] Lead stored successfully (both tables) {"lead_id":"012de882c9e0a76beaa87a1570afabcff42026b0230c158d12471ccb9259d7b658ee165c66a0c82569b3fa63856626ab3ecfc006fc153ef42113788830a23e5c87e9c53213555965a7bfc5411181c0b54eac2120ebc7849c1c1f91cb2ea86b5f467a1cea3fd09c255ebcbd284b1f49ba41"}
[2026-05-10 10:37:17] Lead stored successfully (both tables) {"lead_id":"012de882c9780aad78a40ee18ae7da5d7ea237d507d37a5dc9d02b6ea2341239b3d5c9afc06b4fd75dbd8a78e72fcb157f862e9259710d0d966574bc806c0ca72aca03a10d4411d6d34d6f47620e0bc93b72878815ca48ff4f97ef02f23b3d18798bc8ae3ee3e8dc437c472148900d034a"}
[2026-05-10 10:38:50] Lead stored successfully (both tables) {"lead_id":"012de882c9aff51d60608c92f9e6e6816aeea0c32742aec17b54344c38179e00b5f3848ff6618fc38121bab58488bdf3bdf7411dc74827abacea6af3748206b717511caf769d5f97c3eef91c10f525bb38d0092118c9f9aafb936626ce6177f4cfbae29eace99b7ae7070324c6cd5423b8"}
[2026-05-10 10:55:28] Lead stored successfully (both tables) {"lead_id":"012de882c99fe3421c90eed1dc376832be0eb275475344bda41899d4453c52d335112502ddd6b9038ee3c4ed47881f729f6811c9594d8d7a19b171aeb81874f75aca07f4cb10cfc8be4c287ae18737ef9ff68df43ad2ca638943441bf3e3cb5483f2486e97f08dc0e1dee1ec6370cdca54"}
[2026-05-10 11:06:33] Lead stored successfully (both tables) {"lead_id":"012de882c9dedce6a39435c91cd48d2efb4a1c9d5159bc50239d68cd7f0455eb7ca44245366c065ff0f989df81db07945761690c917bd6548e641b3ad7327182f337ee97c5249bbef1400f579cd1dbc67d0c89f6d6a9c6d603798f12cc172dbf60720e6cff52a0493b54a16d51f626b187"}
[2026-05-10 11:10:26] Lead stored successfully (both tables) {"lead_id":"012de882c95d076fe205c161fee16550ea42c8d024e1558d68653556e1a157dcdc2a73424709446d4860d360389450c59de4a9f432edce7b6761b7e2d3e72a66903c63796778f2f41797ae63"}
[2026-05-10 11:17:11] Lead stored successfully (both tables) {"lead_id":"012de882c96dade08cea264c46f10e6ac39628c8ff52c82be2a80981c3ab12a26bda2e1a72f2a237e45eea607f60552b3368af471dbde43104cbaaebfa14d334f034a2c8b7df5c1c3559872f"}
[2026-05-10 11:19:11] Lead stored successfully (both tables) {"lead_id":"012de882c9ab563298bc326b83601aa4dc01f1c58ec254d0b9ea082af1e9761e7ce72bbbe074f959b46c5360f0fe7d727fced9c40f24117fbbfb67504a0c20873644f21c65364dcf58a38d67"}
[2026-05-10 11:31:20] Lead stored successfully (both tables) {"lead_id":"012de882c98f145ddb1651135bebde198c365deb2a538799d91acffe914bbcc826ec3b1a8ebc193c97989f04af97aa6ee4fad8fdf608350a528246b0afd2671fe1aadfe3086e3273bba4db2f0e327514e92ed9657f1b3d798d860d316b5edb1e9b618967d7cbd20b634b150dae571e1af1"}
[2026-05-10 11:31:26] Lead stored successfully (both tables) {"lead_id":"012de882c91de6bc729e8589f74601f34654d65a60b40b60fe9b58f053c4b5894acf67f3dd461efebee07cec1ea0c1737f00a950364396f744494aec7c4a83dcc483d5182292aaff456de67a39d0b78a86e3983bcab6d9177bed4c543d2d367fc7be72d44deabb0b3ee860136eb169abb7"}
[2026-05-10 11:38:01] Lead stored successfully (both tables) {"lead_id":"012de882c9240f362dc56c91f28f373013c0c2c93e23d36727481e6b61cfc594f50bb6c0771caf872804621e47c046eaee1bf36a7557aa74757aa3ac1740f0afc7df5e3aa78621f71e88e1d8c77d961b45554466f49f7b4189459c68f85ad1c12e0fbae9219bdc7c91d9e3d7118caa1004"}
[2026-05-10 11:38:01] Lead stored successfully (both tables) {"lead_id":"012de882c942d48719aaa2598ad9e3c09f7bba367be98a9b68631b7465784b69dac7e7895f34bbf4f95534ec91bd38fbc85cc1f0c427b75291fa3fd766a9635087780f72a5e60de8f3cc6eb7fec523717b93af68cce0755429a2e39014a94222dba51de55a520f97ff49e82f8fd83cd550"}
[2026-05-10 11:42:54] Lead stored successfully (both tables) {"lead_id":"012de882c988c47b186460c925cf30e4c54e9c7f3b3b00426ad84db7984e43203822a6d4dab23975257026cb839336f404c31e3371df58739282b523f20ab61a4cd80a8715c650181829841bf3b6345cd065ebcdec3b901660fb62b392a7d820461fc54620f3ac6a88aa744adb6bd3b3d3"}
[2026-05-10 12:00:34] Lead stored successfully (both tables) {"lead_id":"012de882c9ab3f49605a4fdbcb480f7b77b2330f32feec461782d4c01b6c9a7b19a7f46312e91d783639eecb9dfc53bce06cd2e69235de51480b46de0a4c8d19837696e28005228ed248d5f2bdc76d3213d7229b314ea2fda4dc0b9dfe9e3f2ad192fbdda9c600645206dc2c3f6dd89daa"}
[2026-05-10 12:19:50] Lead stored successfully (both tables) {"lead_id":"012de882c9284c7db0878ec32ff0cf9e713e6f9079795e37b5fa3919fea1b53cd13793d75f6611021df170f96000b9e5fb876ae459c695e0b7c9b546ab65d2a0ff515b9fc13a58296e7015e58c111b1c388f7f66fa003935ad71d184a250284d949288ad16c5ff8c82e7b1815ed6dc440a"}
[2026-05-10 12:42:24] Lead stored successfully (both tables) {"lead_id":"012de882c9c9b2954dc0000b25e6dd3b9d0cd42dc5c3fe43360cdc4bb39189482f40db2874ccd411a365dde4fb1952414db270e6a6ed3daea976191c274bd40ad665d8486090646adfac72cfa96e5ba75b728534aec280b95fa34a85b095b492a747d1ea907114fbe20bc881d1550f02ce"}
[2026-05-10 12:47:55] Lead stored successfully (both tables) {"lead_id":"012de882c9bd1ec301e9d259eeb9dfc7e0d2cd1c85a06d3653d32c13cbaca0561582b09afe2ccffc64bb7e7ce6c7c2067f0d1b516823cc58e218fc10545aef09f3917e42654a4f07b490a3570f85dd5cd97f817dbc4df5f79914ecf8ec3aaf3f7540165ef791387a427e3b8f75931acc2c"}
[2026-05-10 13:00:27] Lead stored successfully (both tables) {"lead_id":"012de882c9297ec1692abf1703b14d4aca6380d02d33d426996e4a8cffeb1c06179ed635f33be718776d15408c4701101cf6a7ac7fd04a0aee9d538813585bace756698c1f48e869e63ca72aff9c44840b29fe085d915d7732c77f0c477902088c816c33ac2b37131be5e713fa499e90f8"}
[2026-05-10 13:02:54] Lead stored successfully (both tables) {"lead_id":"012de882c92357d5b99aec499a75e994693cd3206f3b8979e500bb31acbd38cfd25befcd7bbb0fb7dd9a0a9d15ef6b33b28d8f84d47e408f43a45018a384cc5fb4158bbaebc3a61037db8cbbf027e3ff4a1acac1f85b8cacd572be01ac91f1800da0c867d67567d894a70ad9dc4e800923"}
[2026-05-10 13:05:19] Lead stored successfully (both tables) {"lead_id":"012de882c95e7d6dccd06afa7506e43e019186b7a72a2d36cf6c4e09f2ddbd9c9bdca90f09c9b6eb2d968054c7829426915e6c1a986db225829a0980a1d7fd1bf3819d80ead2ffd29ddc841a"}
[2026-05-10 13:05:51] Lead stored successfully (both tables) {"lead_id":"012de882c91970a543b6ea9d02df6757b8c971f43752eecd92772e6759c1e86e845027f1d92ef89515312e917aca95adb400b3132135796c2497a39dfe69ecc9f5843a220258bc40bae2b246c6af64ce862ded39129a1b5dbcd29bf2e8300294e163907f7ccf835ac3b4fc60d5a89a33fa"}
[2026-05-10 13:06:01] Lead stored successfully (both tables) {"lead_id":"012de882c97a8cb0969a73f915df520c6feb4c7de6682038e0849fc41b80d38cfed2f1601f05cc5213ce0f7341498ea3baa5e137a6fa7ec53ce20a4b8f65878f30fb5417518dabb082ebe7dc"}
[2026-05-10 13:11:37] Lead stored successfully (both tables) {"lead_id":"012de882c9940f5ca5a8a2e9d42f52b65ad2478fede83a88304f3de2fe99861d6111c4adfddfa6b0c6532f10a0547d5fc5cb1e17ff00ca1d79acdf07a608338bbaf4ccdebff32e00f16860d3806825b2128a6736218acaa721dbad3a40146c0a09e93f6ef7d93b64bb42ab4514aef7ca6c"}
[2026-05-10 13:28:23] Lead stored successfully (both tables) {"lead_id":"012de882c94384a8af14244093ac206fa8ea129499e384179de21d0ece8bb8adbccdb4fef0990a09e359746df3be9d2846d2a7766d7a077981b08231a9bb8ca97f134dfbfc5d0d786b20005cd9d7698037de4d2a295a6e656f05a8890810bd680633b0890c5742c07935ff9b2c195490f0"}
[2026-05-10 13:35:06] Lead stored successfully (both tables) {"lead_id":"012de882c9c4fe513975ba977b571e7b41eac1c733fed3cff56c1f978136c000126b57a918078714e30ae08fb6b37713c991016924d3a5f89cbed73e1913b7389f2a6373896ef93d1ebda19d"}
[2026-05-10 13:36:18] Lead stored successfully (both tables) {"lead_id":"012de882c9e667845f90497e44f2387e8a107a34dde0922978e6072d0146aa76bf583024f2495a2d57a6c14fa084313ab0fbab9487e339399bc7944841f661ac2ee61d360c3233bce35dc5a2"}
[2026-05-10 14:02:04] Lead stored successfully (both tables) {"lead_id":"012de882c9458cd72741e960a49dcdb093e1d80860a8be69f861c83f0ef7f9eab0865b74e61c691a5316787b353456e9e2ff33fc8ea89c20f1d814b695e7a310921d2c1d1fabe9b0c716b072f3c3f8de01169d8c96a93209c50b3f6dcb67f9cb86b9bcb646f0b1aabae175a36d92ac1529"}
[2026-05-10 14:14:17] Lead stored successfully (both tables) {"lead_id":"012de882c9f36ae7b5f47126b08989d7dca9cba9f754e01b35b8fb68df6612afb17391ad33f34dd3a4755fab8f0ff7667776ac7bc3a3a128e8f31e8961b09bafeb3d0405fb3ffb7a0f9fbfb22e5c1abf4cb2ae1065ac9a3b08d584f50722f4d7e0210bbcae3f30d207b4f32098f856dcce"}
[2026-05-10 14:17:39] Lead stored successfully (both tables) {"lead_id":"012de882c952f93126e5765fafc058da6377648b5ae3e8012220a82682cc9e9365c9c238ff99158f92989fd29e75bb6eb19feee72f74becac7ccab3a55661765eb2e1938813111efe07284bb"}
[2026-05-10 14:22:31] Lead stored successfully (both tables) {"lead_id":"012de882c937b3f3925fcce5d093fc8cff7916bf91a9ea3787a9614f80ea7ce85aa8ff61fa6ae45415db4c22f8e38467b887521b49d4b04483986957fbe52bc3a3e638885eebca49a980490408836a8f6d6e28a130075ef960aa05f8a20218e98e1118f868e40468ec1b151c976c759390"}
[2026-05-10 14:31:56] Lead stored successfully (both tables) {"lead_id":"012de882c900716cbfe2b15646cdfb639fd67945c9b74dc9a855de54325c8f589427c341fb2ef254d8ccee92b847c8bf589bd6124e141cc8e8d66d7a06092832c8841f29417d3fba03be9f6fd676203e7e4fe510d8120db6a4649d0e78b21d151dfc07734a4b8f45421cdad1d9b7131052"}
[2026-05-10 14:39:18] Lead stored successfully (both tables) {"lead_id":"012de882c93f0b6737f8332a10430eb1ddca8afa0c214921a8aab6363d591cd31499ef21ebb4805590fc177562256da2828f82f41c70c79e89d105af12a5d6c942dcf05065d1b929871e0465d5b8f16ac51a0fb5f09584e1a2fa6335cb9077d0b511e781e8cc696da802e2a28b23af21c0"}
[2026-05-10 14:49:58] Lead stored successfully (both tables) {"lead_id":"012de882c996714839a6179bd709554e5d134d74e6f09b9a8022da487271151063f97f0773a32603879c11d47e2a9c058bc81318451f42f73e509edb3dd4f25fd9cb632e3b8df6434d692e27e359db30843ed74e6a4eb84272bd9691c245906d97d6d0ca41135f1ee2f824dd57752aba06"}
[2026-05-10 14:53:49] Lead stored successfully (both tables) {"lead_id":"012de882c93e284af0b011aa4ef1d8183b6eb74ace745a5c54db0bd921ba721ab13e9b7197610510f542891661cd34b1147e6ac1540ec83c474117e6c871c308a3cf39f5157681245362ed83292e5b85731387ea6ba27347e23b0dc56c0b6494892ccb7e7fa5c3265b98cd4de25d9f926a"}
[2026-05-10 15:09:25] Lead stored successfully (both tables) {"lead_id":"012de882c9232cbb43c475b3e0d986393e17ec5f9dfc36c9831def59825e672d8605b6f0eb1dbd964eb88aba686955f073dc318abb3a038aa60e33efe33077c7d1c95f1e5a8f5526f8c3c41e6489ae2ad47126d1ca5b62b1b66d3eb04275d3d6a1e2b2aa7be1f613854901a06e8b817d9c"}
[2026-05-10 15:11:13] Lead stored successfully (both tables) {"lead_id":"012de882c91ecdd88ef115e2301ee58341310c9e7334ab20a78453e16a4b4e43327d4ff8e8eceae00ab9d07f6a2462951459e6a0be0ae5f639985bb8709b1ed42252feff1af0f0adf986dd66605972c29509fe93eaaf37fe630fa15839a6661c09409f0f32c3132a6ea95205ad614d1fc0"}
[2026-05-10 15:19:28] Lead stored successfully (both tables) {"lead_id":"012de882c95d09b271aeac724ac8225052916658be6c0a0e41ad6fbd0f64d32f41b94315cc6c6be0f70c3178dc4834b952ecfedc3370f833f5a0954f04cd8ccb767e3d38c6e70d0812146998dd27af6b966e8ac1f4a7203d52f8dd24b7375e1dd94adbe8897892009949a97d2fde5373ff"}
[2026-05-10 15:19:45] Lead stored successfully (both tables) {"lead_id":"012de882c9811698e38e765068caee708786ac6f821a436dfc3a8df8f8e814948b13f75270a4b0f0b7c47ff80063f38052db5dc0f1fc2d68dc0bca945f67d06a7e9376c9c42e88f9acb29ac0967680ae70c4f73f6d97ce13a37b12bb5ee1346347a22518e10418fa91f23695b9e04ac108"}
[2026-05-10 15:29:18] Lead stored successfully (both tables) {"lead_id":"012de882c9be65d27b8ff4f8c41dbd1c4e692fca3aff212454fe1eb93e1b1d57db326fd79867222d40736a34f2116ccec236e661049a43b5b0fd1fa6fe5e41ccbdb3f08ece8535f0752f154217c740837b2971b9fcff362e9af255750f0d565f97ed7dca39542d19241b0602195e589856"}
[2026-05-10 15:38:50] Lead stored successfully (both tables) {"lead_id":"012de882c9b40a4458200b8e8b9dfc347194b7397c1ee48e3b75d3189f69f946c4fdc5a1225d76931ee366b295ce4ee298dfb3d0b62d9de45c38b674892386dd9e71dc97d1776ad608be4a15623702554fc68fc265e6409fb7ad76f5de8d9892823937382414a8a6c443fbbe016e7c7438"}
[2026-05-10 15:47:26] Lead stored successfully (both tables) {"lead_id":"012de882c973766bb7dca546a65cd970a575ef966a9dd9cee3a336d198bd840a13e6cc8009aa5880b61b1e00445e594de9c674d01210b9c472c3cc993f1375da7b40422dcd8b528e4992bf32b1b9caa27aa2a8c5fdcc454804b7a99874bb608597011db00c084670759a37e4b321baba46"}
[2026-05-10 15:57:47] Lead stored successfully (both tables) {"lead_id":"012de882c9443e4093eeec2df8f80d75934e24b1530aaebab98339f427a7795dbe4b58c2dd979f5c914712843e5ea8592e4d4d8ad072dbc270e9e53ff6f98782869382496ca61819a56728d408306d3d68b677dadcb9f36227a7e0d99f58955baf9dae531e363a1eca6ca34cdbe9c13fb3"}
[2026-05-10 16:05:02] Lead stored successfully (both tables) {"lead_id":"012de882c99e71bab0f2dbea172601e707cd4567034e5f1f70c15570dd53c037361594a6557bb692fa074188c7f98570358f8214b211d7af615fce4052a56e714aa3135c094f4eaf62be2709c1ecf9bb429f1faf33ad7083b532cdff4d338af70f29d6e2a4c2d67951c89e2adf7552e618"}
[2026-05-10 16:07:21] Lead stored successfully (both tables) {"lead_id":"012de882c93634c2f853fa9aa8a9b2daa42b852cc9474cdda18113a437fd670e18459f8f34e056a7101db1d3dce004494de22db8b2c8fe677e5376365d77fe7bc684000cb3ceff00bfa597cabe5776c274a710dac628f39458e7e957f393ecfa26265602f65b9aa23579b89d2acc6d2f7a"}
[2026-05-10 16:25:51] Lead stored successfully (both tables) {"lead_id":"012de882c9a620aad020e5b4ccedbe9ade4b0e22c43d910f515ac44695d7b89e48d71ddf0dca645ef2757a27f8da6e9e332632e2d421e24b18feb5553f0db65aebc01b29141ac5a3f340010adad91950e44b581318127ba4d60ae47197012fbc25200362dc7200e715c5f0c46e6ec45ff7"}
[2026-05-10 16:28:19] Lead stored successfully (both tables) {"lead_id":"012de882c9db1ae76754a79e0c428eb358ea82288e0ad79509d362e8c7af3a4a10e1ec6fd0ccb9435bec16456bb48e1e88d779d5a9f4251e5fe43dbac962ffbdc4cc0f0d84a61f1e84e46e55f05b232e8d0c0b2f62d58a684c0b1a6d44e6535072932c74c5ee1ddb2b4414cc92f59d5bce"}
[2026-05-10 16:42:23] Lead stored successfully (both tables) {"lead_id":"012de882c9df82b6c86f2bac8a8a44483cc26ad9eb583e6426b9c49129933471d0d96f14c685442c764fbbe13fcbed0794288a4bd1abb3e09a15c35c1b81dba0396b081f92335432a116cdb90d0d30b27cc340c7372d88ea9cfac6dcbcd8d540095d8e8b90b095928044ee4ee2c984bc3d"}
[2026-05-10 17:02:07] Lead stored successfully (both tables) {"lead_id":"012de882c9dc0889e77e289270c8a3ef74fc13ff3adad19b9c0dd08dc0cbe1cd97649707c7043d2c73ec73d120e87638e1cfd6876e9ab77f3acbc4466459fb44b2ac8233930bf2ad247b890bd9cdbed8c88ce72166fa9d757d481eb043f0a1559c3cc8a4bc327e68fed5d2b20a500233fb"}
[2026-05-11 05:20:20] Lead stored successfully (both tables) {"lead_id":"012de882c9d7be4b656c73944ad24d0d6452f7fe7e90af25bb39c3cf705768101f0eac68301eee5604339cc3324340d430a745060002149bef9fc234ee1ede0069ae90c59c4e8eaefbfd9008"}
[2026-05-11 06:12:19] Lead stored successfully (both tables) {"lead_id":"012de882c948b58633d581458ee1ac419662ecd83aee08afd98515946efeee2b7964a1e6d7ba8fd0399a9088cf203edc0dd0fe72089e0c7fdf24255ded9f4560668b32a3c30c5c9f6c164c30ca49f5adf92be74f0dab0125ca3a5be93a164b248dbd272712a43127f97a00974f96daccc2"}
[2026-05-11 06:39:49] Lead stored successfully (both tables) {"lead_id":"012de882c99aa89aa36f3b2d3f4d986e0109c9a8fe8db6c32ba5fe54eca39ad62fd754ffb017574021eba9a972abdc9e8b3a9b2ab06d8bff573532c45f164d900d79d72890882e0e9c278c4d1c5c1718e4e67ef82036fce3d6053d88405ed652b9b0c6257103d3b10f4fdb798a5ebb85e7"}
[2026-05-11 06:46:39] Lead stored successfully (both tables) {"lead_id":"012de882c94d30088ad68135b35986acd1b2422725019f9dffb0f835acc9f5c5fec03d3ee55a9f9594f8480a7e0108616f0d00de9dd3e89290848718703b50be46b424d1b5500e0d7ffb300c"}
[2026-05-11 06:47:14] Lead stored successfully (both tables) {"lead_id":"012de882c9fa7dce85586620a42d7f6dfa21b2270707723234506ff8472bd825da1791ff1e388724eeef9ab5242b59f6f059b33c015cf5ecde832146f1d686ce719cb653a7a2820c5640d0c67c86fefba0154869ed82bc0336bc75cdef5f217c8af6503d07c4c07b97ec20b4f1a328510a"}
[2026-05-11 06:55:32] Lead stored successfully (both tables) {"lead_id":"012de882c99eb98debd9fb3714c35b0482aa24f118f2ae8cce96b4d21216e1039e3b089f35402087ec748104011197dd4e123a0d2a0e1ae18e0da77f3adaf85d48395efed67b88a19e1947d2506ce28e1030e80f1cdbecca4184a12dca2bc7824d057583fe5810e6925f0f01a4af7a8c43"}
[2026-05-11 06:59:52] Lead stored successfully (both tables) {"lead_id":"012de882c9c8f0eef56d03cd80493ec6f87a0e211a38bd999e40aa1e72501cf11dde212191c8fda8ec7742bb9da8b21af6a84f97aa01cf35e33c89eafa6d877b17ccc0f360cf145f6232b65e1439aa7d0ece409e636df7da7bcca4d1985ee10a9ebeef2eaf2dd550e0bc1f1e3f466b6f18"}
[2026-05-11 07:26:07] Lead stored successfully (both tables) {"lead_id":"012de882c9a5e4f451849679fa9d6b87283ef80647d2092aa8bf9ffa0f9ff9c16d136f9005548cea89043f9f94e589d5a105692bbcc90317ca95377235fbcc748045db36d720f6f98ea4f64af4e0792c1472576c0bfb69f8dcf11c2bad16608c5aa9b205a18d8085a2458fac0d322b2ada"}
[2026-05-11 07:53:15] Lead stored successfully (both tables) {"lead_id":"012de882c920264697a9e10cd2d421b31acd0dd078110ed0a5b458b8685a86db1abf23539603dcf0582a05d8cfb0c1872001a96c23ecb6c928bb30c4be5ac7ad3217f58a97cf44cda45acb86a543ec4e5a5de414622eed823b5692cbcbd80bc8b29d412044bddd2847921c8d8595468e2f"}
[2026-05-11 08:02:31] Lead stored successfully (both tables) {"lead_id":"012de882c9cbeb8b531a9bb56ced223739a8e960a4113b425968b0bd9d779712ca8fa8d108a7e30e1a8329aeacce262b47d6e50d81b271676dc76f4226db7e48e99768eaf1284225e81ccc8ba6a4e3087246d52a8222406c60a047f70ed0a169c088d9cb2294f92e2b8f1f0a0c9035d09e"}
[2026-05-11 08:15:27] Lead stored successfully (both tables) {"lead_id":"012de882c9a86cb4db6a8a44d33ad1ff5503cbb01f100bbd177bcfcb621cfcc510af3f507e036ba6cc607a51af407614bc53ff0d169553b06eb346377bffc54511df609b6017eb2620b38cfc1dcab3b7e6b7c30d2b9d91ad368f60d8559796349088f98bc965b6a137867a3b11daf08edd"}
[2026-05-11 08:28:31] Lead stored successfully (both tables) {"lead_id":"012de882c9bcfce348d5c20722e4c21880db67d1291da5dd63f04f5949085fcdc3a9c5b692b62ca97eade271fde381dcfbc71e48f98e0877d2aad3d221409a95cf5015b926796a755d819e75dd02913964053902c0b02c536e9fba7f1c6e1db7de16aa5769c5afa5aec4f0c7c86344a106"}
[2026-05-11 08:48:01] Lead stored successfully (both tables) {"lead_id":"012de882c9ec15579fd0d9b2fd0f27313bd9d1a9ae34174325437ccc88b6b441585fad6bb7d182806352973545912bfb395f555d33783765742e191640e3bf9698e1f38d2fd25c2b61d7aea33b1c5782d49cf1b6eaa3e976d3e2894ab45d343acbc12c9a03807ff76eac8d9f898ab245ea"}
[2026-05-11 08:54:22] Lead stored successfully (both tables) {"lead_id":"012de882c962b9a1851ac4add73632d28f28c18ac494f6c5e155d9806db2023869a1e3665e2a05a2f8c267ffc4eb6e2f8a7a2caac2e0a3712d63aa4f069f770c33f44567735d720ff99f6013415353b1350738eb4194cf1ec13c37e3b1a8a0fe5337bba0e62d24e3a06b0417e6fbc9c096"}
[2026-05-11 09:52:37] Lead stored successfully (both tables) {"lead_id":"012de882c93d2340d4d06cc4ef15f0327417b076fd4c1945d3eda374b909d4c7db927ee6444b97bb2003aa56d4cd5775ae98599ae44d6797b7e319848d14792949d5f47d4909d9480bde6d074fb8e191f54ba9e35e54a00d3154673a132422a36eda01795d2ef6f9238d5db56706d35207"}
[2026-05-11 10:15:15] Lead stored successfully (both tables) {"lead_id":"012de882c9685167e7559cfa12e21bd3f0e1422599199c9714c94aad994047b66eebb275fab896b236bb2b4e88f6a8df253a61023b13288fb8a23d167bea62a78ae3576acefbf24c9ae223f517bc675553782fa15adedad0f63644476c71670879f57422fcde6696a5ce02614fa3be42a4"}
[2026-05-11 10:24:44] Lead stored successfully (both tables) {"lead_id":"012de882c908f03fd017f4ea53c1918c50f7ab8866b74e8583a30f23e4482020b5df2497f356ee5114629e85699215359b7e595511848efee642b559c2669de53332dc66e0c0b08fa6cc1fc30ac35afd750f8d78757b46ba062468bd1115b33d7f1d8c7ebd29dbf735a8a0badd36cd2a71"}
[2026-05-11 10:52:51] Lead stored successfully (both tables) {"lead_id":"012de882c9d4ca44f439fef531c1945ae01fedd0301f1586ba37b88845054fcb93f1ce376c4d4179bf50224bfec7bd89e7b7747e4230dc268edab2bf60c99312fca28ff678ccb136626458099b4eb54f883e449ee5779e888d6b3d4fc525f18032dad3b390c7473e2b9d3192b0c29c92b2"}
[2026-05-11 11:03:32] Lead stored successfully (both tables) {"lead_id":"012de882c961183a2b9f166f00668b7f2ea0a680cd5572ab227a1b694a741ebbeac10c09a7e6786593f8b21a109cf35d85572254b4066d89fb42fe89bca42e7074cd001d1ff578650788b36e"}
[2026-05-11 11:05:38] Lead stored successfully (both tables) {"lead_id":"012de882c944d7d98a9a1e847bffa97246f33f6fedf2e0de4e2b25a1c0a36e7d13e3d82bd0149bb5b3e44a3382af5d386c16490ffb635c9e9f83d4e59b709fde0fba14a2281bd33e815231c5c5c9247ce60b58306814ff78537259d1f8f1eb93aa6c84f9dbede5b2a19a5b1238f37ba860"}
[2026-05-11 11:14:50] Lead stored successfully (both tables) {"lead_id":"012de882c9eaaf092742f2ea4a61771387ed651ffe2c50595ee94dadf69a490dccbc9564ce5ce99d459d90d23625e075e6d0331ab5fc94bad84a79ea458c42b6905c7fc07c3c941daadaa2c87ea339c9eed647075bd5e186ad9a3818ded6b240ff0b91a5f1c2eaefd294dfbd922839014b"}
[2026-05-11 11:39:39] Lead stored successfully (both tables) {"lead_id":"012de882c9036632c89b02ff71e7d700e31d989c5092110bc544447dc7762488ee469dd5cef3bacece30c65353e3d31c322315c3d9c7a2db1ca5010a7d3e15704f4162ad678a0fa7890d9c5d932ece4b4976b2d99df59c8f98446673d147ef358b8d71f714ecfeea6675999c0047dc4cc6"}
[2026-05-11 11:48:50] Lead stored successfully (both tables) {"lead_id":"012de882c97a758d5fec2aa8c657a16cffd0ea8687112c74dc05728c76596a9bc0288ade615e7d359f52fcd9ce143522462a63327b5489e345c2a75cc11e33a4526bc34cc7ce7afb7734bfcd5b4cf164bf32a930a70b03ad14ec8fd1b388ca140390adb9780c4f0f3e2a35259836e115a3"}
[2026-05-11 12:15:45] Lead stored successfully (both tables) {"lead_id":"012de882c9dc5ad0a7798f5d0c4ad3e29f5430929a69b686773c6f5913eff7e28c3160abe62caccbc61e85189793e228b147e64ce62a1be8f4f4619c07176a22b5ffde0ecaff0443171784f7ba93a715df8436bb4a70774268bc2570f43973afc4626cfd5fcf5ffee1b60cdcd29a71c453"}
[2026-05-11 12:25:45] Lead stored successfully (both tables) {"lead_id":"012de882c98d99e6b592517c6619d231bbfc2676c3b936d854afd6a116774f52f6c82c64677f886bb436679d70031cbbef8a3371ac929cdda44277cdc133586b0a9110be84c00929a6117262a4e413319b2efb5846a51029737dc2c9266458b6918ad53ddba849c3d6bfc40ec3cf315ec6"}
[2026-05-11 12:32:01] Lead stored successfully (both tables) {"lead_id":"012de882c950b258ee944cf62f5a08f309153c06a5509837ef02e2677099a110885978e9cff1a3c9d9f63c908828e3b019ad45722d0880a0e810dcb52884cf74a587287c7e3b9bdf519c6b4661165b773d66745b7978a14c20917ccc1f5631ea4a9c35269b5dc8ac01a743d89bb27d4340"}
[2026-05-11 13:02:42] Lead stored successfully (both tables) {"lead_id":"012de882c9a382af2ce64cab5d005ce659bb269287103d7b14f0c72d3df12c2ad0efb8362a7a14e234ee238822c93211e634bef123b0a9965107daa1e2f2a16086a6ed4c939af81049ebf1b5faadfd73178bd9712496630f8076d22004c57cc851a2992ab0666866c7ecdb6a6dcef034bb"}
[2026-05-11 13:04:49] Lead stored successfully (both tables) {"lead_id":"012de882c9a68b3e522ed2905ca0ff4b5ccc3eb3b6f8e84f9b6d21f198c90ebc2760b4bc8ad567ecc642f0f53c0132ec2753d2b65d075f36f0036c4c38e7e2d2b85921e2bfb07c05bd4902ca32884ecc2e2e150d21afc7f6b4db8b6d4aea3b2d931eddf809dae9368b46e6de13eac465f0"}
[2026-05-11 13:09:09] Lead stored successfully (both tables) {"lead_id":"012de882c961f73b071fcb34bc4d73c1c3e9ed019dbf5efe327e9a3c84c6915a89828e6be9f15fb64403ba0333d2bf7f96e76a5527c4512054061863c6fb94d9574fd9e8dad19c1f946b6a72d55c0712f27d825d3bd78091249792e8f6251a9f9d36f2934833347175a3cc56a743803b22"}
[2026-05-11 13:09:18] Duplicate lead ignored {"lead_id":"012de882c961f73b071fcb34bc4d73c1c3e9ed019dbf5efe327e9a3c84c6915a89828e6be9f15fb64403ba0333d2bf7f96e76a5527c4512054061863c6fb94d9574fd9e8dad19c1f946b6a72d55c0712f27d825d3bd78091249792e8f6251a9f9d36f2934833347175a3cc56a743803b22"}
[2026-05-11 13:21:01] Lead stored successfully (both tables) {"lead_id":"012de882c995b342cb9f1c946591edd7f02be361952890df1bb62618e36c64c42954710745ae1f00bd7a12bde277583d60d7249a54478e0bc0238a6ba7e569d2e750434e121dd5bef71102cb8a4c6821fc290474643cbd399715c8b8a01d4c5d9491c55d3ae55369d0e040330319366ccc"}
[2026-05-11 14:11:43] Lead stored successfully (both tables) {"lead_id":"012de882c93247123c8d06b80f689118adfba640350fefbf0d3985b984a361153eccc423de09de849bc30f932338ff569901f48f7f13c770015a789fe36322009577b18dcfd926878d081de50ed6485828f46d3a11b54bc186dad161a0b2596082b1fe48fd1881b91175cd978704bdcce7"}
[2026-05-11 14:24:32] Lead stored successfully (both tables) {"lead_id":"012de882c935011cea3edc51d8ad5de839e6ac92156c86890d05319b8f327980b12a35688c36882a978b64e2c5eed03001c529881e084cc5d236c48d82b8d286d5ccf74337eb0fcd9bf5f1db4912180678e6ea4073eb07c8b515f5eb729cafff92f71adff23d7b0786d1ce959eb1caf574"}
[2026-05-11 14:29:51] Lead stored successfully (both tables) {"lead_id":"012de882c982386ba22e024b24c1e2721a3c14826b8ce340b90d09b595d38c7c23a469e772224f680bc4f63999df4f0fa959e57d0f9763fe4877c42e63f991b9941aed2352a96725a15c619d378d27a0eacd9837d3c120d8fdce43f331a9d4a1e4c2e82b2af54d2e12af351ecebd6d920c"}
[2026-05-11 14:45:00] Lead stored successfully (both tables) {"lead_id":"012de882c91d9b0cbd94832a8d4aa612bff592f62df4952ea808476df620ccdef4fa8db6f25ec5caae61f88171fdb33f1f5d5a9a28230d306c4e9a523c3ca50d77cc013bc7e9bcb91157b99c28f659e172e99c07b6a70f04a123bb979e691131f87cb08c7e34ce7e932ad7c167064c637f"}
[2026-05-11 14:51:29] Lead stored successfully (both tables) {"lead_id":"012de882c961cc7bb4783c8d81f3b762b3bc25cba5a2929d90c6270076ef3062bf63dcae22328a1cf6aacb426c2ecf0166e695b9a2f30f42f1acf4efd0a9ffa184a12cbe2d7a07c1d65afa4177ab20c1fb36ecac82bdd241ef6f6fcf0cccd8045b654d400af929664624099bb2186b6018"}
[2026-05-11 14:52:02] Lead stored successfully (both tables) {"lead_id":"012de882c9f4d4f39f94c20acf8f7b51e46b342c6212ea4e01d4176a4062bad6a393185953935c00179961eab713673a4bd92b20c8f74dcab14dca3a398441ed59bf66d7882e93b5cd9d79eac8da17e6953a9e13eeb20dc6e2d8cc01a39d14659b69baf1c7c5f2091c2dda64a835795339"}
[2026-05-11 14:53:25] Lead stored successfully (both tables) {"lead_id":"012de882c988e314888f32843b84f52187b70106c5d71d671fb8615d9346a5a3d8bfd4cab9019854434ce50d4cc2a9baf11ac2703fd03af69882e0bfc11c56ae2f4c266ae1f251a844f3ad93a17ba8dbf378b17de4816f16ff7410c43689ea52f047a61e4d47fe9e02b8b66a6e73492241"}
[2026-05-11 14:58:36] Lead stored successfully (both tables) {"lead_id":"012de882c9d43ffb54561df83c6d2cca957f0092efc9f1e2072dd83f19129e5290ed1e1d49036588f05e83d5b35bd9c561e5fccfcaee9b06c1cb0babf38a8891f9fa5524f1049c404d8c4fa9"}
[2026-05-11 15:25:25] Lead stored successfully (both tables) {"lead_id":"012de882c966c4754596d52c76c078026a618510bc0992db5a2184a1eb70e96adee55dc4415c8ec297aeafee3b7df811e6cada968c69092cf0e8bcd781c318a3b8822abb90e1d1cbf6056b042ddb876b44aa8780d3fa823b1ec915b57a4cb3ceccd8166107f2d8d962bf55e86869aa424f"}
[2026-05-11 15:36:53] Lead stored successfully (both tables) {"lead_id":"012de882c947cbed161bd675b341e2d4589d5156573536882a256729c3bdaf6f167b57665ad546474919ca67fed72e80874bae2b6561174cf57fba7d15360da196148576a18dbc191e30cfabef6dfddd7fe4c5b87b8585d8069f74c0187538d6a014c5e5a5a5d742235da1ee1516caaada"}
[2026-05-11 15:53:36] Lead stored successfully (both tables) {"lead_id":"012de882c931afcc0398b9617ff95164070e5dcfecc65a466faba99d418a2cf41b630bf441f9ae13987fef805b6683505afcb29ae40e42fcaff5ee516c7069bbb2cbc7c52c3f14b7b91f3d543c146c403294012a7a1dce5c3976a968c045adde22f727ba9ffcaaceff49c6dfed03336b68"}
[2026-05-11 16:07:24] Lead stored successfully (both tables) {"lead_id":"012de882c916dbc79d656c1c6dd9c408fccde89a41184cfad282886cdc47f59cd5a1e59f957f1d8c5fbb3de3b817387907b4961f0a62ef43f9afa02997e88c1a2a0b170498ab47b599aaad810ca317c678b07e1bdcc916bb13a7a5f9e836fc01e64d6a923c71f7637714fc98cc3283d56e"}
[2026-05-11 16:12:29] Lead stored successfully (both tables) {"lead_id":"012de882c9247e2726dca5f2e155be7d4a451f14e309f1b391aefe170cf8f718409cf88fc010f1f3fad1b43bf1dd49dadbda3e69bf7bff4ea33f7f0ba4142b8ad01d0e9bff85d5a24b7875a51498db3e0303fb9bab9c9555453bab26671bba275d5a26e463e1cd1e8039127d2f1db3fad5"}
[2026-05-11 16:27:42] Lead stored successfully (both tables) {"lead_id":"012de882c96616d8bc83016f719e8ac16a21d196c221e346e79b8052a8bd822f810f1a25ae7efcd22a726f2b590d5ffcd2296b033ea2165edb060c53ca5c659d9ba71807dce9f59987dd380e4ed85cfdbb2d141cc481b193a806405d5eed2c1b16c7f0fed3485946b1a77fbbf144ae6f25"}
[2026-05-11 16:47:58] Lead stored successfully (both tables) {"lead_id":"012de882c98cc11984896348a7d83dfdd8a108e1cf241d1c9a9bd9f0a6b72de334816fd79274727d769982644e5d9ece2bc56bca1c03bf683eb8c5f93f591e15456700f3d20a84a09854aa66d1b2deed271e5536a0dd0675e69ccbdb7ab96ddb76efda0b9c93d395b791dcb29713f69e9e"}
[2026-05-12 05:14:25] Lead stored successfully (both tables) {"lead_id":"012de882c9cc6add8b66b5d3dea64250c416cb5a1e04146aca4350797dca08338dec26d5b4e4f1f15a5c61d718b444d4a37382992f8020f2d9645652e97e00771c381558d0f8c1ea37b5fd6da95209c250fe9dda3c2dd3318fadf181b870b26b4a4fd098dd1d23de076b2475e11c96d66c"}
[2026-05-12 06:21:42] Lead stored successfully (both tables) {"lead_id":"012de882c9ccda7c4359a2c79b2f5d5db519f578f1676ec2f61054ee24ddaa134c9d427091f4d7418da33d83f4134117535f5fb411c2042e6db69f7d036b1683f86ba06614d34997e0873e36b132dcada414093ac6f30e8442410a4ce07641f719c02c62d75c812fc41633ee5197b94503"}
[2026-05-12 06:35:59] Lead stored successfully (both tables) {"lead_id":"012de882c908148983d6998b864ac6fd968301c59e454163fa7ee9b735c02ee7e9bfc705c0715feabfa87fa8841f404458fca8b17a3882dbf379943df5fced22dca7296d0a0d3155ec6c66ce7e5c303b12fdeb39c9b62a05973bd5dfdf6d228c4b2cfe7c6a378cecedc3102f1357a82805"}
[2026-05-12 06:47:45] Lead stored successfully (both tables) {"lead_id":"012de882c9b1aa5ab0816e97c4534c0586b1783f0535f06ad6d1fe7ce44b6b4294f6b876f4a36b90630fb32cae21042fde4c68f53ea72e16cb294d134e08272229be0612f82c6cf18224568e463d37e53e2fc7ba8796f659a9e5df8e644b0d1ee894b28f8611a3fb5ba172c46a3877d878"}
[2026-05-12 07:00:28] Lead stored successfully (both tables) {"lead_id":"012de882c974af2093436f7842915c1eb566e2fd68fd26cdbfbd9d0f468617f4da9cea91655d839b75e8ed75f46de0f884b84b7f2033be342682778a8846a8de42adb7d4182bd966cde1b627a66ff9631f8cae4e3f39986d5df01d2db2c4f97586c100727c3a314022d056eb25343a26"}
[2026-05-12 07:11:50] Lead stored successfully (both tables) {"lead_id":"012de882c9b85da0d6844fb7fb5df8c34fd34e3d86cad5602846b9e95c109b35955ae2930662a1b74393d0c3b1acd3ed631d5dbfdba75965bf45a5569ef49d3ee37c922de1325bf76394ccea61448e696ed7a61a59c053c9930adcd3597936190eadb4b4d6ff4ff53489ae6491a6bb00"}
[2026-05-12 07:41:38] Lead stored successfully (both tables) {"lead_id":"012de882c927b5e4618641f08c3b1dafa1898b1fb91f2fa4c8cd9c54050bb4aa3f93ecb9fab928c4ec12de1d0f0aa7b4d5e38eee5d0a7f19a46fc418bc1eec9c7abb72117c453b613747f8c8e566f341e9ad012dc025718f1388cd84aae9f0d998c2b4e5f0a76121f742a640d6dbc0a3"}
[2026-05-12 07:52:26] Lead stored successfully (both tables) {"lead_id":"012de882c9d2b40cff60bcd519a4447c88947ca2ce7cf420b74944a84a9a86973d3d21ff9e3602489055930bd34a22e765e37bcdd2b582670d775fedffbcaa2a37c74efd8db3123a67b41f7858bedd2173ea03777ded2270afcfa8f27624aa118dbb45a395d277ef5f9dd9d7b00853c4"}
[2026-05-12 08:36:38] Lead stored successfully (both tables) {"lead_id":"012de882c92470fb1f6c53375fbfd8a2052d72d62f848dee22baed72434158cdefb854cc752590cd157dc04f4aa91ab32ee861c99f873020e24fe81956d772447e9b17e70b73623ac0601a86d03f891a2595951580fb6dacef6ffe36f2d49ef471c0bff869334cfca5733b4963f81444"}
[2026-05-12 08:40:03] Lead stored successfully (both tables) {"lead_id":"012de882c9a395dacaa9ef1f34a28809862da7fa675807647040f6cac11ad95d701632c61e17d6a0ad64911e4cd33e8301a0fd907d5481f672483967b84f5f7c9f7d31577d5c2d7265e11103cc8fc1f8925c99ef52170869c08acdba40508bd01babfd4ca3307fc9d54c98ddb595e9e4"}
[2026-05-12 09:35:53] Lead stored successfully (both tables) {"lead_id":"012de882c9ac4ac5a8232973ffc6f66f7b2684483e45c52bdfceec189431f6bad73eee0ca209696e4def96173e971ae61b99d3b5915d76916d96a00df2a18f14424b65cf1224b4345682e93f882c360fe1c38d334730a836f8fe47bba71f0feccb9d1b6d6edc07e9017a3b78c48d9d84"}
[2026-05-12 09:57:08] Lead stored successfully (both tables) {"lead_id":"012de882c94212aab08365fd34116c84f56d42d8e8f3e965c953887e63612912244a997213e5ff981c0a8e314234eb69d221d403929f78894021f829a19ebe1bc507cbb2cbc8125c87a04b04957afbd8fef9545567911d67fe9720fe287242e5abacf9e4795357087364741cc9f7a8c3"}
[2026-05-12 10:05:39] Lead stored successfully (both tables) {"lead_id":"012de882c9fc88eabe07d5381a0bf862c84e123f1a121a307aea953e6a341a8a161a7670617e3d3af53685cbeeaff0502964cd3d6e1e8419623e240df6917d900679c732b210c76002ca7db1a31d2f4b003d77884d70a94c35b83ff352b84f237529337cfdd70c75478c817f010bc1f7"}
[2026-05-12 10:39:08] Lead stored successfully (both tables) {"lead_id":"012de882c9cc2c23e4b37513f35432457d26e673343f65d841b3067c7151cfbdc025ae51d190e346281ecd4d23511789cb633f8a4a5489e3f5a3b16188cddf47d7d4b15abd390575d4234d6a2180b889837ff63b6869c786e1de2c9c0d87f8ab6f1c40e3174f7cc3760a69d3a6ce5293"}
[2026-05-12 10:49:58] Lead stored successfully (both tables) {"lead_id":"012de882c98dac94e193c1cee7d000cc6504bac3bcd99e0dd5658810e03e537a7fd3eab979a6827e1e906f439ebabe2feae7a8589169e2c15fbbc29c9fe302097c67a2dd67513d87d1b17334f15baa50c304d2acf59042a95d0bf10de120474977e75e0dccf4bba27e96849516445ab8"}
[2026-05-12 10:59:24] Lead stored successfully (both tables) {"lead_id":"012de882c9a0f400cd03c64d24b72f823a9f0ccb4349a23e53928f842e20a82d5f1d1957631016c1a7d6f1f8876e81e39bfe5f7922380a3eb3385cbaaba7c6b65ff1848dcbdc290959af68911428ba6bf627d0552c7097205562d4145554ea4332f221e886c0f54b22c181e0fa8a6877"}
[2026-05-12 11:05:26] Lead stored successfully (both tables) {"lead_id":"012de882c9f12ed89f0e900bf46e89515916381f2f8f0a512d484d1fa023bae55eea5ec23e81cb7bf2320f1111a0a113c2796975850186e4c3ff08551da0ffd96137a4dd3aa4ee663005ec8334c836eb5cca4644f6ecf1376182b881ab6d42cbad4785394d5b22dbd7f8aa92583df304"}
[2026-05-12 11:18:48] Lead stored successfully (both tables) {"lead_id":"012de882c9dfe272dd3f2fd54f9c7207795a02ee5484a3340bb2b037169665ac0bfe5224e616b68340abeae570565df42ae26fd2aff5bc552266d1391129e570f688900b0b4d5da4e4773d647a3b312365083462038cef1e55f766f376b8e885e7b68ec4a640905e8d742c754a3c2b75"}
[2026-05-12 11:28:51] Lead stored successfully (both tables) {"lead_id":"012de882c9a1017e5a89d17ffaa97e52728a8bd2f37905b7c91bedee416c174183aa6181965bc202f45a582047dcb6efb5fad33c9b172d81e7e39cebbfb867ccaeaa8bf6d7a56c7c12b0249e2d98a4f394e04e4d6e2e573de84ed890a1b1e21d86c3d32a945ea686399af1dac68de5bf"}
[2026-05-12 11:34:25] Lead stored successfully (both tables) {"lead_id":"012de882c9b394fa116c8384ed89cef6dd434500778b30098c591d74006609aaa287f75f5168600b561c0bc1b5197efead08b61753976ed1fa53bd118347df911e18a9f1d87d384554d0259da83477e30751c6944855f53ef9da20971c840cbb020f7036778429860e60aea95cd58054"}
[2026-05-12 12:07:46] Lead stored successfully (both tables) {"lead_id":"012de882c9ae1bc5a8a54719506a98c0e2b293283d6a2a5dec76a4a3ebe1ddb7ec1f37b94cad6a5fefa83b0d92ee2728f6f75c4062b48f0a963c3b2e6e875852a6689f29414aa89c5c90aec606f2043f175b0f5b8bd7c5e514529b083e88de2b5021e0de1bc52f9bfafeca037e6f7151"}
[2026-05-12 12:53:25] Lead stored successfully (both tables) {"lead_id":"012de882c9eb0db40d1b7d99a93d8e65a2c488e46edaaf2cd36642eba410d7be67dd685246c0ab44ec2147161baa39b79c6240065cfe84ff05300b93a7bd76fe222d1575670a0eacf9b1eba2016392cc7ebb6be5c53df96db6280de0680a78f551cf2815be05b1136e42258a8c8543e0"}
[2026-05-12 13:01:11] Lead stored successfully (both tables) {"lead_id":"012de882c94b298aff4f4f0fc35ea4b10f399596ab182f3b523281aeb95cbe4af0e11251984876c21aa88958356266a5ed32560f65f0fd9f1fb591ecdacaf74859126200d25ec58609d007a13a19ae0d397aa4b436658a02528f79d24d6bf684b8b34e7727c2a418ca535caee291c7e3"}
[2026-05-12 13:10:17] Lead stored successfully (both tables) {"lead_id":"012de882c93f046327b017271c30a2b9d3eae3efd99a96d81e6d7209a4c801d2a9cb55a09a6b972afeab76650fb7b18e82681b28825bf13683960b3fcfa310b482fff40154aaa0bae9d44b8adc3bd4b835c9ed783f7230d793773e65ccf54b438754d695cd57cfc6764ee7f844c32251"}
[2026-05-12 13:10:55] Lead stored successfully (both tables) {"lead_id":"012de882c94a89a97d35a19e955de3741d76cd75a3fa2e4112abd5f3bf4c24b837ab0b6251ec8ddcc3c3a998b7aee25cbe2cb2a9a2dc8c363f26e871615ce4c9bc3c06eb733fa9d12e7354221dc31527e11c0414531a238963bf14de88fa102799dbccaad35bf8c53512d15a95a33a2f"}
[2026-05-12 13:23:30] Lead stored successfully (both tables) {"lead_id":"012de882c92d43d9d7ba8ef247fa969a7e718565dc88fb71b6507df7f2242370c160f469b5aae3e1b57ba05135d964e42b7c528daccbee802db38e0ccc09fd195e02c8139ed000ec03e1746d7de6e7c0c52c4a2a7ef444bfd4077409ebf98a0b0b92217512975a2ca01ff4c6b4d7fb30"}
[2026-05-12 13:28:39] Lead stored successfully (both tables) {"lead_id":"012de882c9c2fb455ef4422f1a38bcccc4fb33f28b2a570cd9dfd18238c1b920170462c350e9c3c212658a43a659929a9cc48ff9ee63fc48cfa6f83748d0be90c3770e6644b3aa29db2520e111c3bb3e49cfb1cb78ef9d73b9f14e28b1a51a1cff003b045b359c2253b754ccbbae4fee"}
[2026-05-12 13:54:41] Lead stored successfully (both tables) {"lead_id":"012de882c9510a0da6c6731807f8ef25f670237c505d0db266539d3aef2ecb82f16d1bd0533771495af1b69ba27e605077f42a6f96264338ac3af0c02df9d15d110a447bbdeadf52c4d0dead640b86010287331fc49e8cbd446201d9ff4866ae2b1bb3b75549cd4d582a68c11b220603"}
[2026-05-12 13:59:43] Lead stored successfully (both tables) {"lead_id":"012de882c9019534e0df95388e16004c9e9ee6c6a24a4b4808edce74d46395bce8335e228921ed16e52be004d0004f809ea3b35fd1a111c4a91f0b453da7115e9c0a79cc3b019f0092c7d5d7034d8f8f5871d5348df9c3ca1ddce921108e0cbd8ee5dc543819af025bdc313fdf9ccc16"}
[2026-05-12 14:01:37] Lead stored successfully (both tables) {"lead_id":"012de882c9de2f3987e65fc760c54eefe3b12a0fd30b6145de0201e11739f06d609270477f238ab68aeb666d1009257b777b8f2f4b78da6c1a95a9711b01a794e126a278762e2d747b0e43c2d965971fd38b08edc3bc0830125511813a5cebeef4db42eb325fd1e2bad7f455bb55fef4"}
[2026-05-12 14:18:47] Lead stored successfully (both tables) {"lead_id":"012de882c94bb3f9e82ca21744daf791a935796dd3974a8b97f259d259bc986da356361b17967b0fc68852ee217feb01440a6cf4b67baae096f718de7226ea9b8633aa5b34cb053d457c5d24ab181cb63071e8c0b7cf5f78555fc48431af139d85a785e6c179ebf52669f07034593dd0"}
[2026-05-12 14:39:27] Lead stored successfully (both tables) {"lead_id":"012de882c94b41b01c6b134324ba4ca0846b10841810a3a284786b1be8fcd947fa81fad2c00efa1e57e276c927316c8d7184db95b3da8ff3a9b3b71461e504a4e0a66b80196c25d2beda5f8ffd70b74f497571d9d5518b2e3296768af14fef1543de0e3fe7c08de8244d1f6b3e79a7dc"}
[2026-05-12 14:39:51] Lead stored successfully (both tables) {"lead_id":"012de882c9fe550b8bcd1155c6fc34b33f2a196c289955fbd777715b5981239f5dc90abff463e5b77caa2eabdff75b39e2b1ad43d19e4de3b92338db0e914b0b8eaa2bddc74538bf8354ece684b0c1717f39a72669a9eec38d6ac847eb782265263fd8f9a1eb17f62557de35284e55c5"}
[2026-05-12 15:05:15] Lead stored successfully (both tables) {"lead_id":"012de882c94802123dd2de51a641f515a1e8394b99dc717534dd1b511534acaff478a09635e1cc61202849dccffcec49cf198d21bbbe5a6df93676f366b09db756429a5d1e79a4f3344804c4ef4f299d4587939d6ee9e692976efe59b5b8b7eafc455bfd96976e4f4d9417c7584b07f4"}
[2026-05-12 15:21:14] Lead stored successfully (both tables) {"lead_id":"012de882c9cc5fce589960d50aa6a53d0b64f74a165c9be041866e9dff8e12f123e8eb151476cca6eaf4bd22afb39933f01aaff592fbe4afbb14db585bb8a2571c11e7a81adfc36e9fe19d9d187aa4076798768bb9c91b5239ca30a32f9579b4d249160f1a7b9bce6cb6b07b4f1d9a34"}
[2026-05-12 15:50:15] Lead stored successfully (both tables) {"lead_id":"012de882c9948251c7b2a31b01ad0052a3d3bfad1cd287308c6efc926c68d540a7b151c19e5df4f2aa98ecbcfda880de7e40c3423e26bf71da056d734083961177407eb5bcde7429948119f8d4ba8e1eaafbfa9eb319bf59dfa9c9455e2cbbaf7f9cea81c46c734772e5c967817b88c8"}
[2026-05-12 15:58:08] Lead stored successfully (both tables) {"lead_id":"012de882c91a3e05eb8a9c332cf38ad682fbbb6e1178ca27cc16f88ca8a8744d2695a1a88e561c262cba95ba5aee485396685d2e7f32378487d93d63f90f0741860c7b003c7e97d7e26590e3720233234064efe38ee29b5b124d2aaaea4b3a22734296897535a9679ee8bef5e3c8b0a4"}
[2026-05-12 16:12:09] Lead stored successfully (both tables) {"lead_id":"012de882c9205de069e256fe9ce82955ebc012625443546706e8636699c34ca0858c2e4a2f34e8e830ee692785df416eff0fafdea04a99dfc289dfbf6a4fbd16331018c664e61865237c48b6a7d014802bddaeafc404aba703f02518c450232f38f79af928e1eab2fcf64cf709635ce3"}
[2026-05-13 05:03:46] Lead stored successfully (both tables) {"lead_id":"012de882c952191a5133f07a900d4d574b96f8dc5c1d73dd14248f656b17d59a9ed98edb1ca54a27926c82d705202bed2fc71ab861d7c1485a058de1702265e75fa51445e965177d3a103476c00c22c05134e1c2edcbd72a0f4e57253834bd83441d273658f8e68ce0180de3feb6ccd6"}
[2026-05-13 05:04:47] Lead stored successfully (both tables) {"lead_id":"012de882c9601723ff85624f2f1be390b39e702692605befe9e1a78ff3d481d4e5c7aa9b058b4380a28f90b403bcef59eae9622514b3de807f2070cea009b1cf10c2276abb33ab57d345a762369d6cb68d98f8dff8647f7c89b7823e76ba7dda38f8763a9514d21829a4324b86d6a297"}
[2026-05-13 05:30:53] Lead stored successfully (both tables) {"lead_id":"012de882c94c5b5f7a3ec4ad40ec0d12311b7e8ef1fdd227c7011c5ce834b1dd93745a0158f7c32cdf4ace25165c024605e8d37ebb93e6aa9ebf3950ec485e47fdf84c2566dbd8affc216cc43525580dfd762442164319c7fd0dc816b53b06d513a8ec5e9079ab08dc01c061fd3858f1"}
[2026-05-13 05:52:37] Lead stored successfully (both tables) {"lead_id":"012de882c9463e7f46741e6c49c394bd7caef04f0a9a8d04311368d5effec87489d5444ef5637a4780f8b463e7d51d916bdc7f143c7b5960bcd9a8b1031b2430679c2bd6d3607e4e8a22b09699a151eb58b6ca2e086d1c41f650de38362068279582cb16242c26a2295c2c359ef72584"}
[2026-05-13 05:56:36] Lead stored successfully (both tables) {"lead_id":"012de882c9c3ef48a8412e7b2c6a693dca1358724dae053382bd936c62442ef80cbe8f5252e2ef06c24d1609f50337915e969d176faa24b3ac025c839f77c4730b7a31e8b32b599afd4db0be20d5350ebccd48908e8f6c11edb916ff85d130a5cb06c681cdc83bbe3ab01ad45dc4e73c"}
[2026-05-13 06:51:16] Lead stored successfully (both tables) {"lead_id":"012de882c9615db93981aa3c07dac0004f3e1b01a47bd8831a8b74be42be572d4ae838cae0cd9ec8a74a1552a9a1452f06dcd8e4cf97b576640dc728b4e0cc3178bee60643188ae8cc461de5889c546e06d8bda0eb8498bfff1cea467f59d26dd38031c12e5ac3d1e8ac1f6138e14aed"}
[2026-05-13 07:20:33] Lead stored successfully (both tables) {"lead_id":"012de882c911c65eb840b1d268edad49fd5da1fdac819ac93af20d8938b0cd0e710524e21e85672c4ffda4914ab5e1646ec1347b7c2b43c5adaa4d788444e9d28de3de18a75d65543c8bbf2ea6572192cc4a14e13d1e083694d170c2f4e1961e13b2dfd4481b5652d6df2e45bb70d9db"}
[2026-05-13 08:27:28] Lead stored successfully (both tables) {"lead_id":"012de882c91a5579c6a4bb1cb7c5e777534eae56d6c140fe34243113a0fd94a9fba4330e11b7fe0736cc33c7d04795f85974147f59a196f266c10d3b2d0e6ef716338235f2b701e1c569e6a04c4237ab3f0bc7657eae4f3ad6e172afd9f17257ddf4ec5ad8ab6100299eef5fdaa30e2f"}
[2026-05-13 08:47:43] Lead stored successfully (both tables) {"lead_id":"012de882c95cc3cf14b84deac040d2a642e56345530c7e313ef0b932748d151d06eb9f9e8c8baff18e283b6927f133af947093b6403ff0adba7337cc8adb8d9db080da296b30ae63afcf422e6078b88b5e12311850c39883b02418156ef173193036eac20f827bd6838313415ec5f69d"}
[2026-05-13 08:51:05] Lead stored successfully (both tables) {"lead_id":"012de882c98d72c09993021be74035762bc218f8773b4219aa88647bad24c5f6e0858b83054ae74ce8a74febffbdb5c8bcbd4eedf66d093a9cfe0c952ea1a9ed455ab9ab6443e2bf90e6cea1349edaf6d86ec6e7636bf91a3f373ff26258d637eb4e38855ce112e54f7e4cbd05070748"}
[2026-05-13 09:15:00] Lead stored successfully (both tables) {"lead_id":"012de882c908b3c3c69fc355380fe1ce52a6e26d0ba35c3697f63f4dd49284390206223e91848c10217b3dc046196e1cf489188f4e360f64baf9af19148381dc5eaa8389da90cf10fdf9a6d8"}
[2026-05-13 09:33:36] Lead stored successfully (both tables) {"lead_id":"012de882c9d12067dfbefbf5db1d9a32c3e012090e113612243d1a080a3f8d966dc9391ca25dfbeb72479617b68c47764ff72c56dc21284d3273eddccfb68001ef862af799ab7a4589bfa7cab59402faa07462b99b5823ce71d5f1b6c1c2203c9ceb50a32addc80e2b7cf3dea941d38f"}
[2026-05-13 09:47:40] Lead stored successfully (both tables) {"lead_id":"012de882c9157f56a32cd8d2e1a5d1599e48e99933bd125d1cccb2012252baa98b93ba908bb8140f61f33bddd45106380747153bc63886fb94ca9854af6de1c4b1595ef394638786767db841f01db81319f8ba6ac3b5a3cb70f2142f11875ba31db3c753b794dd51a044cf6f2b661332"}
[2026-05-13 09:48:07] Lead stored successfully (both tables) {"lead_id":"012de882c94227b0df92d6ba2e4b8dcf3494ddebae855244e62aca8605e53faf8de90cac3f653186ba8443d04879c743c48c5b2c3bb0ac1fb1ec81ca7546f9237a1b04ea5833a98b7a6c694971c6adc6e843fc140b17e6ff8fa1e03450244683af9aa1c88654083356e5e70c8a37a1f5"}
[2026-05-13 09:49:39] Lead stored successfully (both tables) {"lead_id":"012de882c9262e0c3759c5405e19fc7cb9757ffe7f116b9d12c832f096109075907fb38ece768bbea92de892192922894f06db128bc19219b4fb832bdb2d765e422d3502f9fa9c13d09d0917fed09c7f141ca2ef1a251b3bafa1b4dfddaa085c948752bb5f910768883e6708a83a9b3d"}
[2026-05-13 09:59:05] Lead stored successfully (both tables) {"lead_id":"012de882c9164d70d435abc6e07489b86a8bab227778a4fb0c9b790d38bf6447caf015ff252749bcc878a82d1d648ca4caf53371c001a8df3dba8b3c841db996cf0b4ac426912b2eb2a02e1e3d04e04f94d33172ff1247807075f09ae17c20cf68846a12016d37e0aa8b1ac601b1317d"}
[2026-05-13 10:04:03] Lead stored successfully (both tables) {"lead_id":"012de882c9a87c4d488dfe7936f6446d8749b7b26a506bb3382fb1834da0b77fd480d8e89b5a1029136685ac4380b058cc4feb64e37d234a50d03cc48f282396fc1ea0858679903dacc5a869"}
[2026-05-13 10:40:40] Lead stored successfully (both tables) {"lead_id":"012de882c99405190ef0064164ebaeea9e5443e1181eaa80be6b61e61ece92dc0b1f58da18ddd2ced782a97cc505fb4e8f010f04981c19f236d17d25724636d648a37c3bcf88279cd5268c2e20ceef5718b1a7c27ac1bc50cdd5de2a5f2a5b3e4a98eda89a0efe93b85c8caff7628ac6"}
[2026-05-13 11:45:27] Lead stored successfully (both tables) {"lead_id":"012de882c98c1ca17e9480de3fb5a7149a57b91ecb8c521f131951a81c94012cda1e1c731b170322fbf33a8c60d8e0a5b5bddeb2ac2d6d6a6a3a47976c982e672d7a667b551ddec270a47d660b9999365ad5172b359ce3e1fa9ef47a463388bfcf7cf1f7f6ca750edbebea1d8caca4f9"}
[2026-05-13 12:06:55] Lead stored successfully (both tables) {"lead_id":"012de882c9fe3ff932a5023cb43b11a90f0ab1e3fd67914fbeb7c8d3151860aada00712f53b97a0f3effd2623953bc039ff47c3304f6de51632b12673173d3e0bfc2b800b6669bddb89fb7c8918bedf7fa51ef6b95c3fa4112defeec996c62f1ca2210c99befa37daccd8f87ed7feb0f"}
[2026-05-13 12:42:18] Lead stored successfully (both tables) {"lead_id":"012de882c9f9817cc2b82d736b7b179893e6d672ba39842da93ecbd88eda6d397f5cc50178083b268ad206005282c2355169f76f2de5dcc412074acaeeebee9df760f7dc2cb33010f95bd6e8aea715b77a0a961f7424becc70900b06ce263c485edf15b3dd855063705c4607c1b0fda1"}
[2026-05-13 12:43:30] Lead stored successfully (both tables) {"lead_id":"012de882c9e7b3b65f171d65948d281526ded5a217b0151be81be8fd83c6358fb5ca5d5520fa388a02489da2b1914ea44c589b23ad28c826fa805de181e828c2646bff09470a431616057035407fc94605eb334c6412b62e1630d57fadd0edf5d09ad03533e4dec8833cc9f34a039ebf"}
[2026-05-13 12:51:52] Lead stored successfully (both tables) {"lead_id":"012de882c95a1bb9f5d4efefe911f569fa04e1fcaf61aac7808b1a2057ea2eb1bfa387e790c4833d7bbc7435ef4822f55a0e3143e09538cbe3a80686899bdaae959d45511913ce9971722ec3df066fd6493a59ddb9fefd0f2e3cba85890a4daeb83c929f0627ed0ec75da2cf7314a418"}
[2026-05-13 12:57:24] Lead stored successfully (both tables) {"lead_id":"012de882c9200d0e2dad11476d79a42a37f827f10f6c064e5a2456796558f417be817e83fc3fd61d3f0925ef56b5625ae0c3a60f5a054364e46339a906c31b4072c176ea34caf6218b0d692a6c9722f0a3565dcce9bbb9b66d82734b24151c1b3306af054eed0e020e75695e71c4de72"}
[2026-05-13 12:59:18] Lead stored successfully (both tables) {"lead_id":"012de882c92bb8307bdc6d6a4583837cef141dd4aa90c9af5458b9377d7ac56a7300d8fe1c20cfbf4449869b56b6a6664e762c482f1fa732fa1ec105967c58f31543d57d1e83e77f2ce68ef920365fa58251190d6caae3354dbfeb8150d4ffd829fc3896e7a8e7b58feba8469ca01654"}
[2026-05-13 13:04:16] Lead stored successfully (both tables) {"lead_id":"012de882c946ebe088a19d1d0d04e4a78f704619f1913535eacc79030ee6cfd06c644abefa3afb9704017f9257b847e3ae5826dcfc0c9bd8e445d8c073f489be3ac77ad55c89fad209583ab972cf4330bd84c18c81f4871ff894b79341cf5490d1ce8db4b5d54ec5a31bf24984c42df0"}
[2026-05-13 13:30:01] Lead stored successfully (both tables) {"lead_id":"012de882c963f2bee90e25415247939fa728c7e7daa8a38e2601627dfa8571cfa4c7b7292d0f0658e591f88e012bfd3d5c8e962b24316865f2c64afb37795787961ccbd63cda568c0f7afcb43349512b1fc608a1f7d47a7b9e34cb38e11fbbe3f7408ba85bdc336bddf8d9dd3abcd87f"}
[2026-05-13 13:39:16] Lead stored successfully (both tables) {"lead_id":"012de882c9e5dd14267e809954df359387b3209abb1b6bd175c8374694c0a504d04f292e87bec11e14dfe199ebf7bfc8b2262459f72097c349097f4c235acfe1cc01f1935d83faec83fd5e2f939383bfcc2cd176adeab4fc34c2011f59fad9ae4536add5ade47122b5eefee4d91cd039"}
[2026-05-13 14:14:06] Lead stored successfully (both tables) {"lead_id":"012de882c916c5d7db74df7a6468a4958e9b228dbde5b9af057e81954083d1e256706e056ca5fcf7b5a204aa3835222697c9fb2530fa3bebe442203aaf3d0961fcf73d44e6383c523c3df211ac5e42095bae78973b263fc07a9e23f954303fb7095c3c4d8e5493b60a63904041f00a9e"}
[2026-05-13 14:17:15] Lead stored successfully (both tables) {"lead_id":"012de882c9b67f0f69e07fc8dea0589277e888431eae87c171a503b4af9bc25ff441361a49573d580d213c91cfb890b0f10dbe4ddbb2426f8f7b6d619dec0588ad51db17b4c071139684919697e350f7030ab41f1be22276d48c3a08976d3e81fe819cc5c4a8c5f74c36cb6f9dc72ef1"}
[2026-05-13 14:35:38] Lead stored successfully (both tables) {"lead_id":"012de882c9080b75fd70525e959d97f75577f2d1f45df2568baa50340dc15626ed93ec76369461a79df6a3dbedc7fbcaff4b45b407073798cb9a63d7edcc6eb8d814f798db3ba53fab89b4bdaf804ae82c38409811f46f7f9bc11cde8b9d9eac4a9e53c9c514670fdf8a8ee17b1cf03b"}
[2026-05-13 15:21:39] Lead stored successfully (both tables) {"lead_id":"012de882c9fdac6cf09a25702cfa7ecff8a0f82a31dd4f34e646e05c1ba82c70c6a7a1356176f6bf64f7d875135b2e97baa2cfb077e11847e52a7357d2b2497966281552a6c0586243c9af031bc255837f147e81d28d091a93301c61035b6a16e22ed7047aa4fed9cce5659c5bbb717e"}
[2026-05-13 16:01:09] Lead stored successfully (both tables) {"lead_id":"012de882c938a48068b99e52a76f6ef411d496afbbe41a79d9d39bb9f629b04420e1ca797141ae190cf6f4e4c075bc6d02a0fe322f57b6181bfb2319db96cd3e785db1148b8781dc91f946a570de4dcf84c2ed5a7f3394e9d508f0d9d4d9f2c3c061b34c3ad93a8be9988d4479166ac5"}
[2026-05-13 16:01:53] Lead stored successfully (both tables) {"lead_id":"012de882c9c6e41a7f43ec9525c320ecf28ae7ed9c81f21bf04fca398453989365a416345a8af7c5e6f902fe59b5777c1046c095fce830edf61052e605482417a241c2f785597550c83fff1ea00f8e6f9b8a28f114fc3c637acdc07108b8522b5a031b4491cd2ad9424c94d66fe36bf6"}
[2026-05-13 16:27:23] Lead stored successfully (both tables) {"lead_id":"012de882c9fd721c9e0d8727b3d1ebfe79a4d2fc09906412a00c40a1c7ce391269a0199818b303c13fa9058bd90711f0ff13dcd7d1aa9c8427c0f6e5afc7ca66da0e9ca378e16c7c8eb655a0229d5c0315ab263fabe0be92bd6ac6834f3191f3d2ca62701a78304eedbc835ba6c149f8"}
[2026-05-13 16:43:29] Lead stored successfully (both tables) {"lead_id":"012de882c9f40f1158b69deee2fddf3878258f9e78f216acef59e5787e3e8837baabf47c24e550315a8e6e3579c4860b62c2ec8b50176b86fd7e45019977d9e1fce19a89c8c6d1131d7060f39f0000a00b5e06dd5ab3721d15ed043d4630bbb7c8a54117407c65727f0a6d059eb3f50e"}
[2026-05-14 05:36:37] Lead stored successfully (both tables) {"lead_id":"012de882c97703a534d104fd5cea9a608df8aa5cf7791ae858f4baed9389f4f1ec5f2e5dc0f13ff07c9fa12b17d95e9d9e00e3b086b735ff6557949a9629c8cb35b14d347f1f5630db4e28228555036f4e34c3954b417eb6b0f1753d847a9e35a31a3dcaabaa035057581b4a498331bd"}
[2026-05-14 05:55:30] Lead stored successfully (both tables) {"lead_id":"012de882c9fc5840800c6e3242fe08369bc91e4b3c7b1879d32d61aea7fd428ec60e9ab8edbd9ec3530404ab45ee8037434c6d99b5f24e9751a8927fa4929ee2cc740ba43da84e938cb74d4c325bcaa0454243ba841080c383447159bcb8cd5f9e0c781ab62e4db6b0ca2bba91d9e65e"}
[2026-05-14 05:57:59] Lead stored successfully (both tables) {"lead_id":"012de882c94a4d5b3d2b2d6574a4081bd77647a64dd27e68ebeaa0e01026b9623866dc66cb0b09a0e6acbe9026fec4c30cdb69d5e2851af9c8919426dd84394e69214cd6acb511e48fc6801f49e1e87331d8e1a4c8df71ee3e99a8d549172acd04407a18d0b1a6a0bbc61d9f7f5e2e6e"}
[2026-05-14 06:25:44] Lead stored successfully (both tables) {"lead_id":"012de882c9caa53b3f7df3b5a2f586a9b2cc96161334575c8e29692b33526e38409244952a2b34cb8692f0f068f783d57f75dfaf014fde056b1b81f1d3e7058f889d386f97f7a57ac232e529c48a006f6055391c99c4562395d502919f3fa6587327bb23441a48dd39f72b9d51247e99"}
[2026-05-14 06:29:33] Lead stored successfully (both tables) {"lead_id":"012de882c9e0383c27d0874c3bbed3b1d64070bfb239999aef854100777fd5ad5531438a79a8a0d1cc89394c21d0a4463ea7100b5d548103204271c7ec59d9bf98d6db01d6048b095a0aadee"}
[2026-05-14 06:59:01] Lead stored successfully (both tables) {"lead_id":"012de882c95fbfb134c85b22760010188dc2a932b39c4edfe0f3b01529a3469981e918cdf93de7c37dd935157715dda0b4f69374ee7fd7cc6bb0caf1687737944067df730da325da48c7345cf254f708c1e15ba68045b83abc87c9fe8abb48e4af3fbb89c9826ca756ed0e2b5634038f"}
[2026-05-14 07:24:47] Lead stored successfully (both tables) {"lead_id":"012de882c9548bad186692a6573e701776a80d71ea35c51de3dc92eafadf4ec3e8e13dfd2ca3afa296083982f0213c630bf14dbded15c96eb08b14e6ec9341a38e8e8a6e17f0324e7507b487eea35c9ba37100f9a40530605076e66b4ace11ba5f292513535d10ba73403a833c4bd8b8"}
[2026-05-14 07:46:30] Lead stored successfully (both tables) {"lead_id":"012de882c986ac2335a36ca9722148775cc48e733d99918df6a072a490badc28d0b8bb7dba00d65f31b5e14fcde5906696ffe12ecb53d0e8bb0671bf2a2254d84fba622d93c2ecaaf455e9d116263848284599b29c1f2b120cd43edaa9fb70865b94bb3a129b7576a7065ceab8c568e0"}
[2026-05-14 08:34:10] Lead stored successfully (both tables) {"lead_id":"012de882c99e3c5ec2aceb3064d5f6f9bf28179f725196bcd20fcc424b0648079bb6d6eecb1703f3a3555feddc102bb814ab34e83b6a5582603181ac3f8d67ce26e0e15c144a4543e6cf43178ff69825fad0f67c5cac63c7fec59e91b8fa489d07ddbadf533eb896262733d67a1ae368"}
[2026-05-14 08:38:02] Lead stored successfully (both tables) {"lead_id":"012de882c9243a6876322d992d1d55c6917d325e0ac83ee777ff86cece6902076d8e30de781e1d1605bf97be7c9c104d5310934b4d80892c40ce81f7a6008f2111e93b44650d4567acc9ba340440e6b3963889169b9404748bd27003b135d859c1de9656b8ec1335dc23b70d735baeba"}
[2026-05-14 08:45:30] Lead stored successfully (both tables) {"lead_id":"012de882c9575986cbcfedae5a51acf55344ccd5040cd26150524d01f3f89fe1481c2ed38355661370bb4ee011b35e83c3566c60a52ddc5f23c8c1cd1660d6c92e08cade9e76492762fcf5a4"}
[2026-05-14 09:39:19] Lead stored successfully (both tables) {"lead_id":"012de882c9078c2efcd75fada084a1f811d6e6c24f056e74c99305262922f3d62150a84ed9c3d6f9947763344f5845431737add680199db71d870179a7e58e36c37a0c49d5edbf4b4e644a6972d88859b56c318740ea801f264c349393e7f379c321b4c5b90b714d19850695e796ae5f"}
[2026-05-14 09:43:02] Lead stored successfully (both tables) {"lead_id":"012de882c95f32cd0621f5b3c7556c74801dbce0507806e518e25b09a4b45888c819f3681fc505271534f6b398da06f68f7c02c814826a680537606516b0762edc4027db2f3008d208b896b808849e231314dd429b2ec55b8ccfbf86be46f4c15b07ad9e45d04d1c96b17c86d48e2001"}
[2026-05-14 09:59:06] Lead stored successfully (both tables) {"lead_id":"012de882c9c8a27c8684ec9eeda1568390d0611ed46e88975cb6a6e40c666b52487550b0ce8627202067c50437b5a70076693871adf45ef4fa0fd494d13dd3ce5a77832e858c575d38027d91ba746d05c0e1864ee128cfd6e29a5186e5a1b2279df2fbfb591be0e99ae7433b9a6687de"}
[2026-05-14 10:27:09] Lead stored successfully (both tables) {"lead_id":"012de882c91a77ef65fa53fe6928aba99c66ac38242d2c251dfda75755ff81451e3ac565556e94f2515ba32ae0c88c677a6019a8b07869f5580aaa66093fe6e45748bbe3798fcfbe437d2749e35126eb08ddcd448d37a3ee7c3b65f40b883f4e6cbd7c7675d5c23b9b9093784e397fa4"}
[2026-05-14 10:40:13] Lead stored successfully (both tables) {"lead_id":"012de882c9297ccb78f0537122e760835b6d5cd11f1c2d11aebfbe02be4deb9eab83addec0bbb7b3c0de47567bd15fb357f51e2c82310a673758e72aed7ad7e827cd777a8df37a187059129f30bf59a64465ad6b98bc5bc745200ae0382d1c8adf74afdf59d9c38b6f69b09e0ee38049"}
[2026-05-14 10:40:17] Lead stored successfully (both tables) {"lead_id":"012de882c92d371cd43e1e2c28671e3a6f9ba9ce22c44d88583873054325b5ca1d6fae5e82ca60d27b8b86ec6719fe4ce31ffc30944fb2f64f6dae3f137dc653451c74397066d5dfdd727f5aa4b07fb3bcc144b853ce11b7558570bd9276930d7455a6829c8cd8c82fbc2fbe34d92059"}
[2026-05-14 10:42:04] Lead stored successfully (both tables) {"lead_id":"012de882c905dc601672b08d64465f23db268a695d10738ad55fe56897bb5f7f9c0412335022b3c5744d049bb37bb07a30451f1f87d1a86168d0fc175f638ffc21acc68c20f9bea61fd04c4a0661f0735c5fe9782e1154b48cb2c70821fe893ad300527f5cbca7c05389991243e0118b"}
[2026-05-14 11:06:33] Lead stored successfully (both tables) {"lead_id":"012de882c96edd9856a365d6db16a4fecbc630ec10eef0f294a3b1793924c24bf3df40d9d6df9169d0381d9b03ad342909d5d2217d0537125d70471a2e716a0cc1bf7ed1e68c6b7ef423bb5c91242e4fe2ba21aabcecf4af2f60aa6e03f8d085106d0ce7063b3c323ba1ae3134679406"}
[2026-05-14 12:00:11] Lead stored successfully (both tables) {"lead_id":"012de882c90e7b750adf93e7d22fb5284ec89648440c5e8d3d1d91c9d674ca65eeaa2e9f90379e4b7c53ba41a75047fbbca25e25b9076c06edec7c7bd14b33254403ff5d4b6453d7ab6a029f"}
[2026-05-14 12:24:33] Lead stored successfully (both tables) {"lead_id":"012de882c9866ca7956005c7948d0ae3247bd9224cc7d28b5a1e79ceda243abce5e4b730cfb2d86052ad3c1647ae2b59b11e9d48269788b053a5fee6d7313a302703bff7b1c9f15e4202c5b2a0e9fda736e7cc51bc3f1bcc201d58ede7d14cba28054de47af0b596a3f80858714a6485"}
[2026-05-14 12:38:28] Lead stored successfully (both tables) {"lead_id":"012de882c9292fdef47e0181a5a14564d55c184808827cf609a8e6a87419abc7cd354b854fb07eb21140c2f70826e1863cc228c4891fc0acf7ed349e84d1a744b9fe75d80e677097635ee4cc1d27731a33ce176954aa9d8bde6fa6d450d88d2924e14a74146069ca8971099f2c4124f5"}
[2026-05-14 12:42:52] Lead stored successfully (both tables) {"lead_id":"012de882c98665e4ace694e7a5e1253c5dc6e693dbbf17432353e3850d1b7923f0217b4705b4f26f2afc5b615492700f658136e6c2c05497ae8adeb387318a1bc18395ea7b4e59fc523a303124c716c8fc70b28bbf245d53af3c7cb0ccb1a2b74213d234a068a1f6186ce85364a2efbb"}
[2026-05-14 12:43:28] Lead stored successfully (both tables) {"lead_id":"012de882c9901244310963e7054aeee508f2d03db0053d13806aab94ea67d43b427318a4b46171e6f6895cc7780c13db0aea4935fbdc0e08843fd1c0c166944fa79f7423f58ae339171ad1231b06aadc6ba36c85d4c42e8b906797c345f2e731d10ce596b3fcfb3fb38edcd013980be0"}
[2026-05-14 12:44:55] Lead stored successfully (both tables) {"lead_id":"012de882c9cf6d29c3e1d0082af21b66bb1babf02cc41782c097d648a983b817906b003d516045cccc372c553b6a4afa8397be5211cc540570d7c99501402a8eff3c6998bd0216e005fe67d6b13f944ca124dd2ce30196ebda4b0bdbac6c9801d2e652d60f381798c7a704b16906ba6a"}
[2026-05-14 12:53:09] Lead stored successfully (both tables) {"lead_id":"012de882c92c6442ff2b3ec5b88462f3834777f53470cc6126579446978691bb37e811c3c64adb8f2984c6850a4200a930edda04323f6b147af104576f540d73f30b0f907c9f55869eddb3af16ea7908c67ce6959db8c5ef210d25a5f551bac2200c1c2b98898384e44dca8a63432c8a"}
[2026-05-14 13:00:02] Lead stored successfully (both tables) {"lead_id":"012de882c944a5d694d557c03596d37f4e0197a10b4679f9c7df55fb639a366d0bb80bfd1027ebc195926ffc54598132396b0748a18aa3e5df5896b02af44de171a15304565057139ade2468dcf3da75a142990e6ab7eb828ffeca5a1a7c7edd7a0d871dc4785022b8ec424e1c728fd5"}
[2026-05-14 13:00:22] Lead stored successfully (both tables) {"lead_id":"012de882c9aed8c845fb45fdc116ca18e0e9f0ab8f620eccb7790b2d72ade1a1af06289c4f288c7258cf31320002fe49f2f9d06ac9713ac190bd2134d2545820eda7910cc2db5b371e180cfebf7c0f4162129573ecfbbd49b5db771118d27214ac62561f944d26b6727a167f007863e3"}
[2026-05-14 13:01:04] Lead stored successfully (both tables) {"lead_id":"012de882c950e8ce9933abeb08a3930780939be573acee519f20c279fe6f9d9c440ba3b6a48a1da2e0a630e5d43f04f2ee9f712efb957eb1bea4d306c002d754ec1e09224cea5be0ae60731412d4b1766107c4a85f2bf7f5be8528a4aefba9fadc0179158ad8710a1a2b6ca2ce0d5608"}
[2026-05-14 13:04:54] Lead stored successfully (both tables) {"lead_id":"012de882c9cf4ffc4312f46511c5e2dbe178ecd595b07e411c632b95362f2bcd305abcc4b0c48a17a24ba85c6aa28bb633b66c0b0a4689f53138c0e5dd6a9ad919849320e9932ec13ddbc277f22db949df0c502cdb278df3c2b7e8d7b2d46a97925be4f1eb3387260b97abf05d72e83f"}
[2026-05-14 13:14:51] Lead stored successfully (both tables) {"lead_id":"012de882c97af16dfe9ae12fc25f97cc60aa483546ef7c0b52a05eb66f540e22d893eb4c7bc457966f702c1134535cd192a02e806be2ecd14ea0bcd44fa84567f188e67bd82b3b9679b47489d6535dc035b00e5aa6bcc9021fdcd7b046dde1dd97893449c32b6e2d03df8765e207a243"}
[2026-05-14 13:55:04] Lead stored successfully (both tables) {"lead_id":"012de882c9dc8e91ebdd23c35e5a2c815e0ef65c4e5b50c6fe41c570291d1ec5628d35792c2f90e0a0de67a72ec06e9a44dd3c72b14cf422000fec69a12ece10a108608f28fa57c0a266a5f5d1f5813f2e16bbfa91718b118c5507d536861276e94d833637c38f49355187a8da8985d7"}
[2026-05-14 14:20:49] Lead stored successfully (both tables) {"lead_id":"012de882c9dc6052b8294b01ccb66622d11b7f5689ef890a53d8b2aa7d38be829bafd5d35b0d20c40809806a2c10ef5acdb72f001e767876d3abd0d9226b998c6cc4e4c0b1a003a48e626ee2b27180d0af5d1372eb7082d99ee0a736d9aaf823812d3471432f9746d425e5d33ce1232f"}
[2026-05-14 14:38:54] Lead stored successfully (both tables) {"lead_id":"012de882c910b7d6daef68616990678678b3135070d3a64b7f477d6c72a0b999a53c26a92afc44760070256f688fc155e72ed76f30316d30c1e8e8829e040cf04b9ea608d1978a21699ce8b09754064db491e39d75a6bea5ce1b61df6dc1c61bf32fa182d50e34e1057d8cd4fc3823ff"}
[2026-05-14 14:52:24] Lead stored successfully (both tables) {"lead_id":"012de882c976c9e580fd1eab2296f027c0aaf8caff0e5765cc96961f0e73657d0a03f1d688e400a0e8cafe2f8c8714d17aca57302ecb569c2a35d6ce5dea8f79f1837041e1d43c702d0f84c450eef84299c8d5d8189547516886a8132358d317311eaeeee77a5bb3b8b028cb836e469d"}
[2026-05-14 14:53:37] Lead stored successfully (both tables) {"lead_id":"012de882c91c7bb6b4c84a1f5d977165f48988be46cbc22f93904b9550b93d2392403d28f8bfc3f57198b634fb78d10c31db4dc23126c8bb82bed85200d7ab9416edee6d3d7cea87bf2eea5a82f6e4c103e8e705072ad74ffd126d3ab9c8ef642a6d381bd9a2c19e7eee0359d70f0eae"}
[2026-05-14 15:49:11] Lead stored successfully (both tables) {"lead_id":"012de882c91b447696597589f641195056e4bcd7f05d56aca3d59f19c7cf55113cc7e3e23be4f30dd8144147e6d4ff15a9a8d4a52fb63c98d0b6c3d9f3ce354fd4e6ebcbdcf360688cf75682a1c046db78fd8ae0978774e27f36473fd97025e52dc970cfa238dc935e4532577df40d42"}
[2026-05-14 15:54:43] Lead stored successfully (both tables) {"lead_id":"012de882c93d143e6cb3f2e46e5e7038d80527f3fb3a91d854d223dd28de339645d44dd8e6d16835931aa500e08a4837c47e7e06ed55a94652ce17833810cf80213e6d0585c4613dfa3cff8b51c0019361bbef1201cd8a9a82b5bdd80a60eb1f0126e88781392b9fb3286ea3323f41fa"}
[2026-05-14 16:04:48] Lead stored successfully (both tables) {"lead_id":"012de882c96da86a306569c2f76ca8d9a0b1b843ce5bc158cf64295ed43f0f3cbaf8ddecbb94b2776fd740c130b461564ddccb05f1762a435bfcd116edbf80c7ce1208bc87fa5e8908e6a5cc6daee4febb2207233c5f09d3636d3c23ac91d4089b1f91f5f1a38e9701f6dab58a7c44af"}
[2026-05-14 16:09:14] Lead stored successfully (both tables) {"lead_id":"012de882c950a7392f514f0991125876a7011213ef606f8bca590e1174e6fec4face85486494d6e94f3b4506174e3cf5cacd3ab743d20b506f3b07a7d0680322b34c8de3a7bea1241eb4f1a5"}
[2026-05-14 16:12:08] Lead stored successfully (both tables) {"lead_id":"012de882c981397e4827862174b6fb454f3c1887d1095dfcef018bddfe0e968ab1d605112a7fd8161e1df207db6fc93b79ca60100acdbee3a7eee18eb8f9de191825711886f0968de0e00682744f52edec9a96226c7b2bd4d44a74ef2af2211687939f7949e38195970f3b072a504a78"}
[2026-05-14 16:12:51] Lead stored successfully (both tables) {"lead_id":"012de882c99a84dfd3639c710eefea3f168d89b01551dc5382da6bdd1d5ebcb3f41082412fa1bd3aa60ba48771629ebac04681d180c2217e513d3d05fa7ead99c0f0b82c9898568dd4a306ac14ceece004c73111b5bff328202f59fb4fdb0422a1e16788e1880a4262fbe447e684eb3e"}
[2026-05-14 16:28:32] Lead stored successfully (both tables) {"lead_id":"012de882c9c72aadf37e755c3cefffe31a55f6d298ed1277d29ed509b823be9afaaf9c7eb635d2fbf26737d37203311efb431802f19afb49193af902be4a9ab9c77b4bf4a65f51ca5ac5b7e090d8d0843123724ebdb608dae4fe726e9a2c691444b5a0aa8c42cb37cd091aa030374b59"}
[2026-05-14 16:33:51] Lead stored successfully (both tables) {"lead_id":"012de882c92cd55e0bce412e6059c85d530a044d9fcb0289f0db21dd5e51d1ed4ba41df61cf47b375d167f56dfbc643ad53b422ea8be54f2c0eb3ae7b94e113edf8f59f3989cb9a73bc5df685d9f1dd5f56bffd61a1caa5e2d6856fce7cea6ffc31c8eac3d504071f51ac2bb667040ca"}
[2026-05-14 16:39:21] Lead stored successfully (both tables) {"lead_id":"012de882c9c745818024fbdb34b124eeced287b9eb2a22c0c651646bad692c87c464d2312553ca366d0213429142581fef15328979076506de41c050aa38f95e0ba4caa1d4b58cd5670277c6"}
[2026-05-14 16:51:50] Lead stored successfully (both tables) {"lead_id":"012de882c9bd9e7b2625b6627715a99a55538d2f1d6c706e9b80df6eaedc49ce8cec68ed6a2d4c95743bf51b12b6def455e4c8c1184cc844414293863f784116f37786cf01dbb67e60000ec2"}
[2026-05-15 05:07:41] Lead stored successfully (both tables) {"lead_id":"012de882c9a22c7a98d93689a548dec8742dee163dd4e998f7cc18bfd7d0795c85c291c70682fdf05662435b74b6030bd19a8fdbdec85b440e99dbf551a7f2c97d5e44431fdba18ceeef3c6da705b7b7c3d9d2bb64e29dbde54d0b1197fa4c3a46f133bfd6918ab5cd4c70116dae8286"}
[2026-05-15 05:50:42] Lead stored successfully (both tables) {"lead_id":"012de882c954554d2fe87ee2632c337e2c523eab0d0eb0e2184b9152af99e2aa4d039757266ece409f97abc31c29f12ef99be50b8f86b4dc20c4b794798800eff93cd0a31df6fe30ee22bdec139bcc0512ad28207d390121f8afc0d628f9431583d699a600217f4b8ffb985c32913d0b"}
[2026-05-15 05:51:16] Lead stored successfully (both tables) {"lead_id":"012de882c944c86ed071df04a33aa408e2e210e60833e14d665a164acdb9a808ea60440c44e43a02994e39fbdf33cfc472615840858cb0de37c6ee0d3ddd08d63a073f966534adb5905086b2d79a3f04a81d49d60f1aa1b8b3a8fd7f27b6b8a6048b33eccdb6f4ff04334408ed7369fc"}
[2026-05-15 05:59:30] Lead stored successfully (both tables) {"lead_id":"012de882c98b1170238902235608474685f5d984b502bee12abd8dba068ee90629da33b88a18d70efb822afe8cbab770705d1d4af4c3c5e6c05914c2c829742b26658255c1ea84ea9d4966f06c0c87b6a11cc1cfa9a5484d646ee355b7c8d7ac760f06db90e9e200414f46d85ce29e37"}
[2026-05-15 06:46:15] Lead stored successfully (both tables) {"lead_id":"012de882c9f955ad28f81e5199bc3a253a7f0e9bd14261377faa508448db84bbc52c1c9f0203f92fbd6749af72a87fa2770865f0b3d440ad20569a28de989975a016175ee51afda81bedc856ba8c61ccef00c6d6642dcb9799308e8465830e101f81fed10e9fbc4d3cb0ac1b193cb05f"}
[2026-05-15 07:15:24] Lead stored successfully (both tables) {"lead_id":"012de882c9c3aa409d22d797b25ad05e00cccb27ff7f43a160d42e4dec9446d8de6f2224a8afda6e2215263ae0fd42da8b8d091f547c7789de40c1382eeb43d06e8c7851a7739a219b4f8eca37b7dff9d19c0789ff7bbf127a15a2d60e277036b08e1993f48c85259a7da4ce201d888f53"}
[2026-05-15 07:49:57] Lead stored successfully (both tables) {"lead_id":"012de882c90dae1147ecc48e816272fa65af7062df4cc91d504aad3e1a18409677833f5416f463dab1e5f04c865a7c88c1de5ef6ef0c4c7868c24c1e2de2ea6eee84a15ea785f3025bb4de95f03f556859fc7adfc474826185d83bb8aecb885b5c9b7937c761c4cd3a513dbdd4bf430fa1"}
[2026-05-15 08:21:01] Lead stored successfully (both tables) {"lead_id":"012de882c9b9d3d4ed185fa477e1221b47168a1aaa5a6085a74ba4bd6950b5859e010ec13e9b1877b12403d8025a49132ef6fb29f67e5055c17f20a4feb22ae64f532bb49e2dc9e1f25e7e333827a84fe276d283fab71b48985a6e7e2a8b7679cbe5e7b2d4f3f758db0e12fede5e9b95c2"}
[2026-05-15 08:28:35] Lead stored successfully (both tables) {"lead_id":"012de882c9d3dd53a04ab26574e17314ecd7058e49ea91d02f0816d69cabd57dfebcf8fd550f2071d39dd8ce2db68cc8c8260e82a4adfc922da71f0ed02c771a87a4bfb9fcd4b3343f7ea42c9977424ef9bd8b76cb639833d1c09581bd4e48b9d19fff873616adfd55776c4e37fc2dccc2"}
[2026-05-15 09:05:08] Lead stored successfully (both tables) {"lead_id":"012de882c9cb44bfa27cf7ba0c7e7577492666671024a6e61ce02e40b73067b820d21d32680010fd615cdcf2500093c849b414d3700d755852402fd3647235fc445ac3a0c2adfda63a17e4db8375ddd626b3e69648068e93b0c168d096d7a0d31fc973a3ce0f54b18e05d1306511ed51e4"}
[2026-05-15 09:40:42] Lead stored successfully (both tables) {"lead_id":"012de882c9ee9cc8203aa0f3a28aeac404427f115fd82776fa28c19d7f274329c9516c3dd145036bdc3fa586db1c72947c94aa719fce8d01387a316290d50b73853d91a1f1409dcfce48ccfe47c08858db668abcccc70e302f41a04f8c0e0ad62406936f05f1f003bdb910bb7740f88302"}
[2026-05-15 10:34:10] Lead stored successfully (both tables) {"lead_id":"012de882c96b9178c3f9a0ba57d1c165374a114746f3dba6831def376ebdd02513e7822d070f0fac082446a688ce4a2b793fc0734e05a6de8e2b5e169b5dbfb07a0b4d0da7d8afeb50329e373fe1fdbb9a10b560a7548f39a82f51e1113d7ae37d1f346502cfaf2c16733882135db26e8d"}
[2026-05-15 11:05:02] Lead stored successfully (both tables) {"lead_id":"012de882c90bd3e15e4d92ae44e8e46b6b553820f3c50a55a503d75624bddd5178bfa98fdce6e9d2d49e502e0056be30c22689e8cb29d4a165d9fc65121b8f06bf9b5fc30688bd4731e9c61cd18e4984f5445af49033b1b8330b91b6ec8ee5010da04480c63fdf295f99592cdcbb74d8c2"}
[2026-05-15 11:09:04] Lead stored successfully (both tables) {"lead_id":"012de882c90f59d6c901ca4596ab518619c096a077784a991e6b401666a31d15a35f0a2ae2b92a3bf6ab025680d75657887acd61a116214b5deb1dca813066d90cb229bafe157665096b05d4f14cbfd2c42bde237e21d95c9956bfe540c97582cc359e0edbd068709b2d3fa92cb0219d53"}
[2026-05-15 11:53:06] Lead stored successfully (both tables) {"lead_id":"012de882c944c79cb4cd9b93200a32bea63f8727441e9386cfeff7f0f0c8b448540c454b1573dc3d83b420b14413a50605ce008f2cd4b08211b8c615b9ede4fe479bb6b7db497b23148a0ba3ca8b5f905709a516e842b6622cc86efb19186e8186eae3cab4b801fd684de467b1ea73b3b5"}
[2026-05-15 12:02:21] Lead stored successfully (both tables) {"lead_id":"012de882c96362eb884100f3776662adb9ec1db676e31b38a7c94863ccb3361f7c375a9751c9b55838e478bebffcf4be1e94c101bd4702cff06f9601341ab18e0e353473c113305d152aa45d38eeae60a8245e13cc580dc0c873fdf7017e420fcaf6c04a893f52954aa65ddd9711047cc0"}
[2026-05-15 12:14:38] Lead stored successfully (both tables) {"lead_id":"012de882c93115250c113efc2909e83b58296efdb3ca9b3e22a615e2ba7353c6819de5f861066bf1edacef435cb64f75b250ba98c47c7a4588c5e241de6940ef2ac27937fdec5007dc3f53874d16085abeca1775e4499cb60c8b1ca8f613c1a509f8853b3188bfc6d93ee56d3a96eae537"}
[2026-05-15 12:38:47] Lead stored successfully (both tables) {"lead_id":"012de882c9799298dd8dddce15ed827c2fc5e5a6f5cb38a74c90564b035735890156b50efecaa89a19ce839ce49d6146796feef619047f75b5e60bf8cc7f111f136554e46e239a0be673613a4f152a56166fbdd001e0987d021dcdb60c67de4fb93e5a0affc9f1ba443fa26c4bcdf04150"}
[2026-05-15 12:46:48] Lead stored successfully (both tables) {"lead_id":"012de882c9bf21662b13879dfde7a7252cf168812bc3d102cb84e643073c084bae7e55c5bb955bc692fba490c9d4016c2838fd157848a3e0540bf5782649e8ea336bcfc3c3c173cbeef5d8e32ee85756e896747e66676e42bb44bfdcad3c57dd8514e97663496a02fef53b14c23291140b"}
[2026-05-15 12:49:14] Lead stored successfully (both tables) {"lead_id":"012de882c9e72bfd677e09bcb11df0e6a39c24c6a55d449f6ca93a8d2be27eeb1bb7cc9a3edba04d2295be7191096ced69bafe56e724060c3f1f3fb362b9a6aec561c58c144f94704f9e845983425c0beb0b6261a0e11e8aea587f5fcd7e3a10b8c40183877bf7129182b4996d03522fbd"}
[2026-05-15 13:24:38] Lead stored successfully (both tables) {"lead_id":"012de882c9c3c24d0b749a46c114ae1b357b646695285cd84954ffb661e754683236bba45318f29e72706fde4f7c75ca66eb32e42952e99ae687b1eaea84fc95f5afb9913bb02367ecff577e2d3a2dfa6026412ae46c660ea821f3b347c4a36f1fdb3875fd10806feb3047e661f65cef1c"}
[2026-05-15 13:31:22] Lead stored successfully (both tables) {"lead_id":"012de882c90142294b495326c2b4076c74dd6af8d0fdc59a7eb2f2e639382a04695087043e3858989ef451b4d653fccfaebc54f3f02ed92a57c6917c95c909cfd14f6ca01c162996d04dd0b269276c368602fca590fd66ae739ebb8886127c5e5b80fafe6d2cd4bbbaefde7623285157af"}
[2026-05-15 13:40:09] Lead stored successfully (both tables) {"lead_id":"012de882c9cfcb84ae8fc75060d0d94762bfa488ec2d1ea46f69d3a2cc65f7876d177dc64aae5856d86c370141bd41f35b38276dbbb9afff79e3d4f77002fdbc9f7d43c29428bec3146bbbf2060a301ab724de43b63c59553923822c41e11640522aa00fe41927869a360814036411c120"}
[2026-05-15 13:57:53] Lead stored successfully (both tables) {"lead_id":"012de882c995b4db54174347682c3331fdda2ef92ca95726aaf33c295c9121e2e1c6bcf62fe7a577d02a813ad94fb887d88ee90f596314fe6594e5a6d0e61dbd671c6db6da30329263dab6893cfcdf7b1fcbce777718b299c8b3c9e022583407d5df5f25aaacfb314c209ee59c293aae22"}
[2026-05-15 14:22:10] Lead stored successfully (both tables) {"lead_id":"012de882c993e5e7e7bd9cfc0bc09339c7c15366004e4ae93838df39d9f1f1f097582685df9940f4665a45e7edb5c941c91f22402675d0dc132140fe60251095d81f65ca70ed92d73643f6b6109bce3cce117a32352cb9be48ff4094e23c503f0a1a18e9ac43017b307abc192665e9f868"}
[2026-05-15 14:43:07] Lead stored successfully (both tables) {"lead_id":"012de882c91cc468cabb820cbc1e198b795c033ee30bcd2832a9d26c605493358d25596ac8760942739a05cbef7001ff760a921947ddcc21660d7a6fb8b3684118405e7a44770a3babda4fec2116c12b4f9965a6d61291b881906048fc8fa000e21ec6441fd21538ef62f8ef1ed32e3f85"}
[2026-05-15 15:11:32] Lead stored successfully (both tables) {"lead_id":"012de882c9249655e273bb446930bb40040b8b17c94964f581c4d1ac0a30a78cc6e0c1ae7a275abdca34a496f181412b674b90c2bbb81ef579a91d6fdd253d595d268ffb433bee43b71b52be3ca94209b4170ca557dc3b29bcee18ae5a28a5c7e3dde24ba8ec6cd0cd23e4b85af80b4023"}
[2026-05-15 15:49:13] Lead stored successfully (both tables) {"lead_id":"012de882c9c147151c36352c65db6895bc09ffbd308f2c35a1136a4038dc6646dc3bc1bfbc8e3ca38f3a0d9b6e5d43347b576fb59742dea17298ee476d9ea65a9e6435ab16201aab1b7bb0b3145417aed0a452bbe866a55c4e1e74f5eabe22f571b79beae2a505ed09be975f1a84aad7b6"}
[2026-05-15 16:17:48] Lead stored successfully (both tables) {"lead_id":"012de882c9ad1638968d1574e0cb4e4488244621b353d8ce7fe43473bcd2fdeef4138bd460b83dc2b9dd0af6e76f96a4cf01317562bae854934ba4c70174e2aca8a5dc8e210b970c2e6e8e562b849e6343c4e071abe5ce29801b849c3b269d977eb5e29c08a67d78b03cda3f1a95630967"}
[2026-05-15 16:37:20] Lead stored successfully (both tables) {"lead_id":"012de882c970a7b77c8fa30dd63aea1c4e3257911cbf37cbcd59c6949c85971eeadaf9fab29e0a0904ada96a5d97d4448344f3761ff2992768f430e30c37a5c03d78685fc85f0b171cfa93b0cc31bbb1cca4ac4702cd2256688cde8cc65bd65bebcd6b6b081476205654de6cd4a0561c81"}
[2026-05-15 16:56:08] Lead stored successfully (both tables) {"lead_id":"012de882c9e4c77998d0ebf9a0403a4fd8c71f1efb348b188f1d4ea41244e3c1b933720cba66ba0b3c33a1f48ef4b2e80567da75a92cbd0863a1a99ff0a236f07c8d21a16b8fd1fe4d994df335d29fbbc73c77a7cca57eb7e4db4cda1c8ec25c6438abf79a6f01563b0db7180b934a843d"}
[2026-05-15 16:57:45] Lead stored successfully (both tables) {"lead_id":"012de882c941ae33de5a0c5946775824e1ddcbbf8a32564f013443ee62da7365a758c410d52e085fba910cb21768d2c7880145f345cce21c02ffb7382bca206ec2540688b373728e35d49c25372423963cbfa22035ddad3f4ce61f6d83543c48c24d682a1dce0605a31be38a2db52764cf"}
[2026-05-15 16:59:52] Lead stored successfully (both tables) {"lead_id":"012de882c9ef7001b81673ce3dc0e11e2f9554157db7981beea70c5f3346251c42e287ed3fbf922e7ac6a9202d886024d5c3c7eaa59c25913f2cac68e76567730c1b00e19fd1238dc3348c9a40b9b0562ccf62d76755ad59d02bac4017c7ad6c0bff5a4c400cce5930d5493bc600b143c4"}
[2026-05-16 05:05:41] Lead stored successfully (both tables) {"lead_id":"012de882c9bfe2cf3d99e290c107b10b44dcafcd4dca12ffe069617e1a5b083110876edadcf6fb3c2ab716985896b0d3342b33d63a287cf044de82686918d1a38837a9f89dae4074d012e5966a842969aab57cd155af1aeb27ab500d671f49d51817ed175baaf1085b8b930d592b2a8a69"}
[2026-05-16 05:19:01] Lead stored successfully (both tables) {"lead_id":"012de882c950f4a129ca1501f24d32bac4aad6e9cc898e124f2a6e92411284d3a5f792609d4c3b205e83e18e1ac08b260b86213f12a9b43f12903ac6233f104342ab958dfc078e4ea432e3ea627a7f0aa492e8eecac8e2281c2c97dc0706ec80f6a032764ccabdc21e44627cdaf19ced56"}
[2026-05-16 06:09:58] Lead stored successfully (both tables) {"lead_id":"012de882c9a33d5eb104470edcdc5321ccc3192dcdef7366cd9a28d8f03f8754417e097cbaa3bcbb5dcb9dc33b1d6373c9c0d10089c31229d86b9a6557cee00686212a5ff13851bef6510e04566d4073671b023fd7af0be7e524497c57f62266204343a198a58b9f0eaeff0e3833c0b7cd"}
[2026-05-16 06:14:57] Lead stored successfully (both tables) {"lead_id":"012de882c901e84c1594ad1e3c050089b91e2c37d4fe1a0f7dac196840116eb7079a756682a3be9a98442dad52b231bdca8e91b119d59a9ec37083234f3f4465d94aba905ec32344ab3ce3117a03e56df735e85bd84327b09c0bc431dc9595f63b6e9955fd723434388c6bcd1994937944"}
[2026-05-16 06:43:26] Lead stored successfully (both tables) {"lead_id":"012de882c94f3a025717d215320b1973a8488ed35ddb86a15784725b9d3d4e8c99633f71ab01207277070298aab1a3e5458a29e4fff5eb61d38008315496250b312a4aa95efdc3b5ca804b4e15acc9572d95c2d1c92463f7ac3fcb8f36079bba050ce94154390d037ce35a49078c62e68b"}
[2026-05-16 07:18:19] Lead stored successfully (both tables) {"lead_id":"012de882c96daec772337028c80f7d4b2d12ba85c2abb29651202fab0b903c4d8bb98ffbac5d4b228049e5a21783a6807631085a7dd88d5ef7ef6a328d10390c747d6135251c20515bf0ede9590fa23e810809060f9f65583312ba9c00c9ae7f74e5db2a3ef3b87cdbb794fada8e6fce"}
[2026-05-16 07:29:51] Lead stored successfully (both tables) {"lead_id":"012de882c9b3f9fc73bd59b8f92aa7fda363066d7d02afc18429db1a0d90e50e33256f2c25c9c5aa9e7ac8d67c197d3ed3c06d2f0e5ab3ae668c39cced3c49820a1a367c77254bb9dcfe6e5f7abaa231b64cd59a8b64025b4d100df88c6b21b7a3da28b3573aef11069e6938f57d88ae"}
[2026-05-16 07:33:39] Lead stored successfully (both tables) {"lead_id":"012de882c956ef3a429bcd40d4b2437d7865e63387b8c72f3f0a3a6c66b22003c4438a259439d01712d6efeba31dce8c9829557160366c25112e9366e5df7da39626228321ec5713b2c5bcf19ea9e56cf14c85f616cfba20715238485e1886f4045f3cdfb910c16ec5a02407493c5f87"}
[2026-05-16 07:34:00] Lead stored successfully (both tables) {"lead_id":"012de882c940f566a8aa37d40311b281eb9a6c5b45a7b436f2a02076fcbce3a3da145d910c4dc13e7c600a601faf524b146608aba023dff63c585bc6ee1b5ca6fc69b9ab607211b35eb6b6633be1f1cf51c8a9a10895b1f4b59270817f8377b478f40a59c63f298bbdb72c79b89addc8"}
[2026-05-16 07:34:16] Lead stored successfully (both tables) {"lead_id":"012de882c962ce2a16e017edfb6bc0fb7b01e1500b46ffa0225994d10303045ba5f0d3543b5f9f0f4eb366f96e644bb21c9e7b32ec47850f5900b2a724e0ae2bfd9f2b2bf4386556a390afba3bedeb66084afe2492274e0ee78f6f73d2ec91996bf972ae4b799f22ceb4f698bac0197a"}
[2026-05-16 08:00:24] Lead stored successfully (both tables) {"lead_id":"012de882c92aabf52d85a9890e1ca86b0b8492006784a743113e465d238ff32ae86773a024c547c6674f388a9887ee648085024342dc58d25ef34e88b1e82dba299334bb8f616e56d885f206cd4faad40fba00affcbe3f1ae443f66eebdd8b5cc1dd7e5712f0b32747e03044d5f5bcce"}
[2026-05-16 08:52:09] Lead stored successfully (both tables) {"lead_id":"012de882c937161eb0d6431b0931742ba6dfa2fffe55dd31d375f3080c0e0149c2780400c8d74eb36d46da015783d2d92df44d55ae22403c71d5115a4bb3f71ce2795114e047feb0d465d0017dcc6269d38fd58d20f68affc840652b9572390dfce37f894298ff9885b3f348a9980e39"}
[2026-05-16 08:55:40] Lead stored successfully (both tables) {"lead_id":"012de882c9c61024935feaaf6bbf8de478be06aa70db3bfa8411c87031bb828223724f2d012bd71b0923cb81e21160df94f14ff4d3bafe016086e680633878c7f6f44422505ba846cd2e94dccc89c57fc019577a90ecdf5328920cca3f20e6f19f280e1f62f444626e45d61267fef71f"}
[2026-05-16 09:06:14] Lead stored successfully (both tables) {"lead_id":"012de882c93a1fc5e091775aa87b6eb5a5873cc8200266ee5acaf9ba06b96ccba8e5e773b368a33f298561cc3ee3b0f989bba5c908ae458f70fc78fc495959af533535ed666dc100543925a98d15d88d8c0472093bdd0bc50018bb5f708b8c69cd4faa861c7b110aac4227a78ee3badf"}
[2026-05-16 09:38:32] Lead stored successfully (both tables) {"lead_id":"012de882c91e11af0f58e8989c4aa56cb5e25cc459b17356e389ca69388aabfd12baa900f5cd0b9de74be75eef7cc2f575525dd829226694908e0d2749d70fd315392266a271f037d5bc6882252d52058a8bd47ad86a40c479e97f0c61cf262041c0c1f78cbb2c0af558aa01246a5c94"}
[2026-05-16 09:44:41] Lead stored successfully (both tables) {"lead_id":"012de882c97617974ce49742fddb6c7e9e6c99a11934f58f88d95976233144fc4c675efe6245d907153ff72bc8dec3a78b91f2eaace4b39ef11811ca3e2a37e2c2786ab760da28ab9ad938705e364667fa0a4e48d4bc858847519987de8f77435c654dd7bdd077ceb4b82c846998ebe9"}
[2026-05-16 09:52:07] Lead stored successfully (both tables) {"lead_id":"012de882c9b476140cada29ef2ec6aec6a8bf841e0c0f348b01288ff25e5ec0deafb148a6af958e2e4203ca76f24b7c480a8852bd7732177c8fb4b4cfce0b1a2ebc22d3d2c4b6259b4def044a1357904f7f3262a666d7a3ab51473fc2a859e99ffac683af43845d267a0e0076511bb32"}
[2026-05-16 09:59:13] Lead stored successfully (both tables) {"lead_id":"012de882c9b8079db89262221966de3455bcc480e70c8e36f96821c51af45319746d8673f3fb4bc3f04f28ef41d228171bd72d9196e4e8cd050f92497a6fdb46bb964b8522fae2fd5ef2d2620419366fa413ecd9620ed1ee7b951f3951d5a1d33fe7f733bd5920c24db05f8e532f5e0f"}
[2026-05-16 10:16:16] Lead stored successfully (both tables) {"lead_id":"012de882c9eebfbdb425edf902827debfb1b9b622fff8e6d6f36cca426833b178ad696eb5c7b96f8c201f1fdd7486cb0358a101a6b557969f2fe6a12a7e9b6a296f0452caa829c73c9e230a502ceed9f844ca60ceaed6e7d2fdb5c8c6aadd095a33acfecd66c9d03824789e81ccae675"}
[2026-05-16 11:05:46] Lead stored successfully (both tables) {"lead_id":"012de882c9dfc72a015342e117becc07166c1ddbe5d4b1f501fa435ad8786611eac7af99864e70e22058b8b3be4a454c068c4d9d4fb12d83a7e5a1090220c0efea2235175a02ec1e04b4624caca153fef2216f9a8da3d4d7619f195a5592c5ac877aeaa05b38f630a5f7bf17882ce6b8"}
[2026-05-16 11:20:24] Lead stored successfully (both tables) {"lead_id":"012de882c9b7eaa05e4c4364943381da2e4e9cad443aa0a386bd1ce53fbba93cf5777dc8b16af6e6349ce05bb8f5a93d82dc3801e53baceb5053303a47701f5af31dcfed2cf8d0a7f67ef15b8b596fc740c4ef9e437fe9d57456fd2acb75f8ec4855ac0770f598a4ecf8b55517b91500"}
[2026-05-16 11:49:20] Lead stored successfully (both tables) {"lead_id":"012de882c973f4a70bd1cae1b3f06cea7a534b127c8b6054078e7b39e6f050dc86634785db73dcc5ba6a1389f4b8d9509c39b6e669a2d3843c7793579d10edb38958267e823c4e8734a6299606f1fefdd4d55528ff527966f35bdd9aaaf00c337fd4fdbb05346658c14f24267ce0c023"}
[2026-05-16 11:49:35] Duplicate lead ignored {"lead_id":"012de882c973f4a70bd1cae1b3f06cea7a534b127c8b6054078e7b39e6f050dc86634785db73dcc5ba6a1389f4b8d9509c39b6e669a2d3843c7793579d10edb38958267e823c4e8734a6299606f1fefdd4d55528ff527966f35bdd9aaaf00c337fd4fdbb05346658c14f24267ce0c023"}
[2026-05-16 12:00:56] Lead stored successfully (both tables) {"lead_id":"012de882c99b940b0fc68d596a9a649f6d5f15fed627a8f3470233acd4247daab61139b31f3c495c0e05e4670bca86b5a2687ad522b234d83790b2fa64410e3b6ad2c80780f5719e43f5e8671a519332f8769ce740e58aa9ed7d8d7a02a57cfa9a30b3a2b80a51cbc2ae5fe6761bee79"}
[2026-05-16 12:03:13] Lead stored successfully (both tables) {"lead_id":"012de882c914dcf926af1a2d6118eb30dee48d62ba746a92be823e53ec9f44326936a1a9b7cda914acfad8599adaad8fc2662c530150d29370a8b8703c31f5cc9912bda39ff0f24c9f4122afa4ec667e3ffbbb3868f9b9e9906f82d280594fc097f5c97ae86cf47a7ecde0a8f22e2b6e"}
[2026-05-16 12:06:19] Lead stored successfully (both tables) {"lead_id":"012de882c9686bb1b3768c80a3edbfec4ae0afba132d6343a001b812a5e8938829df05eeeee22a840632476acbdb725fa0b8cc451c13b626bdefc84226beb6056258ad8097ad52b785a0d681ca3306fd6cdc8d08217d1ac8ab4f9fa76dd2e2601e2d31b7d0789a5ea56704deece0d541"}
[2026-05-16 12:20:27] Lead stored successfully (both tables) {"lead_id":"012de882c9f52a1f90d8559602d31a9cca8a7d7759ac6188b1666b2d2680d5ce0b5738613ed87c5335708c646af332993a39ed789f2a27141b524b382c03d8fa919ee97b14fde31ea1ee55f6823cb948e7708d9ffc3a109e3e650718df2d2b488ef6cad1579fd130244096e7473cc3c4"}
[2026-05-16 12:37:52] Lead stored successfully (both tables) {"lead_id":"012de882c93b02f6528c51d3f56e8c86ba71ba910b06849b66ec8266b1de35e5f18f76f100ddda8ad59bbf94e31efdf1b7531fe181352cba9343fb27a9f25babe43f4715e3430bbcee28fe0a185ef06bc192b633e4d87d5468fd9a9be0e6ef83e5a59db5ca38c3ecf6c630475cf06598"}
[2026-05-16 13:00:34] Lead stored successfully (both tables) {"lead_id":"012de882c95d99d1bb65781af80d209da7cf9e2adf46f08a6a87f9b95899815b43c4c32e719104bc35edc959fc808e76441b04ec2bad65cff5a674e3e814373c31868450727d8822de59a051f098f8e61fae4991bc7d11cd077fc6c057e0e98bab67d5b7faf05e5b158d7f1349fafa99"}
[2026-05-16 13:04:08] Lead stored successfully (both tables) {"lead_id":"012de882c9590d9a5b6e1dc844f76ee884fcbba78d204a451ebd6b217c5eab7d5b05a3d6a10999de4b93214010256a4fe9d30e46a348156050ce797fa2078bd148e3faa78c56a0fa9d82a4ede649a50d3e93afa9f8c35be700798aa735c79a9b24bccf2328460871138347556251369f"}
[2026-05-16 13:20:07] Lead stored successfully (both tables) {"lead_id":"012de882c907523c53ae4c15ae24af72c09c9e52bb78f3ef07d8c44a57a955e60eb24c5de134291123ad0918848c29ea45341b96b89396993e4b8524097c01461fdb54914597cb3287d7abcf305bf4485c1d1197a598c164b6033cade3b019ba170f73cb8b32ec6b95f85154ce4794f7"}
[2026-05-16 14:13:54] Lead stored successfully (both tables) {"lead_id":"012de882c9f0d7276152107cb78409fc20a6061918dbc9b1bef18854134b6b6f7f2b3a7e73407954de958cbfa16b241478d17a0aee4f8fc844ee413cb93fd4acb5d36cf2f086a9f1edec6572e2ef86ae0a01518a96078d9faa148bceeda0069f962b70b89f3008bd5839c8bae197ee5b"}
[2026-05-16 14:43:56] Lead stored successfully (both tables) {"lead_id":"012de882c92f5124752fd8ba727c3072c6ec2e3c6bc51ef7ed3fdbf051b2544a4c209883d04cb773fd86fb2545632083cd8af5c6d3041419082ba6ef18a8358721968d4e54a59fb79990634ea740baf9415f090c29153615888969664ed7c142ce7ed28b3efb4ca67b3e4876041728be"}
[2026-05-16 14:49:25] Lead stored successfully (both tables) {"lead_id":"012de882c9d488bae98411f4c205079decc149ea230eb2c6c3f78c2834170447d72176634a45f1bc2d1bc1dcca36026798906e5d0e65e4838249fdd9c60441e9ba29fce87a8e026eb7d6f74ac7e990ca41d7d3a050557e4b22e6d685e69366c53383938abbafe0848c08886c2a71941e"}
[2026-05-16 15:00:45] Lead stored successfully (both tables) {"lead_id":"012de882c930e7bde014b17ec29042406c788bdfeba090131fb72f04211c5526f1c36ecc2df06ac98afefed951ef6e0407262dcf2b93909508da59d9da2c861e2bc0b42773d6f8d7ec550a1b3d83ea09d0bf96b7c6e7f962c26b4eb6489005072d86e7b48ad5c9a42c671a62851a7677"}
[2026-05-16 15:13:07] Lead stored successfully (both tables) {"lead_id":"012de882c91cef9f9ef0b57141fb08e87520c6d3240813f7eefe43f597d59413c10cce8fc1086b5325aefea132314516d89019dc9a883003a9d4712f654729cf3a8c41814c0a3c7736e031e22c0a378d4ff670f91bfa8554ff2979e6dc3b193f61f03e986fce2738ca2bcf00c6b03a51"}
[2026-05-16 15:39:08] Lead stored successfully (both tables) {"lead_id":"012de882c94877d5f98238cb76fa14ddbaabf31a41d6e2b8c18ee2f5cfd05249724a6b98cb3eca7d41ab9558bbdd4194928c1204e3fa0ce2c9445e10637910ea9ef8cbbf781d3ad975b3d5faf461b6c80653006cdc8eff9231c03e0879dd73b5ebec4d7be6583d221a229e9a2999d6e3"}
[2026-05-16 15:55:37] Lead stored successfully (both tables) {"lead_id":"012de882c990b55f41db916b76ebccb189d79a80a28f6812808ec8de975a4640abcfba8d9308b39c24cbae5918cd1ed390229670c464d3ffe8b4da40fe6b854a2e4baac62807398e1791d1afd04a9a90e5e8ae9db330add4abdddb3e2e0b0fa6ff17e60c4830d5692dbdec28db1c905b"}
[2026-05-16 16:07:49] Lead stored successfully (both tables) {"lead_id":"012de882c9b6c56da602a0251cee43ffaaead89bc5eefdcb7e8ba2eb7fc95968db278933f9bd82bb1e265c65ec6a51f56e57e4b459cb6bfba725ff3ac0d63e10eb3edad236034cd3af3c45798b3681dfedc555268ce7d54dd2cd39beea1c343e107d83d979e53f931892141e22ad4b3f"}
[2026-05-17 05:08:46] Lead stored successfully (both tables) {"lead_id":"012de882c9b427001ddf8aa4404ddd67fb99824746aa2aa89159d877766fa52133e26ac2ad50eda18913f238cc2044e4bcb6ea00fabc2950821da41b8232cf91dd329ccba1e098be58685d02c6ef64d25c19c56f86da0291e7dd43761181de1c83746a0177fdc4a198da5a7b47229f94"}
[2026-05-17 05:38:01] Lead stored successfully (both tables) {"lead_id":"012de882c9e1c6d9160b4ded7b9d0fdf09043912d30d319243075292051fd17c35fb954beff4b3d34c27c9f4508e90c5d19b6d1dfc0088a519db9470c0534f8af49ca2ba09429620921db8645b6401c0032fb5a9316e7adc4b769a32ab793ad22acf07defa354be15ec7a1ec2c056395"}
[2026-05-17 07:04:18] Lead stored successfully (both tables) {"lead_id":"012de882c943535bbd1ef24b758b4e125541b6894e9b4a63f4422b25644adcc9c30ee4779172ef1d43eff656b2893e673dfebd8a46d8e1d1c3d170e15f6aca1c211af3953e8a489522ac132614cc6e1f44b3f0405df241fd0f550207b35e44e0f182e5f89aa5478faec0a92600d9fcee7f"}
[2026-05-17 07:12:03] Lead stored successfully (both tables) {"lead_id":"012de882c968ed09a4bdc6e4e243bd053ed482a0bfd1dbcfa2b51219d9d0fa2ef458c6de5f5e005d97d133882b1a53aea13b1c39c0879d52fbd9155f8ac8774f24d056bd971dbb6ebf4efb64de868e0f6ce03cc58f14fa8a43645080f0e1663fbf746903615b3430e266ed024dc3c95e22"}
[2026-05-17 07:55:46] Lead stored successfully (both tables) {"lead_id":"012de882c9d7e9dc44793d948e2f7818f7c5b4014264f427e56f14b7c41f70848082d94715ef6639dfe24145dae4fa583d84ddbd8e41e6f6caa626bfb0f91637eed2fe07853329400234e963b35e65418487758327b261a1fd49bfff1e584e7cae5e4fc33ea3b0277040b40038d8e2da33"}
[2026-05-17 08:01:59] Lead stored successfully (both tables) {"lead_id":"012de882c904724dd5d875d1acdd01f82f10c62dd960e363dc9b32903628e18a3da61df4fcfcef0be6d335153c990b7048395756a78f62c3851c7ad55b70c2db757a33bcb61e5087e2a8d1f488b3bfd5fc1d72585fee897f770384b9cb94751f254743a8ea985e23b6f82c25d83abf9eea"}
[2026-05-17 08:05:00] Lead stored successfully (both tables) {"lead_id":"012de882c969d8ee57b5d6f5fb565ab04284ce3dc601f22c98065f30e698c2e292e8a2914e9e6777218389d0a469e215afa6ff96d4131023c1221d8304149d5c79750a0bdbc0a8bcf0717d93cbf267a081f020b593fe5d20a25fe97f3336ab089a78265538c66ad5a23722868765078711"}
[2026-05-17 09:00:30] Lead stored successfully (both tables) {"lead_id":"012de882c9cd1de310d8fb1880ff0edd74b9056da43893546dc09bd4f3df725d5ee3dc6c656db54ef26dc59c87e67803e6a5a2473b049d81f52dbcb06992e77b26105d983b95e323da35bc998c87a61f5e7cc27e5b6e06065565573caa7bb374bcac0017005734bf76d1ef9a24494049a4"}
[2026-05-17 09:27:02] Lead stored successfully (both tables) {"lead_id":"012de882c938d7981f7a065ad65e323a2cf0c24be098e2b2edea079aee12c6241251accb158c1f320872afbc8b9c4885debf8799f091621dd9af9e8f3b19fe24ec0c4e7b26b95c76aaab756a431fb502d891b49dfd44b415d5e50c681ba1d88c8d31698ca89b02e87ff7adc8aa65ba2b1c"}
[2026-05-17 09:41:21] Lead stored successfully (both tables) {"lead_id":"012de882c919c398ac6f30a20db85a51d6c46b95cfb23caf7a6cdad88c634694941c8464e0138e6857c4a5b11a0eda331b54a7ca9b3c39ddf4c57e08bf9e24a22f644ed2ef207af020dd3f19f4bca9fd8c3dac77e0d2929d688aa22d867cdc8f04fb7fd1c063f08f8d1b69e39ec097cd19"}
[2026-05-17 11:19:22] Lead stored successfully (both tables) {"lead_id":"012de882c90b160f3df37dc2f2e1d5c0ee108a3cf0504882c73ce9bff60d24d64000ebcf32ef7e939be717c04a1e4df413d953f307581cd81c8c70930bc9f20761e1b94d866dddb5d97cbfa090dfc1c2539b227410d12d52cfc912dfce6f193cb2eb0ef5283337a23324198d764b52a159"}
[2026-05-17 11:48:15] Lead stored successfully (both tables) {"lead_id":"012de882c9b090a538903744959897e9b3636ad2cc485325425dc6f7c1c4b674a5a03a4033a97eb5020968fc5a32e511ad13a9badc9a86d101c888062fb636cab5a494779390dec055312afe7fe426465bef2aa5b0aa75f32ff9f0eb29966e1bebca18ba6d0b9ed0f03458d747e6078481"}
[2026-05-17 12:05:38] Lead stored successfully (both tables) {"lead_id":"012de882c98ccf909dec710a1791ea7939db846840efac8c036ceacd3c5cc2ef689ba9a9c86b8e0772f6af65aaa776865d1ac1f3d5680024c8f83c42bd64e0930f26e402791ab8610e2e04812ff12b5d70d6ce954d86bcfbe7d9e20f75785dcdc8d4363732772928aa7db6d0425cd02b0e"}
[2026-05-17 12:27:00] Lead stored successfully (both tables) {"lead_id":"012de882c99cfa72edd140b605b8729960f4033f71ffa771984fc2df1b5d083a03d6fa43d89ab09069a9ba56fc433378fabd8a04b11d2398978dbd33521de03e2fe666f0ad1889a3ae1578125c50526676142bfb56810f8baab3059b7def27f6e952bce834f230b4df13a4f8581962c888"}
[2026-05-17 12:37:21] Lead stored successfully (both tables) {"lead_id":"012de882c9eb5763e4e85026b9f318d01079a38ce521d1e851a3a90464e3ec9d04352e4ab54ea7ecbbe6f94d997b7dd2337fdce39e3ee7eda932e07b313b0c3a936aa320b61f1f2626a2298610b1a67e544e84e089907a6c2f6c3c878d4e40eac8c52b80c0e680e39ff60d35b4f98195a6"}
[2026-05-17 12:38:51] Lead stored successfully (both tables) {"lead_id":"012de882c912eee0409e8f94ca920d4103171d1a6f8fe0c85dc4648e485821f94d0616554e10b01f7bbd50955c05efa6b91fa1553f66d5a49a216d78ef5c4c02e7b2ee5672427b860867a5fb2c2977e8564577475faf84753a59b514631fd120e5a788f10b67d0fc4f762c592bd82feb6d"}
[2026-05-17 12:42:47] Lead stored successfully (both tables) {"lead_id":"012de882c95f0e34ce274aa7d173c506d635d0cbe23672d1fa569f7a82e4b04e264d411572af73452bef45e7fcc59697378471faaa9051eb27fc066768e652a29cf35cdafcc07220b6d8e7b0450423404ac6232f6b6699a7d1e5b8b445d6a8a39ab33511f9cd145d2033b05e1eca07a148"}
[2026-05-17 13:10:51] Lead stored successfully (both tables) {"lead_id":"012de882c9cc2a718ad3a4fc3b44891fc9942dd9f73b024ee4b0452a2c9036eb303ebb66e26ca7c36b21957f85a0e076a5d98131cacf85d2b485bdd1878c482f370b5a9d06dfa1352077827a367524280d3b20d0532b06296713c70ba2c3940d5f63ae9e86397738f1bc084f215c7d2b83"}
[2026-05-17 13:50:24] Lead stored successfully (both tables) {"lead_id":"012de882c95b27cc96a727cb888c6c333d48c6f61910913708fe1452cca8924c4ade6416e729bb5fb07607242037b2abeabae71e4accb552969dc9b3c04949c20842d1145ad191b3e18fcde34b191aa0a45fa8a88ba7b84ea730d6c8f4c5d7e95669e7f296740c92584f68c0760c079692"}
[2026-05-17 13:53:24] Lead stored successfully (both tables) {"lead_id":"012de882c94199ff8e57047aed33541826c5d7417277f36f7dd0aa1a0b6613b845aaf8cb67c8f426ac4362fd8a900574116e0fff6b07922c906033b7257b173fdd0532bff593f9beae480f89ad24a50e622af63d712791a50747d55ed8586d07fccb54d91ce04a773176e5f3f69d1ad319"}
[2026-05-17 14:06:23] Lead stored successfully (both tables) {"lead_id":"012de882c9dafade09e63aa07c87dc0e19ed317f6a66b41d5ec3fdd81db2d194dda65f34f2fc98bfa63e16b02e265a07a72a884906f95628232a573ec9aee62ac8161ba5968cce590019d04ad763378e79e4a8dc17725bd3f24e7338c74b041860d540c87f946d7c4bd6a2627212fd1863"}
[2026-05-17 14:17:28] Lead stored successfully (both tables) {"lead_id":"012de882c9bd1724b992787df1ce03a94b55b5e7d57cba0f1da1eb360be196000c0bb3b3ab3db0ba6c66706e0e0331d35491ecfa4c38f08892a3878cc41ef3c89bac8e71aed416706a85307898f2180d9390d99a26fdddb6c6724059ae7f76d3b51b597a1fe0d57e59d447b047d35b0ecc"}
[2026-05-17 14:27:26] Lead stored successfully (both tables) {"lead_id":"012de882c9fd665a08265596dd7a117c9fa43901e6a16e5a0352cd57ec36b9d8aeba9b55578efafa86421b232ec7fa6e0a5c3ba46e432085ea20f4337522112b9085090fd1f85a11e7229ff0cac44074235b813d5ef5bc4b426b09b7baeabf811e32082a1156bd9b61d36b5667c059ad72"}
[2026-05-17 14:29:51] Lead stored successfully (both tables) {"lead_id":"012de882c9a31e61924a7e399c288e122be491462410418f3cb9168f44640f98071b410485e284f59687395c0bff5af00589c7beed4319f0c983a5f9839e53121f723de623bbb0dd693b634dfdf6e9e772b69cdeccc4160b4c02f8ba5062bac8f2a7a6cde0a9b496d73f389626007889d2"}
[2026-05-17 14:37:18] Lead stored successfully (both tables) {"lead_id":"012de882c9930c4bea373c0814cc755c8eb511e3d8774b7bccf11fa3a81a66ad08df03c67b57a8ca52b44dab9d6f89e4a39635b23bc855e3062eebdedff79b871079fab9518ca485e139dfaff0fbd81f76605a884f3b21181c0b726b2762b118190694231d02c4740277e563244e563247"}
[2026-05-17 14:37:19] Lead stored successfully (both tables) {"lead_id":"012de882c9f500ca3519b7a6c635a502c1741734b0a884dc44a4be813da75f66defe6dde59738e1f183ebe0ea0a43a1cbd9f4363bc1c7146096520b1eef49472664a32c3f48ffe2b91830bb9ddcbc7a7adcf736f997a398d0b7ce013913931d755a022176c4d5a063b48a97e11f555199f"}
[2026-05-17 14:51:35] Lead stored successfully (both tables) {"lead_id":"012de882c90e10238659b3e2db0c84b69b8b3932475b06fbe2fb6cd33e6bcfd950f7c140b2a178ad0af421cc932c014e40a6b71f149f8b7525430edf7a9cff8ddc45e0d319d6d31fa2a60f7eadf7f743175133cbbea53f1c4a3b046f31c0a67cbfaef8d5060d80367dfb2ea23f716cb115"}
[2026-05-17 14:58:54] Lead stored successfully (both tables) {"lead_id":"012de882c993d90df338817d3c3065744975bdc8539a2155938bed7ba279266c945f38e462fa99b19e85d0856331d569ffb0ea42a5bab21184ae6c2d261d0e5bf55ef762b537ad8d0a14e0909f46d846c6974af43e544e571ad6b0d1299835266ad6361a40adfdfad3299893096680a0b1"}
[2026-05-17 15:17:56] Lead stored successfully (both tables) {"lead_id":"012de882c936e99f14e86cc77afed059f4c521cfc021cadf6db4770322852faadead1a5f2a944d96be5374d75970c47e03f7457a001fe3b967946f5a91db3141b209884c57a2ecd22f4c4850e0fc5d0d964d33d453089ecbb8426432812d73f7797080020bad483a148ab9d1d111eb2039"}
[2026-05-17 15:40:33] Lead stored successfully (both tables) {"lead_id":"012de882c9948e05e2524579a7e0f62b1eddbd9cda952178fa23c9a6478b2a7663334490d6864efc09753fbd0ccf78bf7943cc576f8c599fa95deb6d3cc55d5102bf545809702708978702e4b9b3e2432a043918feb6b7a861657cb3e5d36a5bc79ed6bfe31ad1abf81437edd4c6402176"}
[2026-05-17 16:08:01] Lead stored successfully (both tables) {"lead_id":"012de882c9927f707f084a4dbc36c4c5e6583252ea0abfa192a6c2e74f43460922f9ba0513a6140f1578c15fd6452f5bf0aa53bd7a36592dbc461634481ff3aa79480dd61ef0d76e3eb75b6893402be5b53dd82b0539210892ed1f6b51761cb0572936c07c12404480ed554fe6d2f146b7"}
[2026-05-17 16:21:25] Lead stored successfully (both tables) {"lead_id":"012de882c94ee60a2fb7f02588d20e8484d02669026b7b24ba2a6141c3d457cd519cc8d33c0b8e53210af52dfe6d08cab0a020e4cb0a1a87db5a1ab34f504da20bfa11a329417c4eca7693dd66d412b0eb74c19d7b3ca94be73352fb14aeb745fdb147dafa6464998a3f1b52d4ea36f6da"}
[2026-05-17 16:33:58] Lead stored successfully (both tables) {"lead_id":"012de882c9cd5bcde440f30cb5c9b8a07f3c8cc4e8f56a19fc0e29cf327ebd342c5134011fb2d536619f1df8a9f07d834f8f2832a3dd348df895ed1b639ade1697019aeee8e68e694b217eff62f6737386d5458b147aba950505f2ef6fa5f5339b4b2f120aa0e3968abadd967a75b9eb6c"}
[2026-05-18 05:49:11] Lead stored successfully (both tables) {"lead_id":"012de882c9d9076fd192975fe900b6ea1fa80c5be31aaa02093194db559a7d56ec5cb12a555283e40b099b6781b1cb7b31cfa2b038777d080bb33404c0094268b9d8abab836c761bdcbc1961b81e01b85e8462040236d14b86af370864573f57f9cb4e2950bbab14c51e5643b1d7bb86b5"}
[2026-05-18 06:03:53] Lead stored successfully (both tables) {"lead_id":"012de882c9890f9112b4b5f5f156bb39fe1aa63fcd57cfef02f3c6292b0d940b90247f935e2bbe9a0618d92d7aa05aa1ac834bbce03b216b56c4915355452f32c0ae79870f67589a195c38484c64140e44718670df060dd7e8e5fc97de73f23c0200f1ebe2279d3de556c52ab02a43c8dc"}
[2026-05-18 06:33:12] Lead stored successfully (both tables) {"lead_id":"012de882c90691ee1e0a487ae4c7f56f60d7a0183426721e013725f13a8023a944adfc90e43c73f913c9d49171a9001e5d3544df97d49f9b57c4e8c12ab4ed45ca72f300d7fcd2471a250fdc110a9fe75e8db8f826b2dcaa4de381228f9be098b03d2cf0a37d8632ded097cee26dca4b67"}
[2026-05-18 07:11:08] Lead stored successfully (both tables) {"lead_id":"012de882c951a342eaf9b7f53797bd14a2ca0484be90d9459b959ea3826a8b9f4bb7433d959c1df8cbbac5730d82ab1ec88aef557230e55750958ccd13532f54bf8a59f3a377bddcbe37590f205b72563530256b2527dd4749389dc3938dbdb0d0ad90497fb1be1b00e122b52fb58a4b"}
[2026-05-18 07:18:00] Lead stored successfully (both tables) {"lead_id":"012de882c9c2598108b957a110c2a914b34aa19de8b43a6b3fe324a049c0db32a9b74b7e71d97310c031142aebb03f6e2f6e46c315a08faa7fee41ed52b6c89ea72f2f2408b3697c4d2dfcff9cb083a5a7f9f74f1864b33d44d027323e37a4152adc7753eba1d72617e7b2a8556f9ba1"}
[2026-05-18 07:26:24] Lead stored successfully (both tables) {"lead_id":"012de882c96949667dbe1b47d25d1f5bcd807332de88fcc32425e6f8c584fe4f099abbb5807fc7b8504b593d777fae5f075657d785e6316edb95a9ea96f909e103e0194118caa8d201bffe3aefd81691767257ec46f7a0361c381b47d39776478dc418d13e5083415e6948b2bb789267"}
[2026-05-18 07:36:32] Lead stored successfully (both tables) {"lead_id":"012de882c91f9fd36d9cc09e085913389e26ae0670dba5fe837f9f14c20a8b618d08a33585ee1f82acefc265b95c2e773f19d3c824a55c4ef381af941ae5b17a197c591ea6ff32d5c1b1ea991467ff16f85a7a1a7ede7e241d3c9c64703c110ad25bef025a225f22e854ecb751b4015f"}
[2026-05-18 08:20:57] Lead stored successfully (both tables) {"lead_id":"012de882c9366e0db110e510cfbe25ac6ab1c952209757c575de1869b60d997a0c8ff276ff3f2fdc64f9e421a2a86e15c230ff2d3cc48c148826cc62d018fa63c89343d004601376770b38ac2a53686a92e495eb3dbde53d7595accc27071e4a21bef1f7b7f71c2477090d0912d140ee"}
[2026-05-18 09:43:05] Lead stored successfully (both tables) {"lead_id":"012de882c9ad300f2360d8f89504d5550a8eb169ce71ca3280dbe35e3d423eeb4b256bde3a198e7c38720bd5ac47f736646a75dc469da2dc5bf2fdb78d2faa7841537ff005b00c526a2c3bff1c93c0939c451bb03cff5e19254874a1b8e62abe975f0389bb8a9d274790a1ffddb30783"}
[2026-05-18 10:08:56] Lead stored successfully (both tables) {"lead_id":"012de882c9f43c0203a2e06a8093f8c63669404a6097c2d64a98d8bd22834b8b1f7c34fc61c774ba88622f0b4eaceb0d89a6a6cb595fb591fd91a459ec6c7b10d0c35f1529bdaff43df98fb13a19d5c5ca029e126beab7f8c00e9f6cbb348b1657f5353ad8907e79ca4ca10893525976"}
[2026-05-18 10:52:56] Lead stored successfully (both tables) {"lead_id":"012de882c94ec09db79f7be8fb239afd85e00dec1a8f39808db6e8393a8da7d3dd771af4496e776e1248c3c16c49a0aad56e4a932a4b4ebe7def845c6d153bc1c04c9b8126e056040252c207db7f5ff62f08b53664b9473e1400645b23abd252328a5584bd7c2443824176ed8c331208"}
[2026-05-18 11:12:15] Lead stored successfully (both tables) {"lead_id":"012de882c9e6b43d8ed3473e402c5791f681652ab474ebc637cae56c93633bd22af12a82fbf72f54c9ae6f0e1befa8c6c05132b7bda98bf990d39297e7123136e4172ac9105ea3b84191ecce2be7ebaae8407b237f7345533bbc7e837e07e36411a2212fbb8604ceb1cc8e2a18ce5194"}
[2026-05-18 11:31:44] Lead stored successfully (both tables) {"lead_id":"012de882c97015ec1860573b20cccc7a751cf731a2dd00fe4f6a662b80e7af31c1c23d98411b1449658c1fa8402c2fa7e882492a5ca4245a54b49166d1203b3cd4ed71d7d5413e916c1787f4eb26e515f3159128907974788f952bc2e57b7a466f2218bdc55090fd6d1ed311abbe9cf3"}
[2026-05-18 11:57:38] Lead stored successfully (both tables) {"lead_id":"012de882c951a54c5e76e96e8e43a94f65f17aa5bb737f231634dd3e15448a6a82ae141a117ea9e95091ad127eeff6c299d85cf533323a62faccc62f2ef5aeedace410808019ce88a04e7ad6a5424635144fe2ac133536c97f3fe58f46c5e251d90494a63d417aa6baf850f2a9955ab7"}
[2026-05-18 12:09:21] Lead stored successfully (both tables) {"lead_id":"012de882c9a7f668fcede9712ba6ea883b531f58835a7b8c9d5543b84771924a3a24a5df053b5675a958f2287c57f221877972592bdd41de931791b01f82d5ec75b609965db461c11f1fa6b788011ad71cb82545ff56b0c01c381aca44d82770c31dca05d073905aee2f296f62301d88"}
[2026-05-18 12:15:22] Lead stored successfully (both tables) {"lead_id":"012de882c9cb52f438689607bfd4da558054c0f0b3dd4ab5c15c54f53527d7f48484f12c8bfc74e3acaf6a732040622cfb0b8cf78687208a091e1992e7281197cde0faee429ca2777668961bb293ecb3628e86a365b32f3a1c68a5e4faa70c44e1f2ec6956785ad11d85b898e18eb5cb"}
[2026-05-18 12:28:24] Lead stored successfully (both tables) {"lead_id":"012de882c9be412f52f9616ae7838697dd91b18715876ad33a9fc809ac1b628d046f7797bc03587f2eb96c56e68f6c9da53893ee90c6d9e0c157a3446cb3d0da686014e0aaf768ffbb6ee42eb020329271ace3e9fbcaebe11b5bbf1a9221033f9a943e8e3db851f44633df99bb672fb5"}
[2026-05-18 13:36:54] Lead stored successfully (both tables) {"lead_id":"012de882c9b9eaddf5ab6a0656e33767e6618b2657f8cb7d41e779096403d1c5a0c28fdcce810829a45f850e3b0f9739e9e3b200b2bd0e5c13d53ff894a698f6fd80b4b45ebd010ed487fb7597afe025b55e8b78481c7941e29c346f67647fbee2c042687223d783571b42d5501e5737"}
[2026-05-18 14:02:05] Lead stored successfully (both tables) {"lead_id":"012de882c92bb240498ace429c355429f4e4c9950390ab6e54a965c5fb3e0d35691951be0a19a26db4ac5ddd26c225f3fbaef9e64d7df4eed3c2fca3f4d39e81216c193cfbf5580de248d1ca2bc2545a5a0c298da134bfaf41756b28031ffd5ff88c4fec6a2f2c9cfa0f67ebdd3e6b7d"}
[2026-05-18 14:08:03] Lead stored successfully (both tables) {"lead_id":"012de882c949d0a7759d336cd40ace8d7a8e6187ca35669a2808ecb4f9175e318a722439849de1a1f6f8efdb39fa9a10b9e7f7ce27c10aa3cea9ab271228d8d2c5a29605ba293b045ef98d14263a318788576311baa9e7659dcbee614d0b5940f6a485d94880393bddb35e50ed26575e"}
[2026-05-18 14:59:02] Lead stored successfully (both tables) {"lead_id":"012de882c9499750ac3085ee5efa97e9c15c15b4c766fd45316a9f3067d1db3866d1d9e3fa5cb11b07d7a35f35a14de12dbe73a9c158bb78a8a0c50e642cf901d547ad67533beb932b84af223f9131cdac8da30d6a8b3813a06698c469cf0b76cad513a91d53c19ebdaef13f592010c8"}
[2026-05-18 15:18:30] Lead stored successfully (both tables) {"lead_id":"012de882c995a14ef29f450ce7b37f884de5b7b45f0224e29618a428ac93dd1b0819dc5453a067275f3b442be29bcbb818bc901f993ab9246ebd4b84f35354e02f1a621c087638362e61912bc5563241787bee0b047d156bf98ca999145f79f9d54aae8529d02a65548afa8828f6bb8f"}
[2026-05-18 15:25:48] Lead stored successfully (both tables) {"lead_id":"012de882c9a58a6c4ba4e9fff803ed887248d145fdccfe496cbfe3ac31c653ce70a0d4a1b0635a1690aaae18ded743471b02139b4d0d9fa8cfb74ad92287c3d14714f709b5639b6d27091e130f7a4649b8d63d9aeb9bfce866afd2ad89768cb6aed780078b6dfd1f943a82de9d19f280"}
[2026-05-18 15:33:54] Lead stored successfully (both tables) {"lead_id":"012de882c9ab1215074ebad99e4c9f01226d2badac196a8f27ce057f4e753d0478c0d27bc472710096eee0cf44bed386e9e817064b2da4d2c2bcae622d46fa15ba0c23a389a4e539240584164c075a6e61711eb1dd1d6c88b09404b94fb30f220c2380e894e8c9ec89b661447d7e5518"}
[2026-05-18 15:51:57] Lead stored successfully (both tables) {"lead_id":"012de882c9d5b2813d989af371153248e03449fe24ff9bc6fec3248ef7c46f7d788c6be7a560fa5694a192fb3443fc5ce6973ffb8e65ff7e22b24ced659bb1045ecf4cda957d98749807745e1debdb4b437c8813759ecff3bfc1721889274f431107ad879bcc47a33b8be00d2a6f45bf"}
[2026-05-18 16:20:00] Lead stored successfully (both tables) {"lead_id":"012de882c9dfe612dc471c6ec6ad8d2642b881cf70549d8bf4b3184776a7c5d16e5c9bfd624423f3a4c591ce8c23b68a75439006e947876a311bf6f67155718420f9b4a92ac7427429328a1dde207e59440987c27bb87745a3ed99b297c4aa083a5def21e6e05af712e1659cad95e86a"}
[2026-05-18 16:40:59] Lead stored successfully (both tables) {"lead_id":"012de882c9e9f38f86df311567c75ea65d86e10f3f752262bc4cea38a2073a0bc865b2bd4207bc8db723140c980ae022ece9222d41fcd10e6184de478f78751fde743296d967cc17dae2685e2ff1edb8e6b9c01a0eed09022dc2579f18c09228e2b5a3e9e10580c42602400f29057f56"}
[2026-05-19 05:03:23] Lead stored successfully (both tables) {"lead_id":"012de882c953f3474184ec7e20a3661ec623c64985cc5dcab80a195d1dadafb5d6fcea4b40f4c8724fd9d727505d99c14273c4efb0b34a3c0a6ef5187bb7c0a2524d78c105a8be2be2d1f712773c63c2397de580aaa265d4df3d2a4782ac7e0d7bb0fa9dadc1cc4b6972fccd1983c1d6"}
[2026-05-19 05:15:08] Lead stored successfully (both tables) {"lead_id":"012de882c9e60955a086db45afe9c00ce38f6d4aad6a004ea560c3bc696ff7b40e4fe50cb5534bd6f99286a9d2c98e7fa5a4e2a28e746fcc14c21f0c632080c87bb15bc299faaf2a48dd8b4b8d1594bcbd993b0bcd0481b36db9722a069deb1df64900230fce6401a217da722025ee60"}
[2026-05-19 05:15:29] Duplicate lead ignored {"lead_id":"012de882c9e60955a086db45afe9c00ce38f6d4aad6a004ea560c3bc696ff7b40e4fe50cb5534bd6f99286a9d2c98e7fa5a4e2a28e746fcc14c21f0c632080c87bb15bc299faaf2a48dd8b4b8d1594bcbd993b0bcd0481b36db9722a069deb1df64900230fce6401a217da722025ee60"}
[2026-05-19 05:25:07] Lead stored successfully (both tables) {"lead_id":"012de882c99738ff41b9af95adba8639cbfa1b28ff5d7fb11627e8e1e09c3bbf3e05b4f509fc5be45b3b2208b75e866df9f25d7bed440ff9b0a32226cdd51f53d5394b3a4675dc4416b3bc0cad06734ff46540ece2a18d4ab17549c2576e931f797e87e32b9c2696b8a15614141bde3b"}
[2026-05-19 06:02:50] Lead stored successfully (both tables) {"lead_id":"012de882c9e50bb7f627aad2f2388acf39f3e4a0f5671e2eedaa3912d2feeaf729f2d8c4363b41e92b3fdf86b2660f5f91126e42e7990c96b8fdb609b1dc17bd3f611076796f857d55d9a298d3c63599f2883c2d5a8f61e2335acc7758b48671fb9414ee87191abc3a7c98c37029f56f"}
[2026-05-19 06:11:36] Lead stored successfully (both tables) {"lead_id":"012de882c915d78b1bc7f49464a2c846308f795d696dd0ac4559b8c5e4b94a808f9e7531cfc1496f933f2194a5120f28bac15dea414b78d514c11d3c3c0744b806113376da7c6590cac63e5f05813a4a38c7f857eae69e69c69ce2cc3785fd61015f24a8eb19f7976bfcb54a70db29eb"}
[2026-05-19 06:36:43] Lead stored successfully (both tables) {"lead_id":"012de882c9aa8c57a08b0460afeb4951b2e389a505ef729b94113a2653d1030ccadfbe20e288e5c30bca3f864d1968da357f87fb85f786e60e8268fb2996532965738f0321abcf91d4905e47802685aaec187116b89947ac10eb9588dd48d506fb92af43644556c0e8049749f3fcb530"}
[2026-05-19 07:01:54] Lead stored successfully (both tables) {"lead_id":"012de882c981cec95bff8a555564366eec33573794424d9e27bcf88c000747fba8cd6c17bbafc09284a72ad5acb480c3a2ba6901fa00c3293401898fb79fab095e94649fd9a3fd048c18d4f7c99dd4b6282ec395c327597f75341628abde16bba6e03b1da7f2a66a9d8f820c21cf2adf62"}
[2026-05-19 07:35:56] Lead stored successfully (both tables) {"lead_id":"012de882c9cf12ef721985555b0bc16a8340c94cb2f0b45b8185aac949b69cb9855de2d9e59327fec60417079be6ff6991a17d8dad4443b0684d60fd6557bba597b1fa6ec200d8b8405dfd3c81981097e0e66fce7132dfc7388b2ecc0c8caa131b785c4fc7793e4c6c3497d81731835dae"}
[2026-05-19 07:39:05] Lead stored successfully (both tables) {"lead_id":"012de882c9540458c3ce4432dba3d46ad419ab2e013a4496285cf718e401872487e9a4977a54e2d54b71ee3dc096aaf00d64eb2eba9384489a176025c30bf704e2fc684e1af91f3deaf7cd28a517fe8bf3073999da60b1543c1791003a63790041a80e81ff8fec9b0301ad30c4a8a40435"}
[2026-05-19 08:50:06] Lead stored successfully (both tables) {"lead_id":"012de882c9000c8623aae839f64701671027619a3f77bb827662f8e3476119864e87626c1c94f9304e99155dce7c115aa820a99e1fb1b0af158a3f2402f6d79203fde125a3ba6b512dd05a56c7daeb29e7e9d2935793ad1fbfa62bfad3f6815e7a7565d0d2f60189f63102349578baa648"}
[2026-05-19 08:56:35] Lead stored successfully (both tables) {"lead_id":"012de882c93bece41fcd18f1dd7c06ac39ea9added4a80ee72b05f73bd99fce03ad7da0c7b27fc6a15c775df0082ae048ed9341d9e4233203c42cf1fbfb3f75f8915bc8f4453d55acda7cb4d7e9f59fc69c5f506aa52841ed50aca17f4c0ecbaf3ac6deec3028b342259a05a566e2dac11"}
[2026-05-19 08:59:56] Lead stored successfully (both tables) {"lead_id":"012de882c99c5090567a3eb3eecc0bc458ade515db5bb951685d9fdae0bbc1a30f92a704df6a15ae46643a51a840309c1d55e3cb339bda111e0488bdbd3668cad76d3e33c9805c0524b9fd38620ded9fc20e0429c66aa6e167bfc47b9bb41aef91c073de20fd719871bc2285c996cf4dad"}
[2026-05-19 10:00:28] Lead stored successfully (both tables) {"lead_id":"012de882c96cf650e532aef1bb68c07d8c7e94ec688062c664593a6444b5dd1844038eab639090fc53c5fc52898b59a4161729097e752e18f1948de6c2a5010f4b4c0512a35b80a54dfedf644cfe04e335f80250739bb7612c5dd94ffd918a477e30a27f97846faa4e663512ba04ba93af"}
[2026-05-19 10:06:41] Lead stored successfully (both tables) {"lead_id":"012de882c938c1a1103efbe99e2b1457d7250aa3e9973eeb465596d577e0975701a3797bac7e804574861b4f2f4d98310e143cd0d6cbb5f77469607ed3810a8444487506082cbc30088ac0930fbc3a55cc8726d75a5c8f8eb539a20eb92ca938e4a9e37aa428378f9b0ceea4451a71ba04"}
[2026-05-19 10:40:59] Lead stored successfully (both tables) {"lead_id":"012de882c9a1e3a9e7e2ebb176a6866ec017a33fb85b1926bcd271e0b44d071a157dee038db6b2d56ff8ee62729dbe211e57917eff1cf022bad9e330efda9e8dbb21d9f28fead716530d35e44d72c920fc4bf046a4e7250b920b6c919e40822db88c67b81caf62b86c02b8bcc692075e95"}
[2026-05-19 10:41:50] Lead stored successfully (both tables) {"lead_id":"012de882c9d13697018b2fa6a2a6d3b6660c256631dd02babc4a6cc742c1fe0de9f0ad3d39d6143c645b80804af04c94d37319e35a00c268f2edb284839334d180be91030a27c2178ec003705c85bbeaa627409d1c8e47a4b0a7cb17633092df575997878fb0bd8fb45c06972e30540b79"}
[2026-05-19 11:27:56] Lead stored successfully (both tables) {"lead_id":"012de882c99ac7a58691a1172933a2e503cdfeb4b0b877dbde5c01027d0c5e92f895cec4dc5dfd392a8fe316853092cd8ba5cad0416063ecdc2fc7d59b129eeaf4ed1db6405b4a158db6fd53a4f24d39f0dfed593ba7f701ca315985ae8a049578ff08bdc8e1b44ccee5c4bc23bb04ae5f"}
[2026-05-19 11:31:47] Lead stored successfully (both tables) {"lead_id":"012de882c97e78077c652cd75ee06064c53dc104b399f6ffc124e0b48cc47c8cad33cf9e2d459c7e6fa8563432884f87fbb3d1d55f57faaefd73e2c686443001c5f398cd9a6b8ee86d4b43b4c11efa1497e3c2fd1b35769ba9920cf70200bf00bf00b132ae48266846ce07890a6ce8fc72"}
[2026-05-19 11:49:23] Lead stored successfully (both tables) {"lead_id":"012de882c9cea1496581b37c21b0d076fedd419099e4a71eacaef50193d887af45854ab6bb99b2f084a64389441dcf54a753f53486f9f758d4cfba7251d6e4745b57ce4bc0a49b5b55e9497c5bac70258e71ade02c3a65f861a11f8b3a1621f40339d6294f62ab47901e2e3523bb088867"}
[2026-05-19 11:54:02] Lead stored successfully (both tables) {"lead_id":"012de882c98a40d40143978f6c00ec85e90c8bbdefef3eef54a114510dc5bab6f9e519167827301ed69ba233a48b8e6f7e657477844c1cef315ced62e181f44cb635e25ba9d7329d962dbc245f38da96b7064bcd7d6ac335e9aa173d9dd29d88113448e02afc73e57ca6b79fb1fc151ff2"}
[2026-05-19 12:02:15] Lead stored successfully (both tables) {"lead_id":"012de882c9ca0e4bfd5e2b81e3dfae1b7914e35d63ec1f5098619a91d498fcdfa8256136a65094406b310d1295011aaa1e2a4afcd17e26c56f1d784db9cc99e438dc622b9892a7a32bc5bc820eb73ac9df4601e11a528bd8ff8c616db103bdee7d7ab01f328fa8b74cba9032bc3103dacb"}
[2026-05-19 12:29:06] Lead stored successfully (both tables) {"lead_id":"012de882c94a008f0e0ae643b5369ee07b6f5bc0f17d760012cb9f3f78c5d372d0d15557b862cd19144b6f8647d745969eed51b4483f073d706511773f10c88c725212f07bf65c5899fb47c5fb59f4a308bac2960df89e7758d31499b3ed0ab93d9b8ca810dddee7e8ad234911bc9232b2"}
[2026-05-19 12:48:18] Lead stored successfully (both tables) {"lead_id":"012de882c9f4e73179192894bfe679112b2824dfe4507a716dc9a647da96e64f13838a82b1d77cd7cbcc8bc6018a2781ebeb4a5bce273a34c9d06ac5ec6a09ec5663cff8b0e79c41a2144f09ed874c51f68df57ca76f00050cfab16d9f1186a1d7cf1bae592e626d886121bb45e6982a6a"}
[2026-05-19 12:53:48] Lead stored successfully (both tables) {"lead_id":"012de882c9be6e107bacf310b849b01d4d5bf87c78990fe2eb459813f0eeb809815f8cbce8ba67a1055a98fcbf0c596a302276c2e24c4829770db59ae2f8a8a451b05ff16f51d129a71039ecfc7d987954224748d1e5aca2cc660e5c890a074473102df3af6e612932a7285388b3bcf5e1"}
[2026-05-19 13:27:41] Lead stored successfully (both tables) {"lead_id":"012de882c97233b377fe53d137d65e22524bc109350aca2a901efb85d229b03ebb5aa6249933aa11ff8c5806d7dd18e044282b63a191afd93f253a0b3bd611a309569ad41674e889f9733cf6db2ad99885ed2168cc8cd20efa3e545e9f4420b884de26e6c4f0cd4ac2fc7ae6f8dd8d8c7b"}
[2026-05-19 13:29:52] Lead stored successfully (both tables) {"lead_id":"012de882c942d7bb3840dbb3f2680edec4cf1083bcef0579a2b3fd92f2da54143be4d4cccb3eac3d2f7e92d83f6afdfbe28e8a0cf751c0624e64e8a5358a90bd68e17e3046bd71fc4b7dd99fdb3c38d7aec6bd9114b30725365a0117a036085d53a8221dd092541be5f0329581dd4ab7a7"}
[2026-05-19 13:49:43] Lead stored successfully (both tables) {"lead_id":"012de882c9d0d42910507063fdaa768178e665bbdadebee9010b6e260278a7eb4a320cdfb33960acbb8a3c20051dd81482fd4687dd08a37ae9182beb03e9fd9777f5bb1a74ee2e3d9ad070dfd9a4e5d5dff4c7e1bf153a7ff73777451e8c1774ab1696a877f06dac75a407861a5d7b0ace"}
[2026-05-19 13:51:50] Lead stored successfully (both tables) {"lead_id":"012de882c9e9948a4cb1278e35b45f57b8256cb1b16268bc019d4e61aeac9b999b9943b3ed4dad3e75d0ebaa2e5fe4efd3351755c7d2eb2f73b29bd3412b3cfb9999a0e76f5ea852ebbe2cc80823d69854ab71cd44a5e30361affc0013c0b181a080d8a1317c5aed3b64e88cb6ecb403dd"}
[2026-05-19 14:14:16] Lead stored successfully (both tables) {"lead_id":"012de882c952a99a5645908f1a026e785035713b16eecb8c509f86b255bd1fef8359b8446c0959ca4dd6c08297289d38a624eab183ca41e0f4efd71f75d3372660685ff5d8d41f207cf7e6f80cc6bf334678f2abd0181a75d7acabef491c9b89ba1a3382d0bae629a34ac59325a9a3c0e1"}
[2026-05-19 14:22:38] Lead stored successfully (both tables) {"lead_id":"012de882c9a4a8a92c41a66ca9bdddf26227eddbe3032d8a76d1662aa0be9467078f8f386c469d02516b39fc95729d85301bfeed22bbbf8dbcb2aa20100bcace324872259015e1862ca04d7407ae6ae4d1bfad272f27023bf658059cc7be2cf37171594fe1e27257e45574317af1a16f2a"}
[2026-05-19 14:24:16] Lead stored successfully (both tables) {"lead_id":"012de882c9bc17d4dac21c5aef7fb8341994fa5af16091acebed934382faed0d4b06af275a1675ed24b33e8c213271cf3fe18fea235b76f5115cecb310a4aeec7926e078b560a0302948cceeab17af0d7d81f5951363aa0b90ac3b64a3dd8eb9194b61cc547f3dd3ecb5836b12ed71fbf3"}
[2026-05-19 14:51:32] Lead stored successfully (both tables) {"lead_id":"012de882c913e27ea284bb7907037067a76f3f0d68e65acfea626bd79f394ae0bd095e66db0e53872f0d995717f8155fdfee1efc57c36814929bc0d80a9c8b5ca87dad5225fa4a8abe3a07ca74a780fcb0af0e42e47975568068fcdaeb00842d8bf9a0d20b14e2178c2d71d5370f9ba3d2"}
[2026-05-19 15:04:21] Lead stored successfully (both tables) {"lead_id":"012de882c9c91cfe774a0f4deddf2053dedf9cf44acbef208f3aba4d49862d3774f92fb357600f70959075e00b9f24d2b5c461f9e3659aaa4c2e0fd89a91320bc246590c6d82bf7637add8455b750bff14f6f9c45d1048d7330cd9d5021977ce6c8418d92f26449518d65cb295aecd1445"}
[2026-05-19 16:07:50] Lead stored successfully (both tables) {"lead_id":"012de882c9b586f909b111b293d7903df97e2acd0a6ffc8a252284435ed010920e44c6815066791b243ac86c1867683e1ed17c8e02f91776cb7b6c5b3cc5dbeb02fa65d703ae5a03a502abffc67fbaf30d5b2a602a01f1f61cae6e615109cc738c22c08133c16234afbf622feabe0d950d"}
[2026-05-19 16:07:57] Lead stored successfully (both tables) {"lead_id":"012de882c92b3258468eba5652f8c0251e914d037e5a8e9e23436cded99630c20dbb4c3f8d4d038879380517372b7b235917ff14b0ead68adff35a47ae50746280b27645cc568b5614c9c5b6facba2a3aa3b31973403b87961d3c918efb87f13243b777758ba57ba1e2a6b4fe5d7b5fbc3"}
[2026-05-19 16:18:53] Lead stored successfully (both tables) {"lead_id":"012de882c978879f5beeb1c6ac6ce797b7ace46326aeee7dc0d29a9bf65d17b0802f7e136d6204eeecc843a3e8ba2c14dfd96cff115700b6d54117b7a7052be99333e9dfc6ff073dba8727f8c619b7641345e15e6006749d7afbe89ab3d4e787ede0fef8d66a71556c89429eaf83574cbc"}
[2026-05-19 16:27:56] Lead stored successfully (both tables) {"lead_id":"012de882c98f312bc769343a05e65e27a3f347b494dac8bf476a7acaf838eda395341b81b9201433bbdaf6c6a3c1290eeef5dff14f50130fc5ff000e5c0fc0fa502ae3792d93255cceaf8c2316634bd82cb349161f4655bfd9e026e5155b71febc8ffa59fad12d483d7fd9158a2d6c79c6"}
[2026-05-19 16:36:33] Lead stored successfully (both tables) {"lead_id":"012de882c9ea4aae6756aed7ff4febc26f5490eadf665e0009a449298e9cd7a585f6155f84c126dbdf293aa606f1b7f8bdddd3a52a501f27643149a9547dc4e255baa84c1a2e90ac4fc6e5ad62a9d852d8a2d123f64837695e74f4d2adc6a10cda3fb269a4d9a8aac833c849ccb2c549bf"}
[2026-05-19 16:51:45] Lead stored successfully (both tables) {"lead_id":"012de882c93463c3bc54faf13acb984c14fea7613531dee2c91f4aa6bc85dd7c75251618dd4436d5c2a82a46eb9fa31045d5dc083e839dd4ee8cff86bcdae007e6815f2f714831274542aa6801937f13ef5adc3ea2641e4e8b2b0e39e5babc4f41e9b94182cd2c60b204501504d614979f"}
[2026-05-20 05:03:14] Lead stored successfully (both tables) {"lead_id":"012de882c902269f56a08b8c13d904adfbe579f6e1a2c22c49587346c33bfc2b4274b18c411680bec28234826aad4358f5abb028dbfbe78b5680e756025fef328cc63862babf472775ec91d110d809d30d7b3cbf2c0f49702b75f3fd0c4a7e7f2ed2ded3bf6998336d771430ecced5b98d"}
[2026-05-20 05:29:18] Lead stored successfully (both tables) {"lead_id":"012de882c978ff8d45a77e2be01f228fe32294a865c5127ab4dfe91c65a49da06ebeb25b83e7e564fe6cc90c5b5f0103c87aaa928aa3dfc74f0e69ca422b516ba433c48b51f33751717fbab5328b015655d444bfdafe576cd820f01ee1af594b7e2e1ea6440daa5bf2b4cac355b22c45da"}
[2026-05-20 06:25:21] Lead stored successfully (both tables) {"lead_id":"012de882c9cf069d5758db5f83e83215a35bf54b94077035a9a5fdb162043334b2eb6f571b6aa3a4067a18d325b6d6ce64db814b4b543708a857d819ec0e49b68bfc3f3546b18440f88b2f3a724d0f0ebcbb4e10e55c16eac0e750a0610a5de55a74064dd239058cb658067c5cdf80dc75"}
[2026-05-20 06:37:36] Lead stored successfully (both tables) {"lead_id":"012de882c9d0a34a772564ae200ec88617c1a285304df08b27c61ffbe9ba404ff5bf999c5725e01fa391873de56a655536c61e302998eb94f3453cbc8fb1abbbe855c4606a4be1fa38a2cb6d67085030b59901444b4e88b73d52c9569d1dc837883499b6a276a2702d4c7a6282bd8885aa"}
[2026-05-20 07:20:13] Lead stored successfully (both tables) {"lead_id":"012de882c9f9f5d1abfe7803d0f33782ec660e937530c71098433d64f3395c916cf2e6184ec34674837022c0de1c4663b630c7703f8f06b413d13b6d941837ddf392937326e0b0d44702b2f9cc52df3419dfdc5d9e3d8eda385dc2f6944915143a648de2aca6cf7a17453cae184f592f"}
[2026-05-20 07:42:08] Lead stored successfully (both tables) {"lead_id":"012de882c9fdcde563618808885d9a9f2a97fb2468dcba607046ee468bc12228d4d1f0770ba72fefcf0f037ae98be56127cd569402737741b52950a53bc37fef2b771b63304a08ef47c1706f6a985e7bec34c4454f04bc0cbcdd9c3a5682348c178d9e299bd503b8ec79bc5eb6691dc4"}
[2026-05-20 07:48:46] Lead stored successfully (both tables) {"lead_id":"012de882c9bfed491abf93bcb9cb5cc60977943a83fa80fbd3ac902860e7c96f3eb4074dbf07ebf9aa507bfa0f20319116d2a8bf2db664d206e900393bd92f2967804661474bcf63f4fbc9c583dacefd82dc45312bf432d36641efe3b1fb1196abc948df6b7649d35825196ee3250c79"}
[2026-05-20 08:30:03] Lead stored successfully (both tables) {"lead_id":"012de882c93f9e38636d595a61a6e780b34205c96382fdbeaeeee17eb6d709ba913b237f8d69905b6cddf15ea9ed13f38dae3f58299dc35e7faa17e9ead5f21af34fb625ff74de0eb755a137d68ca9d958935e341a0123f4a24b6b2e838b0881f254342da986cb2be23949c36ccbae5c"}
[2026-05-20 09:29:46] Lead stored successfully (both tables) {"lead_id":"012de882c93b4dc08eeb81cb942de810b59ed142f4f652b4ddce49ecee52879390c436f9b23145bdcaf182ff464f55f831f74adf10c7e86f45955745e9788b670358900d26f9cd86e3c6c93571486b5e7504047b04a487c885566313ae3eab8bf5ffa610b0a626e363f83fa439d50cbd"}
[2026-05-20 10:58:58] Lead stored successfully (both tables) {"lead_id":"012de882c94b1403b663c0bf0bd1fa7926c320dfd9e9c567394efd1db733a181d0e8aa9f1eb54bfb0a141bdd52f2641652f96b7ecf39726bdcfd8e92b6e54e3181fa6df57f625489273f3cfdafa1cb8542e9ae451a6b648a93410f6e72fe39b0bb576db82cd70ea0731873d4c5381e5b"}
[2026-05-20 11:24:45] Lead stored successfully (both tables) {"lead_id":"012de882c915c00c698786b1a9f24a967933c832f57ce508bbdc085419b82b05c79e741880e586aa1913509ccfd4f7977e7f5a8af2c8c8f99ab97e287a69c20989621e420cc32eadadbe0ec5777aa43c7e6a2ee3a1b479584c578d888e3627ebb38fe85d7e980bb57822bf0f0da386ab"}
[2026-05-20 11:37:10] Lead stored successfully (both tables) {"lead_id":"012de882c929824afa70ef6eae50e65f350e7f730fd3caedb6441540b988bae88fe7bf6fb52f717d12beb4f993e1f67e06c9d91551f663414c8d4a7657d313d1bcdeb1ac2888715d32c971c14a12561c0a04d4c3fd20c4eb7b81d622afa1b6bba49b95beb7e888984f6f584fd1c99fdd"}
[2026-05-20 12:56:04] Lead stored successfully (both tables) {"lead_id":"012de882c91a8ef8bf3edb934e19a35f88fe1260780b2d034fa130bb62aa8e721535cede3cda66bdede4d69d0c27434dd9cf700015060ea0798cf1326ed2411380b4c7c4bcce2a6b752d1215201d07fcea815cb138065e4ad2074f366deb7f8ef8114560909c7564d854ebda9b9b1b38"}
[2026-05-20 13:01:35] Lead stored successfully (both tables) {"lead_id":"012de882c9459c363c776f50fd0a4f69f73b46d59b2d5b4e6d39536454ebcf0b8c41d58268bc01fdf83ecfeb347e6919c6694c2bbdca7801933d5ef86e3aca9f730be0f223d37b18c026ea3310fd0d9476223e13fee1cf264153852d4a95bcb98013470c17f8ce405c384b7e2c58be90"}
[2026-05-20 13:04:23] Lead stored successfully (both tables) {"lead_id":"012de882c9df2961dcc7cbaab5dcc02bebca28cd94368d7b36c45520b3b4be66c923a59befdde23f63c94ac2107bb7873d939cf4e29a0640259850f1901289bef053606f7814cd4f95daa10193409ae43d302f87e3d11ab5b6fa72b72513999c84298410d231fb3f49a1c953ab83187e"}
[2026-05-20 13:13:55] Lead stored successfully (both tables) {"lead_id":"012de882c985511ceeea3049641b0e7588999709b9dd229e808c27311011bdc839c428b6da1f1bb3f0647d3f624a4967980173d94f39185fd2e512805459905af94aa93db3d8cdb7252b0647eaad6e7910a68c7105b85615be7b0b3879c94b2eb28c91d719833c94f7528e09b7ad428c"}
[2026-05-20 13:28:24] Lead stored successfully (both tables) {"lead_id":"012de882c9a3d0cad410b48244ef5cce982e68b2ce82f32c49b4ab2cb459199ee62ad2aaffc42c01547c77e4a1722c52d5f59d94f949e8e409a3267b18f5b5f109ff2750883fce2ad9ba4bbebb0a225de00d61a72d3de28dee4c64cd6fd6314a5c7c6fe1170f0c2bd926199dba268f27"}
[2026-05-20 13:48:06] Lead stored successfully (both tables) {"lead_id":"012de882c906e53a3768049a875887a27c79988e4a3a2467997e4f7dc9eecc7d6421cf7e7d20c5ab912a1af8702b3a9468d6f965c6917569e9c88866c1914e60c48c728af9d196c12106c75ed65469136ee544ec736adde032e085fd7bdec128568268493fd0306465acf8ed7bb10948"}
[2026-05-20 14:18:45] Lead stored successfully (both tables) {"lead_id":"012de882c9ccb559c78f3e0e43844a99e733b9bbbd0489ad49646301028c01d88d29fdad4f580bb907f3ead0bfb8bd7a64f3a9aa94b36bbaadd933bbe0b5b6205a2c18ff4c2d24da1fcb30dda870bc2a46cc69bd30c73c06b55749149bdad663e329bc13c1485f64fce57e1292f88d0f"}
[2026-05-20 14:27:33] Lead stored successfully (both tables) {"lead_id":"012de882c94372581268492ee1d34883df3ddc6c4429248dc1ae58aa54b122a694427e760acce3db505ca6bd243383cb9451dcdff9dd1e6437fd934d90db5295e876360ec32007e563ef94f38ee9183643ee40c0dd6ef875bc39c39ea13a05a28516d8f3065e1dcea2cbb1db63aeda2f"}
[2026-05-20 14:32:27] Lead stored successfully (both tables) {"lead_id":"012de882c9c9b20e6dab5647f534e6c6e0631189f187eaf3d4935f71195a37277e22bf2a5e71a501b57214783708b5a0185adb723b6ece7e63fa75f633face345788ee8d3978d7195136ad991b1d4304ecbb0882a99a827dae4f263dee23f8e9d9dcbe2ae58c0204b8ece4e14244406f"}
[2026-05-20 14:44:46] Lead stored successfully (both tables) {"lead_id":"012de882c9493263676c9600c7e5b17524dc08909a74779d3fa26a7927daa96eb110ae89714e3cc0b35934adbd3d85c8e72eb779f38edb73f7426e824850cd6cc48a9b317dcf3bb45c3a31cb5be889736e71316e9522e8456c7cd3cb21d840f6c48e140d978cda7dbae0eb1018839fd4"}
[2026-05-20 14:47:52] Lead stored successfully (both tables) {"lead_id":"012de882c960bfd24a861bc179c5a080bd73bb1db050b6335f54d5ce9799528e9a2821fb15a6322730ff746ec7945ec1ed2b886192a6c46db843d227e028c751a09d48506406d1fef64e7274b63192f3ad85da9b0f4b6ad48e27a4bba19e6b9462f895807918ad9a917cea20d3a44f28"}
[2026-05-20 15:07:17] Lead stored successfully (both tables) {"lead_id":"012de882c9c564f33bb43c7cdf7a49eed8828b0a78e719e84c3f4d12d37f3829745f58e89e2c2eab0af14d80a5e323a394940ba4ee75ca16d6b409244d9b1ae1b8396a874fa3b950e58f349fbe49d73f5973191817379eb1b3529cb87b08405f729df2285e0fa27d014573854f2986b2"}
[2026-05-20 15:30:35] Lead stored successfully (both tables) {"lead_id":"012de882c9ed0739dd77e4299865f8f59725f922464e8cdf5bc8c1e05330d4ce1aa9fcb7bdc96c33de661dc675b2f73798cacd4ded315cabc95df389c40ae7484fd4bb9874e934a90a00aeb8d26c46cbf0a11e6a88c18cf28dbcbc3dca12308f3d616ca0a9c998ea486421e6e0fe5f45"}
[2026-05-20 16:05:32] Lead stored successfully (both tables) {"lead_id":"012de882c942f93e78cb0593a01f4aa4a065b9d82ad745e9918e69355e9f677d4c0bbc4eba60e082ad0efe254680db2e80a98be16dc202c728cf0fdf12debdbb6a63702d6eeed1c1316dbea3e389da6180e084ac5c1370c58ac909a66806e16eba96c7ac08093f0137ca1a2c7b6028af"}
[2026-05-20 16:06:29] Lead stored successfully (both tables) {"lead_id":"012de882c957862829aa5f10328f8c27737c92d2a47b17e670841fde8e233dd3b6f01da3f67d162a3000877571a1465dedea93c92815456240f2bd0e6e393783bc0d0ce2de88ff0d353bf12ceff3931ce97a85d33fad13c5bbc4679407971fff1aa2265671df8294be392d5db822fbfe"}
[2026-05-20 16:12:03] Lead stored successfully (both tables) {"lead_id":"012de882c9519ff635bc4330f46703109c0460ac2ca29efb968aadd258d7d06855e16f41a532bec54aec88d6b89549ac5326a1c9e87b45fe6950cc56021182f91b743c2d510f10c5f34a5dcfe42236e322c0c1d95b398a908775de4ec323d365a35287ba1a0c410ff3a2b18e81a1720c"}
[2026-05-20 16:13:07] Lead stored successfully (both tables) {"lead_id":"012de882c93fd6af42e622ecbb1c790a23b920a5376d750cbe523d251c83726cd04bc15d36e24b68fc908006f859a48146c8ef3ae3209d0eee3226789ccf0e85e6c78eb1b53cfdb8379aeb23f05709893c322b7e92de5ce8e5a771a8de34f70057974685c62332b8e0337c3c0d5703ef"}
[2026-05-20 16:28:59] Lead stored successfully (both tables) {"lead_id":"012de882c99915dbaa54e5f5e7ffac08cc8767ee0c9e0d0462b17f191a026ebb56e7d0802a1e3490d650671ca493716f490debac9417400dcf75b24eb2fed8fa2652a4ef34231cdc5145d9f52d0e6a35835be42a425a29c61efab4ff422ae1a0636d90fe202ba4d1a2612cc6ad2e34fe9f"}
[2026-05-20 18:07:11] Lead stored successfully (both tables) {"lead_id":"012de882c917b861e4b31339a274b24da345339308016c80e3c498fcbfcc382bf45a3af72b30b32cb557ef4c537132dade27af81e1cdfeae7c210e4e4ddbb1f3ee1b124670d8905edb14d4c0a126fcdefe7cf05ca928ca65599fbc9152be9a7eddf2044628015958a9f1ad1aed18112f"}
